# Blender 5.0.1
# www.blender.org
o mesh_all1_Texture1_0
v 0.986322 1.227201 0.002631
v 0.986322 -0.000265 0.260283
v 0.986322 1.064433 0.282793
v 0.986322 1.082152 -0.296164
v 0.986322 -0.000265 -0.271794
v 0.552702 0.503717 -0.143919
v 0.568443 0.558993 -0.132127
v 0.552702 0.492063 -0.176417
v 0.552702 0.540333 -0.240212
v 0.552702 0.516917 -0.229114
v 0.568443 0.598070 -0.200894
v 0.607652 0.503717 -0.143919
v 0.607652 0.492063 -0.176417
v 0.591911 0.558993 -0.132127
v 0.607652 0.540333 -0.240212
v 0.591911 0.598070 -0.200894
v 0.607652 0.516917 -0.229114
v 0.580178 0.433295 -0.094781
v 0.590700 0.457922 -0.103135
v 0.569654 0.457922 -0.103135
v 0.590700 0.560666 -0.279882
v 0.580178 0.565895 -0.303434
v 0.569654 0.560666 -0.279882
v 0.654862 0.328655 -0.025290
v 0.665031 0.326797 0.074623
v 0.659947 0.284727 0.028966
v 0.475208 0.328655 -0.014881
v 0.479976 0.284727 0.028660
v 0.484742 0.326797 0.063602
v -0.915606 0.014350 0.470705
v -0.929794 0.054102 0.609926
v -0.802952 0.015830 0.423979
v -1.023916 0.014995 0.440769
v -1.188017 -0.005280 1.164269
v -1.045037 -0.003561 1.110727
v -1.097786 0.036227 1.018708
v -0.435463 0.013609 0.526867
v -0.513758 0.015382 0.457971
v -0.461405 0.058722 0.637529
v -0.317363 0.014596 0.498342
v -0.380751 -0.006415 1.254546
v -0.400434 0.024572 1.104338
v -0.532219 -0.004697 1.183105
v -1.275614 0.003306 -1.239745
v -0.548785 0.003306 -0.383964
v -0.548785 0.003306 -1.239744
v 0.197118 0.003306 -1.239744
v 0.197118 0.003306 -0.383964
v 0.989486 0.003306 -1.239744
v -1.275614 0.003306 1.271539
v -0.548786 0.003306 1.271539
v -0.548786 0.003306 0.323905
v 0.989486 0.003306 1.271539
v 0.197118 0.003306 0.323905
v 0.197118 0.003306 1.271539
v 0.707456 1.161542 0.365209
v 0.707456 1.290629 0.360784
v 0.707456 1.202014 0.292843
v 0.707456 1.161638 -0.367640
v 0.707456 1.202955 -0.298434
v 0.707456 1.281348 -0.365474
v 0.782052 0.836018 -0.041344
v 0.765205 0.832548 -0.043959
v 0.770766 0.873294 -0.041062
v 0.778764 0.834278 0.019407
v 0.767426 0.871528 0.020641
v 0.761649 0.830667 0.021742
v 0.800404 0.919299 0.012937
v 0.793912 0.942254 0.012811
v 0.778167 0.909100 0.016816
v 0.802785 0.920559 -0.031083
v 0.781001 0.910599 -0.035553
v 0.796231 0.943480 -0.030027
v 0.833781 0.963513 0.008073
v 0.837068 0.986303 0.009145
v 0.814114 0.969034 0.010163
v 0.835522 0.964434 -0.024109
v 0.816076 0.970072 -0.026102
v 0.838872 0.987257 -0.024195
v 0.894903 0.964352 0.008269
v 0.914676 0.970015 0.010509
v 0.890469 0.987436 0.009297
v 0.896643 0.965272 -0.023882
v 0.892269 0.988389 -0.023961
v 0.916639 0.971054 -0.025772
v 0.928584 0.920382 0.013392
v 0.950445 0.910487 0.017433
v 0.934761 0.943485 0.013298
v 0.930968 0.921644 -0.030684
v 0.937081 0.944713 -0.029575
v 0.953284 0.911990 -0.035025
v 0.950341 0.835467 0.019998
v 0.967177 0.832008 0.022445
v 0.961252 0.873113 0.021322
v 0.953632 0.837207 -0.040804
v 0.964594 0.874882 -0.040453
v 0.970734 0.833891 -0.043309
v 0.892600 0.838371 -0.122258
v 0.832746 0.838332 -0.121013
v 0.945060 0.837470 -0.093419
v 0.897251 0.831389 0.101044
v 0.784935 0.832252 0.073452
v 0.837395 0.831349 0.102291
v 0.642995 0.965310 0.606744
v 0.640346 0.957669 0.601727
v 0.636651 0.948491 0.602877
v 0.647773 0.936104 0.771663
v 0.680658 1.007262 0.753185
v 0.663088 0.948270 0.616230
v 0.704872 1.063235 0.716583
v 0.729550 1.099902 0.633068
v 0.715948 1.077654 0.589284
v 0.718833 1.077002 0.530778
v 0.693130 1.006599 0.471854
v 0.660885 0.925035 0.458112
v 0.641644 0.865930 0.486799
v 0.615968 0.820822 0.522601
v 0.617230 0.787904 0.590008
v 0.604005 0.809716 0.687974
v 0.620733 0.858134 0.749451
v 0.674238 0.788740 -0.471809
v 0.695051 0.772782 -0.482682
v 0.655775 0.859867 -0.619935
v 0.720328 0.772232 -0.492887
v 0.743293 0.787239 -0.499685
v 0.757795 0.813781 -0.501258
v 0.759946 0.844745 -0.497183
v 0.759946 0.844745 -0.497183
v 0.749170 0.871836 -0.488554
v 0.728357 0.887793 -0.477680
v 0.703081 0.888342 -0.467478
v 0.680115 0.873335 -0.460678
v 0.665614 0.846795 -0.459106
v 0.663463 0.815830 -0.463179
v -0.422599 0.262925 -0.995521
v -0.418637 0.249136 -0.936632
v -0.382217 0.262925 -1.025694
v -0.316812 0.249136 -0.956242
v -0.277267 0.249136 -0.575723
v -0.372128 0.249136 -0.564160
v -0.315420 0.258034 -0.526349
v -0.365311 0.258034 -0.531819
v -0.323392 0.262925 -1.019738
v -0.269701 0.258034 -0.542212
v -0.204717 0.275606 -1.004903
v -0.260332 0.275606 -1.015986
v -0.200383 0.256493 -0.963086
v -0.316412 0.256493 -0.952653
v -0.320471 0.275606 -0.994365
v -0.161587 0.256493 -0.603704
v -0.201401 0.268826 -0.526461
v -0.150579 0.268826 -0.548830
v -0.277939 0.256493 -0.578981
v -0.265876 0.268826 -0.525780
v -0.203414 0.262549 -1.013710
v -0.203471 0.248918 -0.983798
v -0.148171 0.262549 -1.034841
v -0.095616 0.248918 -0.972349
v -0.064002 0.248918 -0.620504
v -0.160523 0.248918 -0.591742
v -0.100078 0.257714 -0.568084
v -0.153167 0.257714 -0.559801
v -0.109596 0.262549 -1.012393
v -0.059757 0.257714 -0.592597
v -0.215842 0.279490 -0.687510
v -0.226870 0.274846 -0.684224
v -0.223460 0.274041 -0.696256
v -0.213345 0.281811 -0.699272
v -0.221873 0.279490 -0.707747
v -0.232901 0.274846 -0.704460
v -0.235398 0.272525 -0.692697
v -0.238642 0.315277 -0.680713
v -0.227616 0.319921 -0.684001
v -0.237057 0.320726 -0.692204
v -0.225120 0.322242 -0.695763
v -0.233648 0.319921 -0.704238
v -0.244676 0.315277 -0.700950
v -0.247172 0.312956 -0.689188
v -0.239139 0.281589 -0.720010
v -0.243529 0.273142 -0.725541
v -0.233677 0.276342 -0.727676
v -0.230587 0.286692 -0.723302
v -0.226426 0.283348 -0.732126
v -0.230816 0.274903 -0.737656
v -0.239368 0.269798 -0.734363
v -0.260351 0.297760 -0.740499
v -0.255962 0.306207 -0.734970
v -0.253101 0.304768 -0.744949
v -0.247410 0.311310 -0.738262
v -0.243247 0.307966 -0.747085
v -0.247638 0.299519 -0.752616
v -0.256189 0.294416 -0.749323
v -0.196277 0.312512 -0.854035
v -0.194338 0.312512 -0.872795
v -0.200766 0.249695 -0.863980
v -0.206232 0.312512 -0.887432
v -0.224992 0.312512 -0.889372
v -0.216175 0.249695 -0.882945
v -0.239629 0.312512 -0.877479
v -0.241567 0.312512 -0.858717
v -0.235140 0.249695 -0.867534
v 0.410051 1.000216 0.986748
v 0.353572 1.000216 1.014478
v 0.431902 0.961818 1.083804
v 0.324180 1.000216 1.070109
v 0.333100 1.000216 1.132392
v 0.376925 1.000216 1.177537
v 0.438915 1.000216 1.188301
v 0.495393 1.000216 1.160572
v 0.524786 1.000216 1.104942
v 0.515866 1.000216 1.042657
v 0.472043 1.000216 0.997514
v 0.341107 1.000216 -1.002715
v 0.327533 1.000216 -0.941278
v 0.430582 0.961818 -0.959226
v 0.352661 1.000216 -0.883596
v 0.406896 1.000216 -0.851700
v 0.469521 1.000216 -0.857774
v 0.516614 1.000216 -0.899499
v 0.530190 1.000216 -0.960935
v 0.505062 1.000216 -1.018617
v 0.450826 1.000216 -1.050513
v 0.388201 1.000216 -1.044439
v 0.670378 1.583719 -0.940509
v 0.765544 1.583719 -0.950365
v 0.575211 1.583719 -0.950365
v 0.670378 1.583719 0.940509
v 0.575210 1.583719 0.950365
v 0.765544 1.583719 0.950365
v -0.971198 1.583719 -0.940509
v -0.876032 1.583719 -0.950365
v -1.066366 1.583719 -0.950365
v 0.500889 0.973827 -0.922494
v 0.519288 0.973827 -0.883916
v 0.666645 0.973827 -0.882576
v 0.839854 0.973827 -0.929964
v 0.818485 0.973827 -0.884205
v 0.666645 0.738235 -0.882576
v 0.839854 0.738235 -0.929964
v 0.818485 0.738235 -0.884205
v 0.500889 0.738235 -0.922494
v 0.519288 0.738235 -0.883916
v -1.137880 0.973827 -0.977581
v -1.119481 0.973827 -0.939005
v -0.972123 0.973827 -0.937665
v -0.798915 0.973827 -0.985051
v -0.820283 0.973827 -0.939294
v -0.972123 0.738235 -0.937665
v -0.798915 0.738235 -0.985051
v -0.820283 0.738235 -0.939294
v -1.137880 0.738235 -0.977581
v -1.119481 0.738235 -0.939005
v 0.500385 0.973827 0.922494
v 0.666141 0.973827 0.882577
v 0.518782 0.973827 0.883916
v 0.839348 0.973827 0.929963
v 0.817981 0.973827 0.884205
v 0.666141 0.738235 0.882577
v 0.817981 0.738235 0.884205
v 0.839350 0.738235 0.929963
v 0.500385 0.738235 0.922494
v 0.518782 0.738235 0.883916
v 0.779332 0.713227 -0.754112
v 0.735498 0.678349 -0.754112
v 0.779332 0.678349 -0.754112
v 0.779332 0.713227 -0.797930
v 0.779332 0.678349 -0.797930
v 0.735498 0.678349 -0.797930
v 0.779332 0.713227 -0.442490
v 0.735498 0.678349 -0.442490
v 0.779332 0.678349 -0.442490
v 0.779332 0.713227 -0.486307
v 0.779332 0.678349 -0.486307
v 0.735498 0.678349 -0.486307
v 0.779331 0.710386 0.477199
v 0.735498 0.681611 0.477199
v 0.779331 0.681611 0.477199
v 0.779331 0.710386 0.430162
v 0.779331 0.681611 0.430162
v 0.735498 0.681611 0.430162
v 0.779331 0.710386 0.795093
v 0.735498 0.681611 0.795093
v 0.779331 0.681611 0.795093
v 0.779331 0.710386 0.748070
v 0.779331 0.681611 0.748070
v 0.735498 0.681611 0.748070
v 0.472230 0.376633 0.246605
v 0.456520 0.380240 0.261330
v 0.453118 0.387780 0.282401
v 0.505254 0.404425 0.309283
v 0.520964 0.400818 0.294558
v 0.524365 0.393278 0.273488
v 0.448346 0.383593 -0.225058
v 0.469966 0.387217 -0.225307
v 0.486776 0.394786 -0.238605
v 0.466398 0.411502 -0.293869
v 0.444779 0.407879 -0.293620
v 0.427970 0.400309 -0.280322
v -0.029367 0.290915 0.074239
v -0.017204 0.295183 -0.026459
v -0.178384 0.325672 0.006539
v -0.066607 0.298936 -0.115068
v -0.158704 0.300745 -0.157743
v -0.258317 0.299916 -0.138183
v -0.309419 0.300091 -0.055371
v -0.320114 0.296340 0.033177
v -0.276673 0.293038 0.111094
v -0.195687 0.291448 0.148619
v -0.108094 0.292177 0.131421
v 0.374652 0.131797 -0.758986
v 0.356408 0.102253 -0.750802
v 0.341032 0.134981 -0.747062
v 0.418498 0.236645 -0.602772
v 0.426469 0.244695 -0.635595
v 0.392848 0.247879 -0.623669
v 0.447657 1.158903 1.111720
v 0.436663 1.200549 1.094165
v 0.434448 1.153561 1.088625
v 0.445932 1.158870 1.112713
v 0.432720 1.153526 1.089621
v 0.435054 1.200518 1.095093
v 0.408546 1.110566 -0.963212
v 0.425546 1.143996 -0.957896
v 0.429079 1.105602 -0.956721
v 0.409035 1.110566 -0.964758
v 0.429569 1.105602 -0.958269
v 0.426001 1.143996 -0.959338
v 0.483803 0.454624 0.269743
v 0.483884 0.483126 0.269897
v 0.494745 0.465619 0.289916
v 0.481989 0.454624 0.270728
v 0.492935 0.465619 0.290898
v 0.482077 0.483126 0.270879
v 0.458671 0.437748 -0.251689
v 0.458611 0.458248 -0.251799
v 0.450643 0.445656 -0.266111
v 0.459968 0.437748 -0.252410
v 0.451938 0.445656 -0.266832
v 0.459904 0.458248 -0.252518
v 0.768769 1.227201 0.002631
v 0.768769 1.082152 -0.296164
v 0.986322 1.082152 -0.296164
v 0.986322 1.227201 0.002631
v 0.768769 1.064433 0.282793
v 0.986322 1.064433 0.282793
v 0.768769 -0.000265 0.260283
v 0.986322 -0.000265 0.260283
v 0.768769 -0.000265 -0.271794
v 0.986322 -0.000265 -0.271794
v 0.768770 0.007555 -1.031674
v 0.768769 -0.000265 -0.271794
v 0.768769 1.082152 -0.296164
v 0.768770 1.114213 -1.009159
v 0.768769 1.064433 0.282793
v 0.768769 -0.000265 0.260283
v 0.768769 -0.009904 1.019637
v 0.768769 1.103136 1.004487
v 0.768769 -0.000265 0.260283
v 0.768769 -0.000265 -0.271794
v 0.768769 1.375639 0.793128
v 0.768769 1.473844 0.607611
v 0.768769 1.227201 0.002631
v 0.768769 1.486439 0.004147
v 0.768769 1.477484 -0.614871
v 0.768769 1.408396 -0.762872
v -0.922285 0.004668 -1.143116
v 0.580921 0.001479 -1.143115
v 0.581978 1.398876 -1.143115
v -0.921230 1.402062 -1.143116
v 0.568718 0.423424 -1.059167
v 0.568718 0.544497 -1.059167
v 0.322277 0.540809 -1.059698
v 0.319713 0.455226 -1.064141
v 0.577312 0.544497 -1.170998
v 0.331792 0.540809 -1.183509
v 0.577312 0.423424 -1.170998
v 0.328558 0.455226 -1.179221
v -0.125803 0.514363 -1.190725
v -0.136157 0.514363 -1.055990
v -0.129902 0.427227 -1.058335
v -0.119935 0.427227 -1.188058
v -0.618422 0.541012 -1.050990
v -0.606936 0.541012 -1.200457
v -0.864382 0.554385 -1.195615
v -0.877530 0.554385 -1.045802
v -0.600277 0.451780 -1.050506
v -0.877530 0.418852 -1.045802
v -0.864382 0.418852 -1.195615
v -0.588792 0.451780 -1.199974
v -0.814656 1.464644 -1.025244
v -0.504506 1.429801 -1.025244
v -0.504506 1.429801 -1.180166
v -0.814656 1.464644 -1.180166
v -0.814656 1.321195 -1.025244
v -0.814656 1.321195 -1.180166
v -0.504506 1.286351 -1.180166
v -0.504506 1.286351 -1.025244
v -0.814656 1.321195 -1.025244
v -0.504506 1.286351 -1.025244
v -0.099899 1.464644 -1.025244
v -0.099899 1.464644 -1.180166
v -0.099899 1.321195 -1.180166
v -0.099899 1.321195 -1.025244
v -0.099899 1.321195 -1.025244
v 0.270365 1.438511 -1.025244
v 0.270365 1.438511 -1.180166
v 0.270365 1.295062 -1.180166
v 0.270365 1.295062 -1.025244
v 0.270365 1.295062 -1.025244
v 0.516638 1.464644 -1.025244
v 0.516638 1.464644 -1.180166
v 0.516638 1.321195 -1.180166
v 0.516638 1.321195 -1.025244
v 0.516638 1.321195 -1.025244
v 0.597038 0.664506 -0.099660
v 0.590926 0.629185 -0.126199
v 0.600946 0.638958 -0.142459
v 0.613169 0.677787 -0.126838
v 0.613169 0.677787 -0.126838
v 0.600946 0.638958 -0.142459
v 0.590926 0.648731 -0.158717
v 0.597038 0.691069 -0.154018
v 0.570885 0.648731 -0.158717
v 0.564774 0.691069 -0.154018
v 0.560864 0.638958 -0.142459
v 0.548641 0.677787 -0.126838
v 0.570885 0.629185 -0.126199
v 0.564774 0.664506 -0.099660
v 0.613169 0.677787 -0.126838
v 0.597038 0.691069 -0.154018
v 0.564774 0.691069 -0.154018
v 0.548641 0.677787 -0.126838
v 0.564774 0.664506 -0.099660
v 0.597038 0.664506 -0.099660
v 0.580178 0.412274 -0.146236
v 0.569654 0.442624 -0.141974
v 0.569654 0.432519 -0.189171
v 0.580178 0.403784 -0.199530
v 0.580178 0.446880 -0.273319
v 0.569654 0.475791 -0.255071
v 0.569654 0.519730 -0.274101
v 0.580178 0.505246 -0.297923
v 0.569654 0.452629 -0.225307
v 0.580178 0.420075 -0.241321
v 0.552702 0.498937 -0.202524
v 0.568443 0.577893 -0.166068
v 0.558780 0.473071 -0.126541
v 0.558780 0.553227 -0.246378
v 0.590700 0.432519 -0.189171
v 0.590700 0.442624 -0.141974
v 0.590700 0.519730 -0.274101
v 0.590700 0.475791 -0.255071
v 0.590700 0.452629 -0.225307
v 0.607652 0.498937 -0.202524
v 0.591911 0.577893 -0.166068
v 0.590700 0.457922 -0.103135
v 0.590700 0.560666 -0.279882
v 0.601574 0.473071 -0.126541
v 0.601574 0.553227 -0.246378
v 0.607652 0.503717 -0.143919
v 0.591911 0.558993 -0.132127
v 0.591911 0.598070 -0.200894
v 0.607652 0.540333 -0.240212
v 0.601574 0.473071 -0.126541
v 0.601574 0.553227 -0.246378
v 0.615078 0.434094 0.263283
v 0.615078 0.482094 0.270718
v 0.604938 0.471536 0.286854
v 0.604938 0.437569 0.281593
v 0.580398 0.410095 0.259566
v 0.580398 0.420587 0.278962
v 0.545718 0.434094 0.263283
v 0.555857 0.437569 0.281593
v 0.545718 0.482094 0.270718
v 0.555857 0.471536 0.286854
v 0.580398 0.506095 0.274435
v 0.580398 0.488518 0.289485
v 0.580398 0.506095 0.274435
v 0.580398 0.488518 0.289485
v 0.555857 0.437569 0.281593
v 0.580398 0.420587 0.278962
v 0.580398 0.488518 0.289485
v 0.555857 0.471536 0.286854
v 0.604938 0.471536 0.286854
v 0.604938 0.437569 0.281593
v 0.580398 0.682979 -0.219109
v 0.552977 0.665344 -0.225467
v 0.564495 0.641212 -0.200307
v 0.580398 0.652213 -0.198581
v 0.552977 0.630072 -0.238180
v 0.564495 0.619209 -0.203763
v 0.580398 0.612438 -0.244537
v 0.580398 0.608211 -0.205489
v 0.580398 0.612438 -0.244537
v 0.607819 0.630072 -0.238180
v 0.596300 0.619211 -0.203763
v 0.580398 0.608211 -0.205489
v 0.607819 0.665344 -0.225467
v 0.596300 0.641212 -0.200307
v 0.580398 0.652643 -0.139106
v 0.539585 0.636221 -0.145157
v 0.554324 0.590346 -0.101703
v 0.580398 0.605025 -0.092176
v 0.539585 0.572539 -0.172354
v 0.554324 0.560988 -0.120757
v 0.580398 0.556117 -0.178406
v 0.580398 0.546310 -0.130284
v 0.580398 0.556117 -0.178406
v 0.621212 0.572539 -0.172354
v 0.606474 0.560988 -0.120757
v 0.580398 0.546310 -0.130284
v 0.621212 0.636221 -0.145157
v 0.606474 0.590346 -0.101703
v 0.580398 0.652643 -0.139106
v 0.580398 0.605025 -0.092176
v 0.580398 0.533342 0.040323
v 0.559913 0.519166 0.038127
v 0.562630 0.508132 0.090594
v 0.580398 0.520429 0.092499
v 0.559913 0.490813 0.033736
v 0.562630 0.483539 0.086784
v 0.580398 0.476637 0.031540
v 0.580398 0.471242 0.084881
v 0.580398 0.476637 0.031540
v 0.600884 0.490813 0.033736
v 0.598168 0.483539 0.086784
v 0.580398 0.471242 0.084881
v 0.600884 0.519166 0.038127
v 0.598168 0.508132 0.090594
v 0.559444 0.466412 0.159479
v 0.546069 0.442801 0.228639
v 0.546134 0.490378 0.235460
v 0.559492 0.495459 0.163578
v 0.580398 0.451850 0.157428
v 0.580398 0.418962 0.225226
v 0.580398 0.451850 0.157428
v 0.601352 0.466412 0.159479
v 0.614729 0.442803 0.228639
v 0.580398 0.418962 0.225226
v 0.601305 0.495459 0.163578
v 0.614663 0.490378 0.235460
v 0.580398 0.509921 0.165624
v 0.580398 0.514081 0.238863
v 0.564495 0.584619 -0.105420
v 0.564495 0.566715 -0.117040
v 0.561789 0.525751 -0.066736
v 0.561789 0.548950 -0.056241
v 0.580398 0.557762 -0.122851
v 0.580398 0.514150 -0.071982
v 0.580398 0.557762 -0.122851
v 0.596300 0.566715 -0.117040
v 0.599007 0.525751 -0.066736
v 0.580398 0.514150 -0.071982
v 0.596300 0.584619 -0.105420
v 0.599007 0.548950 -0.056241
v 0.580398 0.593572 -0.099610
v 0.580398 0.560551 -0.050995
v 0.564495 0.584619 -0.105420
v 0.580398 0.593572 -0.099610
v 0.554324 0.648248 -0.199203
v 0.564495 0.641212 -0.200307
v 0.564495 0.619209 -0.203763
v 0.554324 0.612174 -0.204867
v 0.564495 0.566715 -0.117040
v 0.580398 0.608211 -0.205489
v 0.580398 0.594137 -0.207699
v 0.580398 0.557762 -0.122851
v 0.580398 0.594137 -0.207699
v 0.580398 0.608211 -0.205489
v 0.596300 0.619211 -0.203763
v 0.606474 0.612174 -0.204867
v 0.596300 0.566715 -0.117040
v 0.580398 0.557762 -0.122851
v 0.596300 0.641212 -0.200307
v 0.606474 0.648248 -0.199203
v 0.596300 0.584619 -0.105420
v 0.580398 0.652213 -0.198581
v 0.580398 0.666286 -0.196370
v 0.580398 0.593572 -0.099610
v 0.580398 0.666286 -0.196370
v 0.580398 0.652213 -0.198581
v 0.550216 0.641738 -0.258651
v 0.550216 0.679367 -0.241631
v 0.580398 0.622925 -0.267162
v 0.610580 0.641738 -0.258651
v 0.580398 0.622925 -0.267162
v 0.610580 0.679367 -0.241631
v 0.580398 0.698182 -0.233122
v 0.557076 0.482007 0.238213
v 0.557076 0.449727 0.233213
v 0.580398 0.433587 0.230713
v 0.603719 0.449727 0.233213
v 0.603719 0.482007 0.238213
v 0.580398 0.498145 0.240713
v 0.580398 0.498145 0.240713
v 0.555369 0.512235 0.095812
v 0.562630 0.508132 0.090594
v 0.562630 0.483539 0.086784
v 0.555300 0.477433 0.091003
v 0.557076 0.449727 0.233213
v 0.557076 0.482007 0.238213
v 0.580398 0.471242 0.084881
v 0.580398 0.459974 0.088596
v 0.580398 0.433587 0.230713
v 0.580398 0.459974 0.088596
v 0.580398 0.471242 0.084881
v 0.598168 0.483539 0.086784
v 0.605497 0.477433 0.091003
v 0.603719 0.449727 0.233213
v 0.580398 0.433587 0.230713
v 0.598168 0.508132 0.090594
v 0.605427 0.512235 0.095812
v 0.603719 0.482007 0.238213
v 0.580398 0.520429 0.092499
v 0.580398 0.529547 0.098211
v 0.580398 0.498145 0.240713
v 0.564559 0.527058 -0.005335
v 0.564559 0.506117 -0.011234
v 0.580398 0.495648 -0.014183
v 0.580398 0.495648 -0.014183
v 0.596238 0.506117 -0.011234
v 0.596238 0.527058 -0.005335
v 0.580398 0.537527 -0.002386
v 0.580398 0.622925 -0.267162
v 0.550216 0.641738 -0.258651
v 0.550216 0.679367 -0.241631
v 0.580398 0.698182 -0.233122
v 0.610580 0.679367 -0.241631
v 0.610580 0.641738 -0.258651
v 0.483212 0.283885 -0.142426
v 0.483212 0.343301 -0.142426
v 0.665031 0.343301 -0.142426
v 0.665031 0.283885 -0.142426
v 0.665031 0.342459 0.152810
v 0.665031 0.283042 0.152810
v 0.483212 0.283042 0.152810
v 0.483212 0.342459 0.152810
v 0.471138 0.273126 -0.213562
v 0.469400 0.273126 -0.132019
v 0.469400 0.355742 -0.132019
v 0.471138 0.370610 -0.213562
v 0.559657 0.355742 -0.141816
v 0.559657 0.370610 -0.208051
v 0.678265 0.370610 -0.215398
v 0.679424 0.355742 -0.125896
v 0.679424 0.273126 -0.125896
v 0.678265 0.273126 -0.215398
v 0.469400 0.273126 -0.132019
v 0.559657 0.273126 -0.141816
v 0.559657 0.273126 -0.208051
v 0.471138 0.273126 -0.213562
v 0.678265 0.273126 -0.215398
v 0.679424 0.273126 -0.125896
v 0.468821 0.273126 0.144730
v 0.471718 0.273126 0.218925
v 0.471718 0.366274 0.218388
v 0.468821 0.355742 0.144730
v 0.573237 0.366274 0.206141
v 0.569181 0.355742 0.152691
v 0.676525 0.355742 0.146567
v 0.683480 0.366274 0.214714
v 0.683480 0.273126 0.215252
v 0.676525 0.273126 0.146567
v 0.471718 0.273126 0.218925
v 0.573237 0.273126 0.206679
v 0.569181 0.273126 0.152691
v 0.468821 0.273126 0.144730
v 0.676525 0.273126 0.146567
v 0.683480 0.273126 0.215252
v 0.553423 0.329190 -0.088666
v 0.553423 0.325382 -0.036576
v 0.561076 0.396158 -0.052709
v 0.561076 0.397759 -0.078087
v 0.606699 0.325382 -0.036576
v 0.599046 0.396158 -0.052709
v 0.606699 0.329190 -0.088666
v 0.599046 0.397759 -0.078087
v 0.561115 0.477196 -0.043100
v 0.561115 0.477196 -0.083756
v 0.599008 0.477196 -0.083756
v 0.599008 0.477196 -0.043100
v 0.555304 0.464560 -0.093510
v 0.555304 0.472808 -0.033199
v 0.555304 0.496876 -0.023275
v 0.555304 0.519075 -0.090697
v 0.600042 0.496876 -0.023275
v 0.600042 0.519075 -0.090697
v 0.600042 0.464560 -0.093510
v 0.600042 0.472808 -0.033199
v 0.600042 0.472808 -0.033199
v 0.600042 0.496876 -0.023275
v 0.600042 0.464560 -0.093510
v 0.600042 0.519075 -0.090697
v 0.555304 0.421008 0.076657
v 0.555304 0.424791 0.151979
v 0.555304 0.451051 0.149773
v 0.555304 0.462392 0.079791
v 0.600042 0.451051 0.149773
v 0.600042 0.462392 0.079791
v 0.600042 0.421008 0.076657
v 0.600042 0.424793 0.151979
v 0.600042 0.424793 0.151979
v 0.600042 0.451051 0.149773
v 0.600042 0.421008 0.076657
v 0.600042 0.462392 0.079791
v 0.553423 0.327216 0.083309
v 0.553423 0.334022 0.132478
v 0.561076 0.384432 0.130282
v 0.561076 0.385397 0.101462
v 0.606699 0.334022 0.132478
v 0.599046 0.384432 0.130282
v 0.561115 0.428446 0.138157
v 0.561115 0.432490 0.083386
v 0.599008 0.428446 0.138157
v 0.599008 0.432490 0.083386
v 0.599046 0.385397 0.101462
v 0.606699 0.327216 0.083309
v 0.702590 0.602676 0.230121
v 0.702590 0.590664 0.318936
v 0.718398 0.669682 0.308609
v 0.718398 0.671078 0.234719
v 0.703682 0.756830 0.215983
v 0.703682 0.769478 0.326443
v 0.791539 0.751641 0.326443
v 0.791539 0.738995 0.215983
v 0.791505 0.614567 0.230121
v 0.791505 0.602554 0.318936
v 0.702590 0.590664 0.318936
v 0.791505 0.602554 0.318936
v 0.791613 0.673248 0.308609
v 0.718398 0.669682 0.308609
v 0.791505 0.614567 0.230121
v 0.702590 0.602676 0.230121
v 0.718398 0.671078 0.234719
v 0.791613 0.674645 0.234719
v 0.703682 0.756830 0.215983
v 0.791539 0.738995 0.215983
v 0.791539 0.751641 0.326443
v 0.703682 0.769478 0.326443
v 0.720145 0.268221 -0.322966
v 0.720145 0.267535 -0.248445
v 0.720145 0.700464 -0.258434
v 0.720145 0.697152 -0.315961
v 0.770387 0.267535 -0.248445
v 0.770387 0.700464 -0.258434
v 0.770387 0.268221 -0.322966
v 0.770387 0.697152 -0.315961
v 0.720145 1.072686 -0.248127
v 0.720145 1.065063 -0.319123
v 0.770387 1.065063 -0.319123
v 0.770387 1.072686 -0.248127
v 0.723400 0.272552 0.304008
v 0.723400 0.685092 0.294297
v 0.723400 0.688866 0.247616
v 0.723400 0.271866 0.228939
v 0.773642 0.688866 0.247616
v 0.773642 0.271866 0.228939
v 0.773642 0.272552 0.304008
v 0.773642 0.685092 0.294297
v 0.723400 1.065063 0.310673
v 0.723400 1.072686 0.239676
v 0.773642 1.065063 0.310673
v 0.773642 1.072686 0.239676
v 0.784352 0.642347 -0.283179
v 0.784352 0.662391 0.273353
v 0.784352 0.715312 0.274705
v 0.784352 0.724133 -0.288382
v 0.988898 0.715312 0.274705
v 0.988898 0.724133 -0.288382
v 0.988898 0.642347 -0.283179
v 0.988898 0.662391 0.273354
v 0.702591 0.602475 -0.251428
v 0.718399 0.670877 -0.256025
v 0.718399 0.669479 -0.329914
v 0.702591 0.590461 -0.340242
v 0.703682 0.756629 -0.237289
v 0.791539 0.738792 -0.237289
v 0.791539 0.751440 -0.347749
v 0.703682 0.769277 -0.347749
v 0.791505 0.614366 -0.251428
v 0.791505 0.602353 -0.340242
v 0.702591 0.590461 -0.340242
v 0.718399 0.669479 -0.329914
v 0.791613 0.673046 -0.329914
v 0.791505 0.602353 -0.340242
v 0.791505 0.614366 -0.251428
v 0.791613 0.674443 -0.256025
v 0.718399 0.670877 -0.256025
v 0.702591 0.602475 -0.251428
v 0.791539 0.738792 -0.237289
v 0.703682 0.756629 -0.237289
v 0.703682 0.769277 -0.347749
v 0.791539 0.751440 -0.347749
v -1.012228 0.010579 0.601166
v -1.085755 0.014137 0.468002
v -1.086502 0.014742 0.768544
v -0.999137 0.046102 0.779027
v -1.085879 0.002584 0.885965
v -0.988599 0.041423 0.902798
v -1.247200 -0.004307 1.125481
v -1.178230 -0.001068 1.012465
v -0.793664 -0.005755 1.205456
v -0.759655 0.044326 1.127546
v -0.736100 0.050587 0.978368
v -0.714012 0.064595 0.840548
v -0.681845 0.074380 0.636133
v -0.648843 0.016351 0.414629
v -0.378239 0.010275 0.650952
v -0.264861 0.013370 0.545874
v -0.345101 0.004544 0.861889
v -0.418698 0.036425 0.849494
v -0.372438 0.001470 0.969792
v -0.471515 0.032842 0.964331
v -0.310530 -0.005275 1.217619
v -0.323236 -0.002531 1.117560
v -0.759655 0.044326 1.127546
v -0.793664 -0.005755 1.205456
v -0.714012 0.064595 0.840548
v -0.736100 0.050587 0.978368
v -0.681845 0.074380 0.636133
v -0.648843 0.016351 0.414629
v 0.197118 -0.185084 1.271539
v 0.989486 -0.185084 1.271539
v -0.548786 -0.185084 1.271539
v -1.275614 -0.185086 1.271539
v 0.989486 -0.185084 -1.239744
v 0.197118 -0.185084 -1.239744
v -0.548785 -0.185084 -1.239744
v -1.275614 -0.185086 -1.239745
v 0.989486 -0.185084 -1.239744
v 0.989486 -0.185084 1.271539
v -1.275614 -0.185086 -1.239745
v -1.275614 -0.185086 1.271539
v 0.769653 1.142775 0.441355
v 0.717704 1.142775 0.441355
v 0.717704 1.131582 0.430915
v 0.769653 1.131582 0.430915
v 0.717704 1.248422 0.425573
v 0.717704 1.190924 0.371949
v 0.717704 1.131582 0.430915
v 0.769653 1.131582 0.430915
v 0.769653 1.190924 0.371949
v 0.769653 1.248422 0.425573
v 0.769653 1.128210 -0.437344
v 0.769653 1.117017 -0.426904
v 0.717704 1.117017 -0.426904
v 0.717704 1.128210 -0.437344
v 0.717704 1.117017 -0.426904
v 0.717704 1.176360 -0.367938
v 0.717704 1.233857 -0.421562
v 0.769653 1.117017 -0.426904
v 0.769653 1.176360 -0.367938
v 0.769653 1.233857 -0.421562
v 0.707456 1.056966 0.347710
v 0.707456 1.152936 0.289706
v 0.707456 1.121037 0.208913
v 0.707456 1.053280 0.212273
v 0.707456 1.248775 0.438426
v 0.707456 1.284505 0.430608
v 0.707456 1.332928 0.315929
v 0.707456 1.254612 0.232915
v 0.707456 1.046490 -0.345342
v 0.707456 1.060460 -0.211536
v 0.707456 1.136836 -0.209356
v 0.707456 1.152054 -0.293948
v 0.707456 1.267729 -0.424825
v 0.707456 1.229722 -0.431036
v 0.707456 1.235821 -0.240809
v 0.707456 1.328818 -0.286286
v 0.707456 1.297010 0.000655
v 0.707456 1.181664 -0.000918
v 0.771259 1.152936 0.289706
v 0.771259 1.121037 0.208913
v 0.707456 1.121037 0.208913
v 0.707456 1.152936 0.289706
v 0.771259 1.053280 0.212273
v 0.771259 1.056966 0.347710
v 0.707456 1.056966 0.347710
v 0.707456 1.053280 0.212273
v 0.771259 1.202014 0.292843
v 0.707456 1.202014 0.292843
v 0.771259 1.161542 0.365209
v 0.707456 1.161542 0.365209
v 0.771259 1.248775 0.438426
v 0.707456 1.248775 0.438426
v 0.771259 1.248775 0.438426
v 0.771259 1.284505 0.430608
v 0.707456 1.284505 0.430608
v 0.707456 1.248775 0.438426
v 0.771259 1.290629 0.360784
v 0.707456 1.290629 0.360784
v 0.771259 1.332928 0.315929
v 0.707456 1.332928 0.315929
v 0.771259 1.254612 0.232915
v 0.707456 1.254612 0.232915
v 0.771259 1.297010 0.000655
v 0.707456 1.297010 0.000655
v 0.771259 1.181664 -0.000918
v 0.707456 1.181664 -0.000918
v 0.771259 1.046490 -0.345342
v 0.771259 1.060460 -0.211536
v 0.707456 1.060460 -0.211536
v 0.707456 1.046490 -0.345342
v 0.771259 1.136836 -0.209356
v 0.771259 1.152054 -0.293948
v 0.707456 1.152054 -0.293948
v 0.707456 1.136836 -0.209356
v 0.771259 1.161638 -0.367640
v 0.707456 1.161638 -0.367640
v 0.771259 1.202955 -0.298434
v 0.707456 1.202955 -0.298434
v 0.771259 1.281348 -0.365474
v 0.771259 1.267729 -0.424825
v 0.707456 1.267729 -0.424825
v 0.707456 1.281348 -0.365474
v 0.771259 1.229722 -0.431036
v 0.707456 1.229722 -0.431036
v 0.771259 1.229722 -0.431036
v 0.707456 1.229722 -0.431036
v 0.771259 1.235821 -0.240809
v 0.707456 1.235821 -0.240809
v 0.771259 1.328818 -0.286286
v 0.707456 1.328818 -0.286286
v 0.733486 0.677512 -0.037733
v 0.730897 0.660327 -0.010304
v 0.747471 0.751388 -0.008518
v 0.746937 0.752470 -0.046208
v 0.734273 0.675921 0.017768
v 0.748006 0.750310 0.029173
v 0.756737 0.673279 -0.038074
v 0.754148 0.656093 -0.010645
v 0.757526 0.671688 0.017428
v 0.757526 0.671688 0.017428
v 0.771257 0.746075 0.028832
v 0.756737 0.673279 -0.038074
v 0.770188 0.748235 -0.046549
v 0.858036 0.978504 0.004752
v 0.852512 0.978568 0.000222
v 0.828091 0.956591 0.018535
v 0.842942 0.956353 0.033127
v 0.849920 0.978712 -0.005959
v 0.821793 0.957093 -0.001989
v 0.850854 0.978901 -0.012376
v 0.825490 0.957744 -0.023746
v 0.855099 0.979095 -0.017556
v 0.838334 0.958398 -0.041750
v 0.861681 0.979248 -0.020316
v 0.857383 0.958900 -0.051875
v 0.869095 0.979326 -0.020020
v 0.878273 0.959139 -0.051805
v 0.875642 0.979310 -0.016738
v 0.896218 0.959060 -0.041552
v 0.879820 0.979204 -0.011222
v 0.907110 0.958678 -0.023469
v 0.880675 0.979032 -0.004735
v 0.908450 0.958085 -0.001695
v 0.880675 0.979032 -0.004735
v 0.878008 0.978834 0.001236
v 0.899934 0.957412 0.018779
v 0.908450 0.958085 -0.001695
v 0.872432 0.978655 0.005325
v 0.883510 0.956818 0.033265
v 0.865225 0.978537 0.006594
v 0.862941 0.956436 0.038442
v 0.812383 0.931811 0.029068
v 0.833573 0.931472 0.049890
v 0.803396 0.932528 -0.000218
v 0.808669 0.933458 -0.031263
v 0.826996 0.934390 -0.056952
v 0.854178 0.935107 -0.071400
v 0.883986 0.935449 -0.071299
v 0.909595 0.935334 -0.056672
v 0.925135 0.934791 -0.030868
v 0.927046 0.933943 0.000201
v 0.914894 0.932984 0.029417
v 0.927046 0.933943 0.000201
v 0.891459 0.932134 0.050086
v 0.862111 0.931589 0.057475
v 0.799835 0.900085 0.037302
v 0.826133 0.899665 0.063143
v 0.788680 0.900976 0.000954
v 0.795225 0.902129 -0.037573
v 0.817971 0.903285 -0.069456
v 0.851705 0.904177 -0.087387
v 0.888699 0.904600 -0.087262
v 0.920482 0.904457 -0.069107
v 0.939768 0.903783 -0.037082
v 0.942143 0.902731 0.001475
v 0.927059 0.901541 0.037735
v 0.942143 0.902731 0.001475
v 0.897974 0.900487 0.063387
v 0.861550 0.899810 0.072556
v 0.791169 0.864143 0.042778
v 0.821047 0.863665 0.072137
v 0.778496 0.865152 0.001482
v 0.785932 0.866464 -0.042291
v 0.811773 0.867778 -0.078513
v 0.850099 0.868791 -0.098886
v 0.892131 0.869270 -0.098744
v 0.928240 0.869110 -0.078118
v 0.950151 0.868344 -0.041733
v 0.952847 0.867147 0.002074
v 0.935712 0.865795 0.043268
v 0.952847 0.867147 0.002074
v 0.902667 0.864599 0.072413
v 0.861287 0.863830 0.082831
v 0.786824 0.833019 0.045325
v 0.818547 0.832512 0.076495
v 0.773370 0.834092 0.001480
v 0.781264 0.835485 -0.044993
v 0.808700 0.836877 -0.083450
v 0.849391 0.837952 -0.105080
v 0.894017 0.838463 -0.104928
v 0.932353 0.838292 -0.083030
v 0.955617 0.837479 -0.044401
v 0.958480 0.836208 0.002110
v 0.940286 0.834774 0.045846
v 0.958480 0.836208 0.002110
v 0.905204 0.833502 0.076789
v 0.861268 0.832687 0.087850
v 0.863405 0.993112 0.008927
v 0.865161 0.994040 -0.023518
v 0.863820 0.975891 0.007344
v 0.865445 0.976750 -0.022658
v 0.905613 0.734334 0.127562
v 0.970101 0.735554 0.088531
v 0.948465 0.832357 0.070049
v 0.897251 0.831389 0.101044
v 1.006428 0.737619 0.022498
v 0.977314 0.833997 0.017608
v 1.004860 0.739975 -0.052847
v 0.976068 0.835868 -0.042224
v 0.965815 0.741992 -0.117313
v 0.945060 0.837470 -0.093419
v 0.965815 0.741992 -0.117313
v 0.899757 0.743127 -0.153626
v 0.892600 0.838371 -0.122258
v 0.945060 0.837470 -0.093419
v 0.824384 0.743078 -0.152058
v 0.832746 0.838332 -0.121013
v 0.759896 0.741858 -0.113027
v 0.781532 0.837364 -0.090016
v 0.723569 0.739793 -0.046994
v 0.752683 0.835724 -0.037577
v 0.725137 0.737437 0.028351
v 0.753929 0.833853 0.022257
v 0.764182 0.735420 0.092817
v 0.784935 0.832252 0.073452
v 0.830240 0.734286 0.129130
v 0.837395 0.831349 0.102291
v 0.752683 0.835724 -0.037577
v 0.753929 0.833853 0.022257
v 0.948465 0.832357 0.070049
v 0.977314 0.833997 0.017608
v 0.976068 0.835868 -0.042224
v 0.781532 0.837364 -0.090016
v 0.672041 0.969065 0.640236
v 0.652304 0.970939 0.636453
v 0.644252 0.952203 0.645975
v 0.661769 0.945165 0.652383
v 0.678055 0.979914 0.615699
v 0.657020 0.979445 0.617217
v 0.677001 0.972634 0.590253
v 0.656191 0.973738 0.597270
v 0.669369 0.950633 0.575807
v 0.650208 0.956491 0.585945
v 0.658729 0.924206 0.579119
v 0.641869 0.935772 0.588541
v 0.650063 0.905716 0.598637
v 0.635076 0.921278 0.603843
v 0.647426 0.903818 0.625232
v 0.633007 0.919789 0.624691
v 0.652048 0.919397 0.646458
v 0.636630 0.932003 0.641331
v 0.641272 0.964070 0.624103
v 0.637706 0.955769 0.628322
v 0.643361 0.967837 0.615582
v 0.633640 0.942069 0.609657
v 0.632724 0.941408 0.618893
v 0.634329 0.946819 0.626264
v 0.664692 0.922944 0.797739
v 0.701567 1.003973 0.778945
v 0.658698 1.027278 0.782071
v 0.621821 0.946250 0.800865
v 0.732621 1.075757 0.732002
v 0.689750 1.099063 0.735128
v 0.752296 1.135119 0.636582
v 0.707071 1.140352 0.628941
v 0.757022 1.107734 0.580410
v 0.709528 1.121943 0.576696
v 0.739220 1.121427 0.506828
v 0.706669 1.116842 0.519726
v 0.719059 1.008511 0.433065
v 0.667622 1.035928 0.442599
v 0.677704 0.905114 0.426206
v 0.634833 0.928420 0.429330
v 0.638310 0.829931 0.463116
v 0.602573 0.864886 0.474496
v 0.628231 0.790894 0.502285
v 0.585360 0.814200 0.505409
v 0.622636 0.742337 0.581937
v 0.579765 0.765643 0.585063
v 0.609773 0.768061 0.706691
v 0.566902 0.791367 0.709817
v 0.632106 0.830614 0.770154
v 0.589237 0.853920 0.773279
v 0.657037 1.020103 0.754908
v 0.624152 0.948946 0.773384
v 0.681249 1.076077 0.718306
v 0.704631 1.102786 0.628857
v 0.692326 1.090496 0.591005
v 0.695211 1.089844 0.532501
v 0.677709 1.019221 0.475829
v 0.637263 0.937877 0.459835
v 0.621952 0.885190 0.493069
v 0.592348 0.833664 0.524324
v 0.593610 0.800746 0.591730
v 0.580384 0.822558 0.689697
v 0.597110 0.870976 0.751172
v 0.542142 0.630526 0.998994
v 0.552466 0.856107 0.998994
v 0.552480 0.856129 0.921412
v 0.542142 0.630526 0.913242
v 0.575396 1.045912 0.985720
v 0.575396 1.045912 0.917475
v 0.499334 1.254024 0.936072
v 0.499334 1.202836 0.871583
v 0.419976 1.418659 0.828788
v 0.417573 1.348390 0.768439
v 0.419976 1.418659 0.828788
v 0.303657 1.548845 0.641689
v 0.303657 1.458196 0.617686
v 0.417573 1.348390 0.768439
v 0.787732 0.630526 0.998994
v 0.542142 0.630526 0.998994
v 0.542142 0.630526 0.913242
v 0.787732 0.630526 0.913242
v 0.552480 0.856129 0.921412
v 0.787686 0.856129 0.921412
v 0.787686 0.856107 0.998994
v 0.787732 0.630526 0.998994
v 0.575396 1.045912 0.917475
v 0.787665 1.045912 0.917475
v 0.787665 1.045912 0.985720
v 0.499334 1.202836 0.871583
v 0.787665 1.202836 0.871583
v 0.787665 1.254024 0.936072
v 0.417573 1.348390 0.768439
v 0.787691 1.348390 0.768439
v 0.787684 1.418659 0.828788
v 0.787691 1.348390 0.768439
v 0.787827 1.458196 0.617686
v 0.787827 1.548845 0.641689
v 0.787684 1.418659 0.828788
v 0.787827 1.548845 0.641689
v 0.787827 1.590220 0.000000
v 0.303657 1.582168 0.000000
v 0.303657 1.548845 0.641689
v 0.303657 1.497114 0.000000
v 0.303657 1.458196 0.617686
v 0.303657 1.458196 0.617686
v 0.303657 1.497114 0.000000
v 0.787827 1.472660 0.000000
v 0.787827 1.458196 0.617686
v 0.542142 0.630526 -0.998994
v 0.542142 0.630526 -0.913242
v 0.552480 0.856129 -0.921412
v 0.552467 0.856107 -0.998994
v 0.575396 1.045912 -0.917475
v 0.575396 1.045912 -0.985720
v 0.499335 1.202836 -0.871583
v 0.499335 1.254024 -0.936071
v 0.410878 1.360979 -0.749555
v 0.419834 1.431250 -0.809904
v 0.419834 1.431250 -0.809904
v 0.410878 1.360979 -0.749555
v 0.303657 1.458196 -0.617686
v 0.303657 1.548845 -0.641688
v 0.787732 0.630526 -0.998994
v 0.787732 0.630526 -0.913242
v 0.542142 0.630526 -0.913242
v 0.542142 0.630526 -0.998994
v 0.787686 0.856129 -0.921412
v 0.552480 0.856129 -0.921412
v 0.787686 0.856107 -0.998994
v 0.787732 0.630526 -0.998994
v 0.787665 1.045912 -0.917475
v 0.575396 1.045912 -0.917475
v 0.787665 1.045912 -0.985720
v 0.787665 1.202836 -0.871583
v 0.499335 1.202836 -0.871583
v 0.787665 1.254024 -0.936071
v 0.787691 1.360979 -0.749555
v 0.410878 1.360979 -0.749555
v 0.787684 1.431250 -0.809904
v 0.787691 1.360979 -0.749555
v 0.787827 1.458196 -0.617686
v 0.787827 1.548845 -0.641688
v 0.787684 1.431250 -0.809904
v 0.787827 1.548845 -0.641688
v 0.303657 1.548845 -0.641688
v 0.303657 1.458196 -0.617686
v 0.303657 1.497114 0.000000
v 0.303657 1.458196 -0.617686
v 0.787827 1.458196 -0.617686
v -0.858605 -0.005769 -0.616352
v -0.804955 -0.005769 -0.738546
v -0.747459 0.176491 -0.744891
v -0.824364 0.176491 -0.569731
v -0.804955 -0.005769 -0.738546
v -0.883955 -0.005769 -0.846105
v -0.860701 0.176491 -0.899071
v -0.747459 0.176491 -0.744891
v -0.883955 -0.005769 -0.846105
v -1.016604 -0.005769 -0.831470
v -1.050847 0.176491 -0.878089
v -0.860701 0.176491 -0.899071
v -1.016604 -0.005769 -0.831470
v -1.070253 -0.005769 -0.709274
v -1.127749 0.176491 -0.702929
v -1.050847 0.176491 -0.878089
v -1.070253 -0.005769 -0.709274
v -0.991253 -0.005769 -0.601715
v -1.014508 0.176491 -0.548749
v -1.127749 0.176491 -0.702929
v -0.991253 -0.005769 -0.601715
v -0.858605 -0.005769 -0.616352
v -0.824364 0.176491 -0.569731
v -1.014508 0.176491 -0.548749
v -0.883955 0.337144 -0.846105
v -1.016604 0.337144 -0.831470
v -1.070253 0.337144 -0.709274
v -0.991253 0.337144 -0.601715
v -0.858605 0.337144 -0.616352
v -0.804955 0.337144 -0.738546
v -1.070253 0.337144 -0.709274
v -1.016604 0.337144 -0.831470
v -1.016604 0.337144 -0.831470
v -0.883955 0.337144 -0.846105
v -0.883955 0.337144 -0.846105
v -0.804955 0.337144 -0.738546
v -0.804955 0.337144 -0.738546
v -0.858605 0.337144 -0.616352
v -0.858605 0.337144 -0.616352
v -0.991253 0.337144 -0.601715
v -0.991253 0.337144 -0.601715
v -1.070253 0.337144 -0.709274
v 0.739911 -0.005769 0.523898
v 0.621242 -0.005769 0.462846
v 0.619680 0.176491 0.430661
v 0.767005 0.176491 0.506453
v 0.621242 -0.005769 0.462846
v 0.509035 -0.005769 0.535092
v 0.480382 0.176491 0.520352
v 0.509035 -0.005769 0.535092
v 0.515498 -0.005769 0.668389
v 0.488406 0.176491 0.685834
v 0.480382 0.176491 0.520352
v 0.515498 -0.005769 0.668389
v 0.634170 -0.005769 0.729440
v 0.635729 0.176491 0.761625
v 0.488406 0.176491 0.685834
v 0.634170 -0.005769 0.729440
v 0.746376 -0.005769 0.657194
v 0.775029 0.176491 0.671934
v 0.635729 0.176491 0.761625
v 0.746376 -0.005769 0.657194
v 0.739911 -0.005769 0.523898
v 0.775029 0.176491 0.671934
v 0.509035 0.337144 0.535092
v 0.515498 0.337144 0.668389
v 0.634168 0.337144 0.729440
v 0.746376 0.337144 0.657194
v 0.739911 0.337144 0.523898
v 0.621242 0.337144 0.462846
v 0.634168 0.337144 0.729440
v 0.515498 0.337144 0.668389
v 0.515498 0.337144 0.668389
v 0.509035 0.337144 0.535092
v 0.509035 0.337144 0.535092
v 0.621242 0.337144 0.462846
v 0.621242 0.337144 0.462846
v 0.739911 0.337144 0.523898
v 0.739911 0.337144 0.523898
v 0.746376 0.337144 0.657194
v 0.746376 0.337144 0.657194
v 0.634168 0.337144 0.729440
v 0.602896 0.816503 -0.481695
v 0.575415 0.818446 -0.497663
v 0.566923 0.823301 -0.485631
v 0.601058 0.820275 -0.470096
v 0.636797 0.830753 -0.475358
v 0.633147 0.824806 -0.489524
v 0.551648 0.840658 -0.592994
v 0.562262 0.847192 -0.606907
v 0.554104 0.861889 -0.620645
v 0.538842 0.847897 -0.594442
v 0.545127 0.833342 -0.573990
v 0.533431 0.840541 -0.576289
v 0.559143 0.825694 -0.523572
v 0.547297 0.831007 -0.550362
v 0.529112 0.839843 -0.548376
v 0.542726 0.833096 -0.514547
v 0.579349 0.826346 -0.502168
v 0.564652 0.834436 -0.483788
v 0.561007 0.809665 -0.477509
v 0.601194 0.810469 -0.461615
v 0.642987 0.819599 -0.464933
v 0.549293 0.854052 -0.639314
v 0.528574 0.838036 -0.599631
v 0.524140 0.831566 -0.582126
v 0.515971 0.823734 -0.546547
v 0.529833 0.816231 -0.511403
v 0.554263 0.812679 -0.472007
v 0.562477 0.795423 -0.479598
v 0.602760 0.799995 -0.463294
v 0.645019 0.810648 -0.464902
v 0.551303 0.837415 -0.644266
v 0.529587 0.825108 -0.602693
v 0.525130 0.819369 -0.585095
v 0.517520 0.805586 -0.549913
v 0.531550 0.798097 -0.514584
v 0.556574 0.790189 -0.475677
v 0.641876 0.796553 -0.482842
v 0.605129 0.793085 -0.476222
v 0.572327 0.786214 -0.493595
v 0.560799 0.816819 -0.630507
v 0.543921 0.813697 -0.601924
v 0.538237 0.808196 -0.583365
v 0.536961 0.791790 -0.556129
v 0.551947 0.784228 -0.522618
v 0.573429 0.775341 -0.496719
v 0.578173 0.799878 -0.501726
v 0.604914 0.802920 -0.484668
v 0.635686 0.807705 -0.493265
v 0.565610 0.824656 -0.611838
v 0.554190 0.823559 -0.596737
v 0.547529 0.817170 -0.577530
v 0.550862 0.807289 -0.555379
v 0.562752 0.801766 -0.528748
v 0.583689 0.797137 -0.508561
v 0.602896 0.816503 -0.481695
v 0.575415 0.818446 -0.497663
v 0.633147 0.824806 -0.489524
v 0.551648 0.840658 -0.592994
v 0.562262 0.847192 -0.606907
v 0.545127 0.833342 -0.573990
v 0.559143 0.825694 -0.523572
v 0.547297 0.831007 -0.550362
v 0.579349 0.826346 -0.502168
v 0.551306 0.838939 -0.570838
v 0.531953 0.850443 -0.573293
v 0.555147 0.813081 -0.576497
v 0.551306 0.838939 -0.570838
v 0.539766 0.797851 -0.584803
v 0.518083 0.815629 -0.586213
v 0.516492 0.835239 -0.581548
v 0.575415 0.818446 -0.497663
v 0.578173 0.799878 -0.501726
v 0.566923 0.823301 -0.485631
v 0.575415 0.818446 -0.497663
v 0.561007 0.809665 -0.477509
v 0.562477 0.795423 -0.479598
v 0.572327 0.786214 -0.493595
v 0.545127 0.833342 -0.573990
v 0.533431 0.840541 -0.576289
v 0.547529 0.817170 -0.577530
v 0.545127 0.833342 -0.573990
v 0.538237 0.808196 -0.583365
v 0.525130 0.819369 -0.585095
v 0.524140 0.831566 -0.582126
v 0.562145 0.792939 -0.659883
v 0.601687 0.762765 -0.680517
v 0.619710 0.758800 -0.638788
v 0.581918 0.787638 -0.619067
v 0.601687 0.762765 -0.680517
v 0.649728 0.761780 -0.699900
v 0.665622 0.757858 -0.657312
v 0.619710 0.758800 -0.638788
v 0.693394 0.790248 -0.712836
v 0.707355 0.785066 -0.669676
v 0.720985 0.840541 -0.715862
v 0.733723 0.833132 -0.672568
v 0.725106 0.899186 -0.708165
v 0.737662 0.889179 -0.665211
v 0.704656 0.950464 -0.691808
v 0.718117 0.938188 -0.649579
v 0.665112 0.980638 -0.671174
v 0.680325 0.967025 -0.629857
v 0.617071 0.981623 -0.651790
v 0.634412 0.967968 -0.611333
v 0.573405 0.953155 -0.638853
v 0.592680 0.940760 -0.598969
v 0.545816 0.902862 -0.635827
v 0.566311 0.892693 -0.596077
v 0.541693 0.844219 -0.643525
v 0.562372 0.836647 -0.603434
v 0.683055 0.924051 -0.501432
v 0.649305 0.901999 -0.491441
v 0.668415 0.889860 -0.451288
v 0.700391 0.910755 -0.460755
v 0.720200 0.923245 -0.516427
v 0.735585 0.909992 -0.474962
v 0.750788 0.899794 -0.532405
v 0.764567 0.887771 -0.490101
v 0.766622 0.859984 -0.545087
v 0.779571 0.850051 -0.502118
v 0.763462 0.814479 -0.551075
v 0.776575 0.806936 -0.507792
v 0.742150 0.775475 -0.548763
v 0.756385 0.769980 -0.505601
v 0.708402 0.753422 -0.538772
v 0.724408 0.749084 -0.496135
v 0.671257 0.754229 -0.523777
v 0.689212 0.749849 -0.481927
v 0.640669 0.777679 -0.507799
v 0.671257 0.754229 -0.523777
v 0.689212 0.749849 -0.481927
v 0.660230 0.772069 -0.466788
v 0.624833 0.817491 -0.495117
v 0.645227 0.809788 -0.454772
v 0.627995 0.862995 -0.489128
v 0.648222 0.852904 -0.449098
v 0.636326 0.952280 -0.615948
v 0.601068 0.929240 -0.605509
v 0.655909 0.892824 -0.496169
v 0.684706 0.911641 -0.504694
v 0.675130 0.951438 -0.631611
v 0.716399 0.910953 -0.517488
v 0.707085 0.926938 -0.648305
v 0.742497 0.890943 -0.531120
v 0.723627 0.885348 -0.661554
v 0.756008 0.856975 -0.541942
v 0.720326 0.837811 -0.667809
v 0.753310 0.818150 -0.547050
v 0.698063 0.797063 -0.665393
v 0.735128 0.784870 -0.545078
v 0.662806 0.774024 -0.654955
v 0.706332 0.766054 -0.536554
v 0.624000 0.774866 -0.639292
v 0.674639 0.766742 -0.523760
v 0.592045 0.799366 -0.622598
v 0.624000 0.774866 -0.639292
v 0.674639 0.766742 -0.523760
v 0.648540 0.786751 -0.510127
v 0.575503 0.840956 -0.609349
v 0.635029 0.820720 -0.499305
v 0.578806 0.888493 -0.603094
v 0.637727 0.859546 -0.494197
v 0.624000 0.774866 -0.639292
v 0.592045 0.799366 -0.622598
v 0.662806 0.774024 -0.654955
v 0.624000 0.774866 -0.639292
v 0.698063 0.797063 -0.665393
v 0.720326 0.837811 -0.667809
v 0.723627 0.885348 -0.661554
v 0.707085 0.926938 -0.648305
v 0.675130 0.951438 -0.631611
v 0.636326 0.952280 -0.615948
v 0.601068 0.929240 -0.605509
v 0.578806 0.888493 -0.603094
v 0.575503 0.840956 -0.609349
v 0.684706 0.911641 -0.504694
v 0.655909 0.892824 -0.496169
v 0.716399 0.910953 -0.517488
v 0.742497 0.890943 -0.531120
v 0.756008 0.856975 -0.541942
v 0.753310 0.818150 -0.547050
v 0.735128 0.784870 -0.545078
v 0.706332 0.766054 -0.536554
v 0.674639 0.766742 -0.523760
v 0.648540 0.786751 -0.510127
v 0.674639 0.766742 -0.523760
v 0.635029 0.820720 -0.499305
v 0.637727 0.859546 -0.494197
v 0.695051 0.772782 -0.482682
v 0.674238 0.788740 -0.471809
v 0.720328 0.772232 -0.492887
v 0.695051 0.772782 -0.482682
v 0.743293 0.787239 -0.499685
v 0.757795 0.813781 -0.501258
v 0.759946 0.844745 -0.497183
v 0.749170 0.871836 -0.488554
v 0.728357 0.887793 -0.477680
v 0.703081 0.888342 -0.467478
v 0.680115 0.873335 -0.460678
v 0.665614 0.846795 -0.459106
v 0.663463 0.815830 -0.463179
v 0.649728 0.761780 -0.699900
v 0.601687 0.762765 -0.680517
v 0.617071 0.981623 -0.651790
v 0.665112 0.980638 -0.671174
v 0.562145 0.792939 -0.659883
v 0.573405 0.953155 -0.638853
v 0.704656 0.950464 -0.691808
v 0.693394 0.790248 -0.712836
v 0.725106 0.899186 -0.708165
v 0.720985 0.840541 -0.715862
v 0.541693 0.844219 -0.643525
v 0.545816 0.902862 -0.635827
v -0.224238 0.271689 -0.003604
v -0.215108 0.266902 -0.030146
v -0.212981 0.470072 -0.082477
v -0.228070 0.477985 -0.038609
v -0.233833 0.261270 -0.050844
v -0.243930 0.460764 -0.116686
v -0.261687 0.260424 -0.045000
v -0.289966 0.459366 -0.107026
v -0.270817 0.265210 -0.018458
v -0.305055 0.467278 -0.063158
v -0.252092 0.270843 0.002240
v -0.274106 0.476587 -0.028949
v -0.224238 0.271689 -0.003604
v -0.228070 0.477985 -0.038609
v -0.228070 0.477985 -0.038609
v -0.212981 0.470072 -0.082477
v -0.243930 0.460764 -0.116686
v -0.289966 0.459366 -0.107026
v -0.305055 0.467278 -0.063158
v -0.274106 0.476587 -0.028949
v 0.261070 0.258825 0.761383
v 0.215032 0.258825 0.980476
v 0.215032 0.303207 0.980476
v 0.261070 0.303207 0.761383
v 0.365316 0.332605 1.007732
v 0.411352 0.332605 0.788640
v 0.365316 0.258825 1.007732
v 0.411352 0.258825 0.788640
v 0.215032 0.258825 0.980476
v 0.365316 0.258825 1.007732
v 0.411352 0.258825 0.788640
v 0.261070 0.258825 0.761383
v 0.428720 0.093603 0.709138
v -0.198803 0.093601 0.595327
v -0.198803 0.226191 0.595327
v 0.428720 0.226191 0.709138
v 0.351239 0.226191 1.077865
v -0.276283 0.226191 0.964054
v -0.276283 0.093601 0.964054
v 0.351239 0.093603 1.077865
v -0.276283 0.093601 0.964054
v -0.276283 0.226191 0.964054
v 0.052781 0.127385 1.021647
v -0.202921 0.127385 0.975272
v -0.230436 0.131312 1.106218
v 0.025266 0.131312 1.152594
v -0.230436 0.091459 1.106218
v 0.025266 0.091459 1.152594
v 0.025266 0.091459 1.152594
v -0.230436 0.091459 1.106218
v -0.202921 0.095224 0.975272
v 0.052781 0.095224 1.021647
v -0.202921 0.095224 0.975272
v -0.230436 0.091459 1.106218
v 0.025266 0.091459 1.152594
v 0.052781 0.095224 1.021647
v 0.003318 -0.005354 1.085642
v -0.182995 -0.005354 1.051851
v -0.199625 0.099832 1.048833
v 0.019948 0.099832 1.088658
v 0.010643 0.099832 1.132947
v -0.208932 0.099832 1.093123
v -0.192302 -0.005354 1.096139
v -0.005987 -0.005354 1.129931
v -0.182995 -0.005354 1.051851
v -0.199625 0.099832 1.048833
v 0.003318 -0.005354 1.085642
v 0.019948 0.099832 1.088658
v 0.463066 -0.005653 0.661301
v -0.224681 -0.005653 0.536566
v -0.229570 0.095183 0.559824
v 0.458178 0.095183 0.684559
v -0.321389 0.095183 0.996798
v 0.366358 0.095183 1.121532
v -0.326278 -0.005653 1.020056
v 0.361470 -0.005653 1.144790
v -0.224681 -0.005653 0.536566
v -0.326278 -0.005653 1.020056
v 0.361470 -0.005653 1.144790
v 0.463066 -0.005653 0.661301
v 0.447896 0.206294 0.701408
v -0.223137 0.197665 0.579705
v -0.223137 0.259896 0.579705
v 0.447896 0.259896 0.701408
v -0.305989 0.259896 0.973997
v 0.365042 0.259896 1.095700
v -0.305989 0.197665 0.973997
v 0.365042 0.206294 1.095700
v 0.365042 0.206294 1.095700
v -0.305989 0.197665 0.973997
v -0.223137 0.197665 0.579705
v 0.447896 0.206294 0.701408
v -0.223137 0.197665 0.579705
v -0.305989 0.197665 0.973997
v 0.365042 0.206294 1.095700
v 0.447896 0.206294 0.701408
v -0.382217 0.203619 -1.025694
v -0.422599 0.203619 -0.995521
v -0.365311 0.207561 -0.531819
v -0.315420 0.207561 -0.526349
v -0.422599 0.203619 -0.995521
v -0.418637 0.214733 -0.936632
v -0.316812 0.214733 -0.956242
v -0.323392 0.203619 -1.019738
v -0.269701 0.207561 -0.542212
v -0.277267 0.214733 -0.575723
v -0.372128 0.214733 -0.564160
v -0.365311 0.207561 -0.531819
v -0.323392 0.203619 -1.019738
v -0.269701 0.207561 -0.542212
v -0.404072 0.230453 -0.755807
v -0.299091 0.230453 -0.775502
v -0.299091 0.196050 -0.775502
v -0.404072 0.196050 -0.755807
v -0.204717 0.186251 -1.004903
v -0.260332 0.186251 -1.015986
v -0.201401 0.192782 -0.526461
v -0.150579 0.192782 -0.548830
v -0.320471 0.186251 -0.994365
v -0.316412 0.204659 -0.952653
v -0.200383 0.204659 -0.963086
v -0.204717 0.186251 -1.004903
v -0.265876 0.192782 -0.525780
v -0.320471 0.186251 -0.994365
v -0.298750 0.237810 -0.787332
v -0.181492 0.237810 -0.798783
v -0.181492 0.185976 -0.798783
v -0.298750 0.185976 -0.787332
v -0.150579 0.192782 -0.548830
v -0.161587 0.204659 -0.603704
v -0.277939 0.204659 -0.578981
v -0.265876 0.192782 -0.525780
v -0.148171 0.184570 -1.034841
v -0.203414 0.184570 -1.013710
v -0.153167 0.191349 -0.559801
v -0.100078 0.191349 -0.568084
v -0.203414 0.184570 -1.013710
v -0.203471 0.203684 -0.983798
v -0.095616 0.203684 -0.972349
v -0.109596 0.184570 -1.012393
v -0.059757 0.191349 -0.592597
v -0.064002 0.203684 -0.620504
v -0.160523 0.203684 -0.591742
v -0.153167 0.191349 -0.559801
v -0.109596 0.184570 -1.012393
v -0.059757 0.191349 -0.592597
v -0.081806 0.185001 -0.785949
v -0.081806 0.230235 -0.785949
v -0.182170 0.185001 -0.796594
v -0.182170 0.230235 -0.796594
v -0.212087 0.289732 -0.680565
v -0.231186 0.281691 -0.674871
v -0.207761 0.293754 -0.700937
v -0.222534 0.289732 -0.715615
v -0.241632 0.281691 -0.709922
v -0.245958 0.277669 -0.689551
v -0.213199 0.302026 -0.677281
v -0.235254 0.292739 -0.670706
v -0.208204 0.306670 -0.700804
v -0.225264 0.302026 -0.717754
v -0.247317 0.292739 -0.711179
v -0.252313 0.288097 -0.687656
v -0.218883 0.313076 -0.678538
v -0.237984 0.305033 -0.672845
v -0.214559 0.317098 -0.698909
v -0.229332 0.313076 -0.713589
v -0.248431 0.305033 -0.707895
v -0.252757 0.301013 -0.687524
v -0.245742 0.289239 -0.716712
v -0.253345 0.274608 -0.726292
v -0.230929 0.298078 -0.722415
v -0.223720 0.292287 -0.737697
v -0.231323 0.277657 -0.747277
v -0.246135 0.268818 -0.741574
v -0.251713 0.297241 -0.718667
v -0.260492 0.280348 -0.729728
v -0.234609 0.307449 -0.725252
v -0.226285 0.300760 -0.742898
v -0.235064 0.283867 -0.753959
v -0.252169 0.273661 -0.747373
v -0.255453 0.303453 -0.725348
v -0.263058 0.288821 -0.734929
v -0.240640 0.312292 -0.731051
v -0.233433 0.306499 -0.746335
v -0.241036 0.291869 -0.755914
v -0.255848 0.283030 -0.750210
v -0.271046 0.249418 -0.667985
v -0.231858 0.251744 -0.654254
v -0.232678 0.281333 -0.647246
v -0.277122 0.278695 -0.662818
v -0.192016 0.251744 -0.666129
v -0.187493 0.281333 -0.660715
v -0.166740 0.249418 -0.699076
v -0.158827 0.278695 -0.698079
v -0.165684 0.245654 -0.740508
v -0.157629 0.274426 -0.745068
v -0.189252 0.241890 -0.774600
v -0.184358 0.270157 -0.783733
v -0.228441 0.239564 -0.788329
v -0.228802 0.267520 -0.799304
v -0.268281 0.239564 -0.776453
v -0.273988 0.267520 -0.785836
v -0.293558 0.241890 -0.743508
v -0.302653 0.270157 -0.748472
v -0.294613 0.245654 -0.702076
v -0.303852 0.274426 -0.701483
v -0.230953 0.234461 -0.841714
v -0.210145 0.234461 -0.839563
v -0.208197 0.273615 -0.833029
v -0.234196 0.273615 -0.835717
v -0.193909 0.234461 -0.852756
v -0.187912 0.273615 -0.849513
v -0.191758 0.234461 -0.873565
v -0.185225 0.273615 -0.875512
v -0.204951 0.234461 -0.889800
v -0.201709 0.273615 -0.895797
v -0.225761 0.234461 -0.891951
v -0.227707 0.273615 -0.898484
v -0.241995 0.234461 -0.878758
v -0.247992 0.273615 -0.882001
v -0.241995 0.234461 -0.878758
v -0.244146 0.234461 -0.857948
v -0.250680 0.273615 -0.856002
v -0.247992 0.273615 -0.882001
v -0.234887 0.312512 -0.834438
v -0.207781 0.312512 -0.831637
v -0.210914 0.312512 -0.842142
v -0.229674 0.312512 -0.844081
v -0.186633 0.312512 -0.848822
v -0.196277 0.312512 -0.854035
v -0.183832 0.312512 -0.875928
v -0.194338 0.312512 -0.872795
v -0.201017 0.312512 -0.897076
v -0.206232 0.312512 -0.887432
v -0.228123 0.312512 -0.899877
v -0.224992 0.312512 -0.889372
v -0.249272 0.312512 -0.882692
v -0.239629 0.312512 -0.877479
v -0.249272 0.312512 -0.882692
v -0.252074 0.312512 -0.855586
v -0.241567 0.312512 -0.858717
v -0.239629 0.312512 -0.877479
v -0.229674 0.312512 -0.844081
v -0.210914 0.312512 -0.842142
v -0.219729 0.249695 -0.848569
v -0.239629 0.312512 -0.877479
v -0.235140 0.249695 -0.867534
v -0.041329 0.206834 -0.679374
v -0.143306 0.191031 -0.669799
v -0.143306 0.255204 -0.669799
v -0.041329 0.266216 -0.679374
v -0.129043 0.255204 -0.621216
v -0.039363 0.266216 -0.617311
v -0.129043 0.185796 -0.621216
v -0.039363 0.206834 -0.617311
v -0.410403 0.201738 -0.630305
v -0.388600 0.201738 -0.561892
v -0.388600 0.271312 -0.561892
v -0.410403 0.271312 -0.630305
v -0.039363 0.206834 -0.617311
v -0.041329 0.206834 -0.679374
v -0.291835 0.266373 -0.595011
v -0.388600 0.201738 -0.561892
v -0.291835 0.191031 -0.595011
v -0.304789 0.266373 -0.649390
v -0.304789 0.191031 -0.649390
v -0.410403 0.201738 -0.630305
v -0.210663 0.262439 -0.610112
v -0.210663 0.188155 -0.610112
v -0.225095 0.191031 -0.658631
v -0.225095 0.262439 -0.658631
v -0.313580 -0.007553 -0.631893
v -0.165148 0.221430 -0.656234
v -0.073937 0.221430 -0.671827
v -0.240453 -0.007553 -0.644395
v -0.165008 0.221430 -0.618142
v -0.313434 -0.007553 -0.591732
v -0.240307 -0.007553 -0.604234
v -0.073799 0.221430 -0.633736
v -0.240453 -0.007553 -0.644395
v -0.073937 0.221430 -0.671827
v -0.100240 -0.007553 -0.661054
v -0.173844 -0.007553 -0.650155
v -0.341408 0.221430 -0.624553
v -0.249602 0.221430 -0.638148
v -0.248250 0.221430 -0.609392
v -0.340056 0.221430 -0.595795
v -0.172421 -0.007553 -0.619835
v -0.098816 -0.007553 -0.630734
v -0.100240 -0.007553 -0.661054
v -0.249602 0.221430 -0.638148
v -0.342233 -0.007553 -0.914952
v -0.193837 0.221430 -0.939419
v -0.102650 0.221430 -0.955086
v -0.269124 -0.007553 -0.927513
v -0.193770 0.221430 -0.901570
v -0.342163 -0.007553 -0.875046
v -0.269053 -0.007553 -0.887607
v -0.102583 0.221430 -0.917237
v -0.269124 -0.007553 -0.927513
v -0.102650 0.221430 -0.955086
v -0.129079 -0.007553 -0.944737
v -0.202585 -0.007553 -0.933510
v -0.369932 0.221430 -0.907186
v -0.278248 0.221430 -0.921190
v -0.277156 0.221430 -0.893299
v -0.368841 0.221430 -0.879294
v -0.201433 -0.007553 -0.904101
v -0.127927 -0.007553 -0.915331
v -0.129079 -0.007553 -0.944737
v -0.278248 0.221430 -0.921190
v -0.616498 0.105341 -0.508392
v -0.544064 0.105341 -0.482882
v -0.543717 0.146998 -0.497056
v -0.607885 0.146998 -0.519656
v -0.470468 0.105341 -0.504819
v -0.478520 0.146998 -0.516490
v -0.423823 0.105341 -0.565824
v -0.437196 0.146998 -0.570534
v -0.421943 0.105341 -0.642596
v -0.435532 0.146998 -0.638547
v -0.465549 0.105341 -0.705811
v -0.474161 0.146998 -0.694547
v -0.537982 0.105341 -0.731321
v -0.538330 0.146998 -0.717147
v -0.611579 0.105341 -0.709386
v -0.603529 0.146998 -0.697715
v -0.658224 0.105341 -0.648379
v -0.644850 0.146998 -0.643669
v -0.660103 0.105341 -0.571607
v -0.646515 0.146998 -0.575658
v -0.510916 -0.004572 -0.493693
v -0.488549 -0.004572 -0.535056
v -0.508751 0.113814 -0.555665
v -0.521296 0.113814 -0.532467
v -0.529912 -0.004572 -0.557422
v -0.531949 0.113814 -0.568209
v -0.529912 -0.004572 -0.557422
v -0.552279 -0.004572 -0.516059
v -0.544494 0.113814 -0.545011
v -0.531949 0.113814 -0.568209
v -0.418948 -0.004572 -0.645084
v -0.460800 -0.004572 -0.666523
v -0.482366 0.113814 -0.645581
v -0.458893 0.113814 -0.633558
v -0.482239 -0.004572 -0.624672
v -0.494389 0.113814 -0.622108
v -0.482239 -0.004572 -0.624672
v -0.440387 -0.004572 -0.603233
v -0.470916 0.113814 -0.610085
v -0.494389 0.113814 -0.622108
v -0.667104 -0.004572 -0.575205
v -0.627344 -0.004572 -0.550099
v -0.604295 0.113814 -0.570367
v -0.626596 0.113814 -0.584447
v -0.602239 -0.004572 -0.589861
v -0.590215 0.113814 -0.592667
v -0.602239 -0.004572 -0.589861
v -0.642000 -0.004572 -0.614966
v -0.612516 0.113814 -0.606747
v -0.590215 0.113814 -0.592667
v -0.576906 -0.004572 -0.723385
v -0.599359 -0.004572 -0.682068
v -0.578782 0.113814 -0.661542
v -0.566187 0.113814 -0.684714
v -0.558044 -0.004572 -0.659615
v -0.555608 0.113814 -0.648948
v -0.558044 -0.004572 -0.659615
v -0.535591 -0.004572 -0.700931
v -0.543015 0.113814 -0.672122
v -0.555608 0.113814 -0.648948
v -0.579968 -0.002625 -0.879062
v -0.553256 -0.002625 -0.862195
v -0.537771 0.076908 -0.875811
v -0.552752 0.076908 -0.885271
v -0.536389 -0.002625 -0.888909
v -0.528311 0.076908 -0.890794
v -0.536389 -0.002625 -0.888909
v -0.563101 -0.002625 -0.905774
v -0.543292 0.076908 -0.900254
v -0.528311 0.076908 -0.890794
v -0.545969 0.071217 -0.834176
v -0.497305 0.071217 -0.817037
v -0.497072 0.099203 -0.826559
v -0.540182 0.099203 -0.841743
v -0.447861 0.071217 -0.831774
v -0.453270 0.099203 -0.839616
v -0.416524 0.071217 -0.872761
v -0.425509 0.099203 -0.875924
v -0.415262 0.071217 -0.924339
v -0.424390 0.099203 -0.921617
v -0.444557 0.071217 -0.966807
v -0.450342 0.099203 -0.959240
v -0.493220 0.071217 -0.983946
v -0.493454 0.099203 -0.974422
v -0.542664 0.071217 -0.969207
v -0.537255 0.099203 -0.961367
v -0.574002 0.071217 -0.928223
v -0.565016 0.099203 -0.925059
v -0.575264 0.071217 -0.876645
v -0.566136 0.099203 -0.879367
v -0.413249 -0.002625 -0.926010
v -0.441367 -0.002625 -0.940413
v -0.455855 0.076908 -0.926343
v -0.440085 0.076908 -0.918264
v -0.455769 -0.002625 -0.912294
v -0.463932 0.076908 -0.910573
v -0.455769 -0.002625 -0.912294
v -0.427652 -0.002625 -0.897893
v -0.448164 0.076908 -0.902496
v -0.463932 0.076908 -0.910573
v -0.475036 -0.002625 -0.824300
v -0.460009 -0.002625 -0.852089
v -0.473582 0.076908 -0.865935
v -0.482008 0.076908 -0.850349
v -0.487797 -0.002625 -0.867116
v -0.489166 0.076908 -0.874363
v -0.487797 -0.002625 -0.867116
v -0.502825 -0.002625 -0.839327
v -0.497594 0.076908 -0.858777
v -0.489166 0.076908 -0.874363
v -0.519370 -0.002625 -0.978614
v -0.534454 -0.002625 -0.950857
v -0.520629 0.076908 -0.937065
v -0.512169 0.076908 -0.952633
v -0.506697 -0.002625 -0.935771
v -0.505062 0.076908 -0.928604
v -0.506697 -0.002625 -0.935771
v -0.491613 -0.002625 -0.963528
v -0.496600 0.076908 -0.944173
v -0.505062 0.076908 -0.928604
v -0.066060 0.193915 -0.952792
v -0.168559 0.190612 -0.962161
v -0.168559 0.258187 -0.962161
v -0.066060 0.283119 -0.952792
v -0.166214 0.258187 -0.909939
v -0.067845 0.283119 -0.879647
v -0.166214 0.185098 -0.909939
v -0.067843 0.193915 -0.879647
v -0.433871 0.191078 -0.933047
v -0.435114 0.191078 -0.865414
v -0.435114 0.285956 -0.865414
v -0.433871 0.285956 -0.933047
v -0.067843 0.193915 -0.879647
v -0.066060 0.193915 -0.952792
v -0.330127 0.269947 -0.896363
v -0.435114 0.191078 -0.865414
v -0.330127 0.190612 -0.896363
v -0.334993 0.269947 -0.954173
v -0.334993 0.190612 -0.954173
v -0.433871 0.191078 -0.933047
v -0.245133 0.265805 -0.911978
v -0.245133 0.187581 -0.911978
v -0.249901 0.190612 -0.965992
v -0.249901 0.265805 -0.965992
v 0.410926 0.800002 0.992857
v 0.357871 0.800002 1.018908
v 0.348677 0.923408 1.009437
v 0.409055 0.923408 0.979794
v 0.330259 0.800002 1.071165
v 0.317256 0.923408 1.068907
v 0.338638 0.800002 1.129673
v 0.326791 0.923408 1.135490
v 0.379807 0.800002 1.172082
v 0.373641 0.923408 1.183751
v 0.438040 0.800002 1.182194
v 0.439911 0.923408 1.195257
v 0.491095 0.800002 1.156143
v 0.500289 0.923408 1.165614
v 0.518707 0.800002 1.103884
v 0.531710 0.923408 1.106144
v 0.510328 0.800002 1.045378
v 0.522174 0.923408 1.039561
v 0.469159 0.800002 1.002969
v 0.475325 0.923408 0.991300
v 0.469159 0.800002 1.002969
v 0.475325 0.923408 0.991300
v 0.317256 0.923408 1.068907
v 0.326791 0.923408 1.135490
v 0.500289 0.923408 1.165614
v 0.531710 0.923408 1.106144
v 0.522174 0.923408 1.039561
v 0.348677 0.923408 1.009437
v 0.439911 0.923408 1.195257
v 0.373641 0.923408 1.183751
v 0.475325 0.923408 0.991300
v 0.409055 0.923408 0.979794
v 0.330259 0.800002 1.071165
v 0.357871 0.800002 1.018908
v 0.510328 0.800002 1.045378
v 0.518707 0.800002 1.103884
v 0.338638 0.800002 1.129673
v 0.491095 0.800002 1.156143
v 0.379807 0.800002 1.172082
v 0.438040 0.800002 1.182194
v 0.410926 0.800002 0.992857
v 0.469159 0.800002 1.002969
v 0.411985 0.921357 1.000256
v 0.363077 0.921355 1.024269
v 0.353572 1.000216 1.014478
v 0.410051 1.000216 0.986748
v 0.337623 0.921355 1.072444
v 0.324180 1.000216 1.070109
v 0.345347 0.921355 1.126379
v 0.333100 1.000216 1.132392
v 0.383299 0.921357 1.165473
v 0.376925 1.000216 1.177537
v 0.436981 0.921357 1.174793
v 0.438915 1.000216 1.188301
v 0.485889 0.921357 1.150780
v 0.495393 1.000216 1.160572
v 0.511342 0.921357 1.102607
v 0.524786 1.000216 1.104942
v 0.503619 0.921357 1.048672
v 0.515866 1.000216 1.042657
v 0.465667 0.921357 1.009577
v 0.472043 1.000216 0.997514
v 0.411985 0.921357 1.000256
v 0.410051 1.000216 0.986748
v 0.414108 0.768152 1.021870
v 0.377869 0.772340 1.039913
v 0.371241 0.804369 1.032680
v 0.413647 0.804369 1.011860
v 0.358882 0.772340 1.075848
v 0.349173 0.804369 1.074449
v 0.364398 0.768152 1.115953
v 0.355869 0.804369 1.121212
v 0.392310 0.761374 1.144904
v 0.388773 0.804369 1.155110
v 0.431957 0.754596 1.151647
v 0.435318 0.804369 1.163191
v 0.468195 0.750406 1.133604
v 0.477725 0.804369 1.142371
v 0.487182 0.750406 1.097669
v 0.499793 0.804369 1.100602
v 0.481666 0.754596 1.057564
v 0.493096 0.804369 1.053837
v 0.453754 0.761374 1.028614
v 0.460193 0.804369 1.019941
v 0.393108 0.688614 1.027089
v 0.369088 0.699719 1.041504
v 0.355249 0.699719 1.067698
v 0.356875 0.688614 1.095664
v 0.373347 0.670643 1.114720
v 0.398372 0.652672 1.117590
v 0.422392 0.641566 1.103173
v 0.436231 0.641566 1.076980
v 0.434605 0.652672 1.049014
v 0.418133 0.670643 1.029956
v 0.354002 0.601309 1.022738
v 0.339663 0.609564 1.032188
v 0.330971 0.609564 1.048639
v 0.331245 0.601309 1.065809
v 0.340381 0.587953 1.077139
v 0.354889 0.574595 1.078302
v 0.369229 0.566340 1.068852
v 0.377921 0.566340 1.052403
v 0.377645 0.574595 1.035231
v 0.368510 0.587953 1.023902
v 0.301288 0.529064 1.017479
v 0.296941 0.529064 1.025704
v 0.323497 0.630494 1.061775
v 0.346050 0.630494 1.019088
v 0.298468 0.521131 1.031772
v 0.340574 0.599577 1.098102
v 0.304342 0.513196 1.029614
v 0.380207 0.568663 1.091739
v 0.308686 0.513196 1.021389
v 0.402762 0.568663 1.049052
v 0.307161 0.521131 1.015321
v 0.385684 0.599577 1.012726
v 0.301288 0.529064 1.017479
v 0.346050 0.630494 1.019088
v 0.308686 0.513196 1.021389
v 0.304342 0.513196 1.029614
v 0.298468 0.521131 1.031772
v 0.307161 0.521131 1.015321
v 0.296941 0.529064 1.025704
v 0.301288 0.529064 1.017479
v 0.340574 0.599577 1.098102
v 0.380207 0.568663 1.091739
v 0.402762 0.568663 1.049052
v 0.385684 0.599577 1.012726
v 0.346050 0.630494 1.019088
v 0.323497 0.630494 1.061775
v 0.346427 0.800002 -0.999587
v 0.333676 0.800002 -0.941874
v 0.320538 0.923408 -0.940600
v 0.335050 0.923408 -1.006277
v 0.357281 0.800002 -0.887688
v 0.347402 0.923408 -0.878937
v 0.408228 0.800002 -0.857726
v 0.405381 0.923408 -0.844840
v 0.467057 0.800002 -0.863431
v 0.472328 0.923408 -0.851332
v 0.511296 0.800002 -0.902626
v 0.522672 0.923408 -0.895936
v 0.524047 0.800002 -0.960339
v 0.537185 0.923408 -0.961614
v 0.500442 0.800002 -1.014525
v 0.510321 0.923408 -1.023276
v 0.449495 0.800002 -1.044487
v 0.452342 0.923408 -1.057375
v 0.390667 0.800002 -1.038782
v 0.385395 0.923408 -1.050881
v 0.390667 0.800002 -1.038782
v 0.385395 0.923408 -1.050881
v 0.347402 0.923408 -0.878937
v 0.405381 0.923408 -0.844840
v 0.537185 0.923408 -0.961614
v 0.510321 0.923408 -1.023276
v 0.452342 0.923408 -1.057375
v 0.320538 0.923408 -0.940600
v 0.522672 0.923408 -0.895936
v 0.472328 0.923408 -0.851332
v 0.385395 0.923408 -1.050881
v 0.335050 0.923408 -1.006277
v 0.357281 0.800002 -0.887688
v 0.333676 0.800002 -0.941874
v 0.449495 0.800002 -1.044487
v 0.500442 0.800002 -1.014525
v 0.408228 0.800002 -0.857726
v 0.524047 0.800002 -0.960339
v 0.467057 0.800002 -0.863431
v 0.511296 0.800002 -0.902626
v 0.346427 0.800002 -0.999587
v 0.390667 0.800002 -1.038782
v 0.352869 0.921355 -0.995797
v 0.341114 0.921355 -0.942595
v 0.327533 1.000216 -0.941278
v 0.341107 1.000216 -1.002715
v 0.362875 0.921355 -0.892645
v 0.352661 1.000216 -0.883596
v 0.409841 0.921357 -0.865023
v 0.406896 1.000216 -0.851700
v 0.464072 0.921357 -0.870285
v 0.469521 1.000216 -0.857774
v 0.504854 0.921357 -0.906416
v 0.516614 1.000216 -0.899499
v 0.516609 0.921357 -0.959618
v 0.530190 1.000216 -0.960935
v 0.494849 0.921357 -1.009570
v 0.505062 1.000216 -1.018617
v 0.447882 0.921357 -1.037190
v 0.450826 1.000216 -1.050513
v 0.393651 0.921357 -1.031930
v 0.388201 1.000216 -1.044439
v 0.352869 0.921355 -0.995797
v 0.341107 1.000216 -1.002715
v 0.371083 0.768152 -0.983968
v 0.362568 0.772340 -0.944393
v 0.352780 0.804369 -0.943728
v 0.362973 0.804369 -0.989855
v 0.378801 0.772340 -0.907133
v 0.371649 0.804369 -0.900417
v 0.413581 0.768152 -0.886418
v 0.412370 0.804369 -0.876469
v 0.453622 0.761374 -0.890161
v 0.459390 0.804369 -0.881029
v 0.483631 0.754596 -0.916935
v 0.494749 0.804369 -0.912358
v 0.492144 0.750406 -0.956510
v 0.504941 0.804369 -0.958487
v 0.475912 0.750406 -0.993770
v 0.486075 0.804369 -1.001796
v 0.441134 0.754596 -1.014485
v 0.445353 0.804369 -1.025744
v 0.401093 0.761374 -1.010741
v 0.398333 0.804369 -1.021184
v 0.362058 0.688614 -0.964304
v 0.358334 0.699719 -0.936537
v 0.370165 0.699719 -0.909380
v 0.393034 0.688614 -0.893199
v 0.418202 0.670643 -0.894179
v 0.436060 0.652672 -0.911943
v 0.439784 0.641566 -0.939708
v 0.427951 0.641566 -0.966867
v 0.405084 0.652672 -0.983048
v 0.379914 0.670643 -0.982068
v 0.334256 0.601309 -0.936458
v 0.332691 0.609564 -0.919359
v 0.340122 0.609564 -0.902301
v 0.353710 0.601309 -0.891801
v 0.368265 0.587953 -0.891870
v 0.378227 0.574595 -0.902482
v 0.379791 0.566340 -0.919583
v 0.372360 0.566340 -0.936639
v 0.358772 0.574595 -0.947139
v 0.344218 0.587953 -0.947070
v 0.297251 0.529064 -0.898550
v 0.300967 0.529064 -0.890021
v 0.345724 0.630494 -0.888263
v 0.326441 0.630494 -0.932524
v 0.306659 0.521131 -0.887427
v 0.384766 0.599577 -0.878940
v 0.308639 0.513196 -0.893364
v 0.404526 0.568663 -0.913879
v 0.304923 0.513196 -0.901892
v 0.385244 0.568663 -0.958141
v 0.299228 0.521131 -0.904486
v 0.346200 0.599577 -0.967464
v 0.297251 0.529064 -0.898550
v 0.326441 0.630494 -0.932524
v 0.304923 0.513196 -0.901892
v 0.308639 0.513196 -0.893364
v 0.306659 0.521131 -0.887427
v 0.299228 0.521131 -0.904486
v 0.300967 0.529064 -0.890021
v 0.297251 0.529064 -0.898550
v 0.384766 0.599577 -0.878940
v 0.404526 0.568663 -0.913879
v 0.385244 0.568663 -0.958141
v 0.346200 0.599577 -0.967464
v 0.326441 0.630494 -0.932524
v 0.345724 0.630494 -0.888263
v 0.769294 -0.039590 -0.906961
v 0.854623 -0.039590 -0.963650
v 0.843043 0.242169 -0.970681
v 0.763077 0.242169 -0.917555
v 0.487002 -0.039590 -1.226144
v 0.456290 -0.039590 -1.074880
v 0.469748 0.242169 -1.074918
v 0.498528 0.242169 -1.225511
v 0.486131 -0.039590 -0.963650
v 0.497712 0.242169 -0.970681
v 0.571462 -0.039590 -0.906961
v 0.577680 0.242169 -0.917556
v 0.670378 -0.039590 -0.896417
v 0.670378 0.242169 -0.907674
v 0.599657 0.242169 -0.985289
v 0.670378 0.242169 -0.977966
v 0.670378 0.581918 -0.993158
v 0.609578 0.581918 -0.999454
v 0.547886 0.242169 -1.018706
v 0.565070 0.581918 -1.028182
v 0.528935 0.242169 -1.087332
v 0.548779 0.581918 -1.087180
v 0.547886 0.242169 -1.204396
v 0.565070 0.581918 -1.203534
v 0.741098 0.242169 -0.985289
v 0.792870 0.242169 -1.018706
v 0.775685 0.581918 -1.028182
v 0.731177 0.581918 -0.999454
v 0.792870 0.242169 -1.018706
v 0.741098 0.242169 -0.985289
v 0.528935 0.242169 -1.087332
v 0.547886 0.242169 -1.204396
v 0.547886 0.242169 -1.018706
v 0.599657 0.242169 -0.985289
v 0.670378 0.242169 -0.977966
v 0.670378 1.583719 -0.940509
v 0.575211 1.583719 -0.950365
v 0.505543 1.583719 -0.995333
v 0.480043 1.583719 -1.087681
v 0.505543 1.583719 -1.206517
v 0.791976 0.581918 -1.087180
v 0.775685 0.581918 -1.203534
v 0.835211 1.583719 -1.206517
v 0.860711 1.583719 -1.087681
v 0.835211 1.583719 -0.995333
v 0.765544 1.583719 -0.950365
v 0.505543 1.583719 -1.206517
v 0.480043 1.583719 -1.087681
v 0.860711 1.583719 -1.087681
v 0.835211 1.583719 -1.206517
v 0.835211 1.583719 -0.995333
v 0.505543 1.583719 -0.995333
v 0.769294 -0.039590 0.906961
v 0.763076 0.242169 0.917556
v 0.843043 0.242169 0.970681
v 0.854623 -0.039590 0.963650
v 0.487001 -0.039590 1.226144
v 0.498528 0.242169 1.225511
v 0.469747 0.242169 1.074918
v 0.456290 -0.039590 1.074880
v 0.497711 0.242169 0.970681
v 0.486131 -0.039590 0.963650
v 0.577679 0.242169 0.917556
v 0.571462 -0.039590 0.906961
v 0.670378 0.242169 0.907674
v 0.670378 -0.039590 0.896418
v 0.599656 0.242169 0.985289
v 0.609577 0.581918 0.999455
v 0.670378 0.581918 0.993158
v 0.670378 0.242169 0.977966
v 0.547886 0.242169 1.018707
v 0.565069 0.581918 1.028182
v 0.528935 0.242169 1.087332
v 0.548778 0.581918 1.087181
v 0.547886 0.242169 1.204396
v 0.565069 0.581918 1.203534
v 0.811819 0.242169 1.087332
v 0.791976 0.581918 1.087181
v 0.775684 0.581918 1.203534
v 0.792870 0.241992 1.204396
v 0.792870 0.242169 1.018707
v 0.775684 0.581918 1.028182
v 0.741098 0.242169 0.985289
v 0.731177 0.581918 0.999455
v 0.792870 0.242169 1.018707
v 0.741098 0.242169 0.985289
v 0.811819 0.242169 1.087332
v 0.871008 0.241992 1.074918
v 0.792870 0.241992 1.204396
v 0.842228 0.241992 1.225511
v 0.528935 0.242169 1.087332
v 0.547886 0.242169 1.204396
v 0.547886 0.242169 1.018707
v 0.599656 0.242169 0.985289
v 0.670378 0.242169 0.977966
v 0.575210 1.583719 0.950365
v 0.670378 1.583719 0.940509
v 0.505543 1.583719 0.995333
v 0.480043 1.583719 1.087681
v 0.505543 1.583719 1.206517
v 0.860711 1.583719 1.087681
v 0.835211 1.583719 1.206517
v 0.835211 1.583719 0.995333
v 0.765544 1.583719 0.950365
v 0.835211 1.583719 1.206517
v 0.775684 0.581918 1.203534
v 0.775684 0.581918 1.203534
v 0.792870 0.241992 1.204396
v 0.842228 0.241992 1.225511
v 0.498528 0.242169 1.225511
v 0.487001 -0.039590 1.226144
v 0.853753 -0.043356 1.226144
v 0.792870 0.241992 1.204396
v 0.547886 0.242169 1.204396
v 0.505543 1.583719 1.206517
v 0.835211 1.583719 1.206517
v 0.860711 1.583719 1.087681
v 0.480043 1.583719 1.087681
v 0.835211 1.583719 0.995333
v 0.505543 1.583719 0.995333
v -0.872283 -0.039590 -0.906961
v -0.786953 -0.039590 -0.963650
v -0.798533 0.242169 -0.970681
v -0.878500 0.242169 -0.917556
v -0.757112 -0.039590 -1.074880
v -0.770568 0.241992 -1.074918
v -0.787823 -0.039590 -1.226144
v -0.799348 0.241992 -1.225511
v -1.154575 -0.039590 -1.226144
v -1.185286 -0.039590 -1.074880
v -1.171829 0.242169 -1.074918
v -1.143048 0.242169 -1.225511
v -1.155445 -0.039590 -0.963650
v -1.143865 0.242169 -0.970681
v -1.070116 -0.039590 -0.906961
v -1.063897 0.242169 -0.917556
v -0.971198 -0.039590 -0.896418
v -0.971198 0.242169 -0.907674
v -1.041920 0.242169 -0.985289
v -0.971198 0.242169 -0.977966
v -0.971198 0.581918 -0.993158
v -1.031999 0.581918 -0.999455
v -1.093690 0.242169 -1.018707
v -1.076507 0.581918 -1.028182
v -1.112641 0.242169 -1.087332
v -1.092798 0.581918 -1.087181
v -1.093690 0.242169 -1.204396
v -1.076506 0.581918 -1.203534
v -0.829757 0.242169 -1.087332
v -0.848706 0.241992 -1.204396
v -0.865892 0.581918 -1.203534
v -0.849600 0.581918 -1.087181
v -0.848706 0.242169 -1.018707
v -0.865892 0.581918 -1.028182
v -0.900479 0.242169 -0.985289
v -0.910399 0.581918 -0.999455
v -0.848706 0.242169 -1.018707
v -0.900479 0.242169 -0.985289
v -0.829757 0.242169 -1.087332
v -0.848706 0.241992 -1.204396
v -1.112641 0.242169 -1.087332
v -1.093690 0.242169 -1.204396
v -1.093690 0.242169 -1.018707
v -1.041920 0.242169 -0.985289
v -0.971198 0.242169 -0.977966
v -0.971198 1.583719 -0.940509
v -1.066366 1.583719 -0.950365
v -1.136033 1.583719 -0.995333
v -1.161533 1.583719 -1.087681
v -1.136033 1.583719 -1.206517
v -0.806365 1.583719 -1.206517
v -0.780865 1.583719 -1.087681
v -0.806365 1.583719 -0.995333
v -0.876032 1.583719 -0.950365
v -1.136033 1.583719 -1.206517
v -1.161533 1.583719 -1.087681
v -0.780865 1.583719 -1.087681
v -0.806365 1.583719 -1.206517
v -0.806365 1.583719 -0.995333
v -1.136033 1.583719 -0.995333
v 0.494949 0.777954 -1.224724
v 0.483405 0.777954 -0.910363
v 0.483405 0.934108 -0.910363
v 0.494949 0.934108 -1.224724
v 0.511355 0.973827 -1.223721
v 0.666824 0.973827 -1.223721
v 0.666824 0.738235 -1.223721
v 0.511355 0.738235 -1.223721
v 0.503702 0.777954 -0.867807
v 0.666262 0.777954 -0.866328
v 0.666262 0.934108 -0.866328
v 0.503702 0.934108 -0.867807
v 0.832376 0.973827 -1.223721
v 0.832376 0.738235 -1.223721
v 0.833765 0.777954 -0.868125
v 0.833765 0.934108 -0.868125
v 0.500889 0.973827 -0.922494
v 0.511355 0.973827 -1.223721
v 0.519288 0.973827 -0.883916
v 0.666645 0.973827 -0.882576
v 0.818485 0.973827 -0.884205
v 0.511355 0.738235 -1.223721
v 0.500889 0.738235 -0.922494
v 0.666645 0.738235 -0.882576
v 0.818485 0.738235 -0.884205
v 0.519288 0.738235 -0.883916
v -1.143820 0.777954 -1.224724
v -1.155364 0.777954 -0.965452
v -1.155364 0.934108 -0.965452
v -1.143820 0.934108 -1.224724
v -1.127416 0.973827 -1.223722
v -0.971944 0.973827 -1.223722
v -0.789680 0.934108 -1.224724
v -0.781432 0.934108 -0.973693
v -0.781432 0.777954 -0.973693
v -0.789680 0.777954 -1.224724
v -0.971944 0.738235 -1.223722
v -1.127416 0.738235 -1.223722
v -1.135069 0.777954 -0.922896
v -0.972507 0.777954 -0.921417
v -0.972507 0.934108 -0.921417
v -1.135069 0.934108 -0.922896
v -0.806392 0.973827 -1.223722
v -0.806392 0.738235 -1.223722
v -0.805003 0.777954 -0.923214
v -0.805003 0.934108 -0.923214
v -1.137880 0.973827 -0.977581
v -1.127416 0.973827 -1.223722
v -0.806392 0.973827 -1.223722
v -0.798915 0.973827 -0.985051
v -1.119481 0.973827 -0.939005
v -0.972123 0.973827 -0.937665
v -0.820283 0.973827 -0.939294
v -1.127416 0.738235 -1.223722
v -1.137880 0.738235 -0.977581
v -0.798915 0.738235 -0.985051
v -0.806392 0.738235 -1.223722
v -0.820283 0.738235 -0.939294
v -0.972123 0.738235 -0.937665
v -1.119481 0.738235 -0.939005
v -0.971944 0.973827 -1.223722
v -0.806392 0.973827 -1.223722
v -0.806392 0.738235 -1.223722
v -0.971944 0.738235 -1.223722
v -1.127416 0.973827 -1.223722
v -1.127416 0.738235 -1.223722
v -0.789680 0.934108 -1.224724
v -0.789680 0.777954 -1.224724
v -1.143820 0.777954 -1.224724
v -1.143820 0.934108 -1.224724
v 0.494444 0.777954 1.224724
v 0.494444 0.934108 1.224724
v 0.482901 0.934108 0.910363
v 0.482901 0.777954 0.910363
v 0.510849 0.973827 1.223722
v 0.666320 0.973827 1.223722
v 0.666320 0.738235 1.223722
v 0.510849 0.738235 1.223722
v 0.503196 0.777954 0.867807
v 0.503196 0.934108 0.867807
v 0.665756 0.934108 0.866329
v 0.665756 0.777954 0.866329
v 0.831872 0.973827 1.223722
v 0.831872 0.738235 1.223722
v 0.833261 0.934108 0.868125
v 0.833261 0.777954 0.868125
v 0.510849 0.973827 1.223722
v 0.500385 0.973827 0.922494
v 0.518782 0.973827 0.883916
v 0.666141 0.973827 0.882577
v 0.817981 0.973827 0.884205
v 0.500385 0.738235 0.922494
v 0.510849 0.738235 1.223722
v 0.817981 0.738235 0.884205
v 0.666141 0.738235 0.882577
v 0.518782 0.738235 0.883916
v 0.666320 0.973827 1.223722
v 0.666320 0.738235 1.223722
v 0.831872 0.738235 1.223722
v 0.831872 0.973827 1.223722
v 0.510849 0.973827 1.223722
v 0.510849 0.738235 1.223722
v 0.848584 0.934108 1.224724
v 0.848584 0.777954 1.224724
v 0.494444 0.934108 1.224724
v 0.494444 0.777954 1.224724
v 0.613706 0.670971 -0.754112
v 0.675182 0.681305 -0.754112
v 0.680603 0.713227 -0.754112
v 0.614904 0.714704 -0.754112
v 0.747779 0.541994 -0.754112
v 0.779332 0.541994 -0.754112
v 0.613706 0.670971 -0.797930
v 0.614904 0.714704 -0.797930
v 0.680603 0.713227 -0.797930
v 0.675182 0.681305 -0.797930
v 0.779332 0.541994 -0.797930
v 0.747779 0.541994 -0.797930
v 0.613706 0.670971 -0.797930
v 0.675182 0.681305 -0.797930
v 0.675182 0.681305 -0.754112
v 0.613706 0.670971 -0.754112
v 0.614904 0.714704 -0.797930
v 0.614904 0.714704 -0.754112
v 0.735498 0.678349 -0.797930
v 0.735498 0.678349 -0.754112
v 0.747779 0.541994 -0.797930
v 0.747779 0.541994 -0.754112
v 0.779332 0.541994 -0.797930
v 0.779332 0.541994 -0.754112
v 0.674683 0.683303 -0.757739
v 0.637638 0.676894 -0.757739
v 0.641432 0.623577 -0.759801
v 0.676107 0.628506 -0.759801
v 0.681874 0.577459 -0.763317
v 0.702470 0.596777 -0.762385
v 0.753766 0.554217 -0.766668
v 0.753395 0.577962 -0.762270
v 0.674683 0.683303 -0.794302
v 0.676107 0.628506 -0.792242
v 0.641432 0.623577 -0.792242
v 0.637638 0.676894 -0.794302
v 0.702470 0.596777 -0.790046
v 0.681874 0.577459 -0.789113
v 0.753395 0.577962 -0.788637
v 0.753766 0.554217 -0.785373
v 0.637638 0.676894 -0.794302
v 0.641432 0.623577 -0.792242
v 0.641432 0.623577 -0.759801
v 0.637638 0.676894 -0.757739
v 0.676107 0.628506 -0.792242
v 0.674683 0.683303 -0.794302
v 0.674683 0.683303 -0.757739
v 0.676107 0.628506 -0.759801
v 0.681874 0.577459 -0.789113
v 0.681874 0.577459 -0.763317
v 0.702470 0.596777 -0.790046
v 0.702470 0.596777 -0.762385
v 0.753766 0.554217 -0.785373
v 0.753766 0.554217 -0.766668
v 0.753395 0.577962 -0.788637
v 0.753395 0.577962 -0.762270
v 0.564905 0.701143 -0.863773
v 0.564905 0.718907 -0.627961
v 0.564905 0.756962 -0.627961
v 0.564905 0.768358 -0.863773
v 0.779332 0.756962 -0.627961
v 0.779332 0.768358 -0.863773
v 0.779332 0.718907 -0.627961
v 0.779332 0.701143 -0.863773
v 0.779332 0.701143 -0.863773
v 0.779332 0.718907 -0.627961
v 0.564905 0.718907 -0.627961
v 0.564905 0.701143 -0.863773
v 0.564905 0.701184 -0.387647
v 0.779332 0.701184 -0.387647
v 0.779332 0.768315 -0.387647
v 0.564905 0.768315 -0.387647
v 0.779332 0.701143 -0.863773
v 0.564905 0.701143 -0.863773
v 0.779332 0.701184 -0.387647
v 0.779332 0.701184 -0.387647
v 0.564905 0.701184 -0.387647
v 0.564905 0.701184 -0.387647
v 0.613706 0.670971 -0.442490
v 0.675182 0.681305 -0.442490
v 0.680603 0.713227 -0.442490
v 0.614904 0.714704 -0.442490
v 0.747779 0.541994 -0.442490
v 0.779332 0.541994 -0.442490
v 0.613706 0.670971 -0.486307
v 0.614904 0.714704 -0.486307
v 0.680603 0.713227 -0.486307
v 0.675182 0.681305 -0.486307
v 0.779332 0.541994 -0.486307
v 0.747779 0.541994 -0.486307
v 0.613706 0.670971 -0.486307
v 0.675182 0.681305 -0.486307
v 0.675182 0.681305 -0.442490
v 0.613706 0.670971 -0.442490
v 0.614904 0.714704 -0.486307
v 0.614904 0.714704 -0.442490
v 0.735498 0.678349 -0.486307
v 0.735498 0.678349 -0.442490
v 0.747779 0.541994 -0.486307
v 0.747779 0.541994 -0.442490
v 0.779332 0.541994 -0.486307
v 0.779332 0.541994 -0.442490
v 0.674683 0.683303 -0.446116
v 0.637638 0.676894 -0.446116
v 0.641432 0.623577 -0.448178
v 0.676107 0.628506 -0.448178
v 0.681874 0.577459 -0.451696
v 0.702470 0.596777 -0.450762
v 0.753766 0.554217 -0.455047
v 0.753395 0.577962 -0.450647
v 0.674683 0.683303 -0.482680
v 0.676107 0.628506 -0.480619
v 0.641432 0.623577 -0.480619
v 0.637638 0.676894 -0.482680
v 0.702470 0.596777 -0.478423
v 0.681874 0.577459 -0.477491
v 0.753395 0.577962 -0.477015
v 0.753766 0.554217 -0.473750
v 0.637638 0.676894 -0.482680
v 0.641432 0.623577 -0.480619
v 0.641432 0.623577 -0.448178
v 0.637638 0.676894 -0.446116
v 0.676107 0.628506 -0.480619
v 0.674683 0.683303 -0.482680
v 0.674683 0.683303 -0.446116
v 0.676107 0.628506 -0.448178
v 0.681874 0.577459 -0.477491
v 0.681874 0.577459 -0.451696
v 0.702470 0.596777 -0.478423
v 0.702470 0.596777 -0.450762
v 0.753766 0.554217 -0.473750
v 0.753766 0.554217 -0.455047
v 0.753395 0.577962 -0.477015
v 0.753395 0.577962 -0.450647
v 0.613706 0.675524 0.477199
v 0.675182 0.684049 0.477199
v 0.680603 0.710386 0.477199
v 0.614904 0.711605 0.477199
v 0.747779 0.569115 0.477199
v 0.779331 0.569115 0.477199
v 0.613706 0.675524 0.430162
v 0.614904 0.711605 0.430162
v 0.680603 0.710386 0.430162
v 0.675182 0.684049 0.430162
v 0.779331 0.569115 0.430162
v 0.747779 0.569115 0.430162
v 0.613706 0.675524 0.430162
v 0.675182 0.684049 0.430162
v 0.675182 0.684049 0.477199
v 0.613706 0.675524 0.477199
v 0.614904 0.711605 0.430162
v 0.614904 0.711605 0.477199
v 0.735498 0.681611 0.430162
v 0.735498 0.681611 0.477199
v 0.747779 0.569115 0.430162
v 0.747779 0.569115 0.477199
v 0.779331 0.569115 0.430162
v 0.779331 0.569115 0.477199
v 0.674683 0.685698 0.473307
v 0.637638 0.680411 0.473307
v 0.641432 0.636422 0.471094
v 0.676107 0.640488 0.471094
v 0.681874 0.598376 0.467318
v 0.702470 0.614313 0.468319
v 0.753766 0.579199 0.463719
v 0.753395 0.598790 0.468442
v 0.674683 0.685698 0.434055
v 0.676107 0.640488 0.436268
v 0.641432 0.636422 0.436268
v 0.637638 0.680411 0.434055
v 0.702470 0.614313 0.438625
v 0.681874 0.598376 0.439626
v 0.753395 0.598790 0.440136
v 0.753766 0.579199 0.443642
v 0.637638 0.680411 0.434055
v 0.641432 0.636422 0.436268
v 0.641432 0.636422 0.471094
v 0.637638 0.680411 0.473307
v 0.676107 0.640488 0.436268
v 0.674683 0.685698 0.434055
v 0.674683 0.685698 0.473307
v 0.676107 0.640488 0.471094
v 0.681874 0.598376 0.439626
v 0.681874 0.598376 0.467318
v 0.702470 0.614313 0.438625
v 0.702470 0.614313 0.468319
v 0.753766 0.579199 0.443642
v 0.753766 0.579199 0.463719
v 0.753395 0.598790 0.440136
v 0.753395 0.598790 0.468442
v 0.564905 0.700415 0.398132
v 0.564904 0.715073 0.621519
v 0.564904 0.746469 0.621519
v 0.564905 0.755872 0.398132
v 0.779331 0.746469 0.621519
v 0.779331 0.755872 0.398132
v 0.779331 0.715073 0.621519
v 0.779331 0.700415 0.398132
v 0.779331 0.700415 0.398132
v 0.779331 0.715073 0.621519
v 0.564904 0.715073 0.621519
v 0.564905 0.700415 0.398132
v 0.564904 0.700452 0.849169
v 0.779331 0.700452 0.849169
v 0.779331 0.755836 0.849169
v 0.564904 0.755836 0.849169
v 0.779331 0.700415 0.398132
v 0.564905 0.700415 0.398132
v 0.779331 0.700452 0.849169
v 0.779331 0.700452 0.849169
v 0.564904 0.700452 0.849169
v 0.564904 0.700452 0.849169
v 0.613706 0.675524 0.795093
v 0.675182 0.684049 0.795093
v 0.680603 0.710386 0.795093
v 0.614904 0.711605 0.795093
v 0.747779 0.569115 0.795093
v 0.779331 0.569115 0.795093
v 0.613706 0.675524 0.748070
v 0.614904 0.711605 0.748070
v 0.680603 0.710386 0.748070
v 0.675182 0.684049 0.748070
v 0.779331 0.569115 0.748070
v 0.747779 0.569115 0.748070
v 0.613706 0.675524 0.748070
v 0.675182 0.684049 0.748070
v 0.675182 0.684049 0.795093
v 0.613706 0.675524 0.795093
v 0.614904 0.711605 0.748070
v 0.614904 0.711605 0.795093
v 0.735498 0.681611 0.748070
v 0.735498 0.681611 0.795093
v 0.747779 0.569115 0.748070
v 0.747779 0.569115 0.795093
v 0.779331 0.569115 0.748070
v 0.779331 0.569115 0.795093
v 0.674683 0.685698 0.791200
v 0.637637 0.680411 0.791200
v 0.641432 0.636422 0.788989
v 0.676107 0.640488 0.788989
v 0.681874 0.598376 0.785214
v 0.702470 0.614313 0.786214
v 0.753766 0.579199 0.781617
v 0.753394 0.598790 0.786338
v 0.674683 0.685698 0.751963
v 0.676107 0.640488 0.754174
v 0.641432 0.636422 0.754174
v 0.637637 0.680411 0.751963
v 0.702470 0.614313 0.756529
v 0.681874 0.598376 0.757530
v 0.753394 0.598790 0.758041
v 0.753766 0.579199 0.761545
v 0.637637 0.680411 0.751963
v 0.641432 0.636422 0.754174
v 0.641432 0.636422 0.788989
v 0.637637 0.680411 0.791200
v 0.676107 0.640488 0.754174
v 0.674683 0.685698 0.751963
v 0.674683 0.685698 0.791200
v 0.676107 0.640488 0.788989
v 0.681874 0.598376 0.757530
v 0.681874 0.598376 0.785214
v 0.702470 0.614313 0.756529
v 0.702470 0.614313 0.786214
v 0.753766 0.579199 0.761545
v 0.753766 0.579199 0.781617
v 0.753394 0.598790 0.758041
v 0.753394 0.598790 0.786338
v 0.507649 0.265611 0.311314
v 0.523187 0.265611 0.295049
v 0.512513 0.359057 0.290349
v 0.501764 0.359057 0.301603
v 0.525601 0.265611 0.271937
v 0.514183 0.359057 0.274358
v 0.513968 0.265611 0.250802
v 0.506136 0.359057 0.259736
v 0.492734 0.265611 0.239721
v 0.491444 0.359057 0.252069
v 0.470005 0.265611 0.242924
v 0.475720 0.359057 0.254286
v 0.470005 0.265611 0.242924
v 0.454467 0.265611 0.259189
v 0.464969 0.359057 0.265539
v 0.475720 0.359057 0.254286
v 0.452055 0.265611 0.282301
v 0.463300 0.359057 0.281529
v 0.463687 0.265611 0.303436
v 0.471348 0.359057 0.296151
v 0.484923 0.265611 0.314517
v 0.486040 0.359057 0.303819
v 0.463322 0.396368 0.301770
v 0.453118 0.387780 0.282401
v 0.456520 0.380240 0.261330
v 0.472230 0.376633 0.246605
v 0.472230 0.376633 0.246605
v 0.494247 0.378332 0.243851
v 0.514161 0.384690 0.254119
v 0.524365 0.393278 0.273488
v 0.520964 0.400818 0.294558
v 0.505254 0.404425 0.309283
v 0.483238 0.402726 0.312038
v 0.514161 0.384690 0.254119
v 0.494247 0.378332 0.243851
v 0.463322 0.396368 0.301770
v 0.483238 0.402726 0.312038
v 0.466001 0.272112 -0.296996
v 0.443465 0.272112 -0.295490
v 0.448181 0.365945 -0.284772
v 0.463773 0.365945 -0.285814
v 0.426003 0.272112 -0.280011
v 0.436099 0.365945 -0.274062
v 0.420284 0.272112 -0.256472
v 0.432145 0.365945 -0.257776
v 0.428494 0.272112 -0.233864
v 0.437824 0.365945 -0.242135
v 0.447497 0.272112 -0.220825
v 0.450972 0.365945 -0.233113
v 0.447497 0.272112 -0.220825
v 0.470033 0.272112 -0.222331
v 0.466563 0.365945 -0.234155
v 0.450972 0.365945 -0.233113
v 0.487495 0.272112 -0.237810
v 0.478645 0.365945 -0.244865
v 0.493213 0.272112 -0.261349
v 0.482601 0.365945 -0.261151
v 0.485003 0.272112 -0.283957
v 0.476921 0.365945 -0.276792
v 0.492354 0.403410 -0.259868
v 0.486776 0.394786 -0.238605
v 0.469966 0.387217 -0.225307
v 0.448346 0.383593 -0.225058
v 0.448346 0.383593 -0.225058
v 0.430174 0.385300 -0.237950
v 0.422391 0.391684 -0.259058
v 0.427970 0.400309 -0.280322
v 0.444779 0.407879 -0.293620
v 0.466398 0.411502 -0.293869
v 0.484570 0.409794 -0.280977
v 0.422391 0.391684 -0.259058
v 0.430174 0.385300 -0.237950
v 0.492354 0.403410 -0.259868
v 0.484570 0.409794 -0.280977
v 0.359367 -0.000131 0.298802
v 0.359367 -0.000131 0.368358
v 0.359367 0.311224 0.404047
v 0.359367 0.304204 0.322209
v 0.359367 0.304204 0.322209
v 0.770845 0.311224 0.404047
v 0.770845 0.304206 0.322210
v 0.770845 -0.000131 0.368358
v 0.770845 -0.000131 0.298802
v 0.359367 -0.000131 0.298802
v 0.359367 0.304204 0.322209
v 0.770845 0.304206 0.322210
v 0.359367 -0.000131 -0.311529
v 0.359367 0.304204 -0.334938
v 0.359367 0.311224 -0.416775
v 0.359367 -0.000131 -0.381084
v 0.359367 0.304204 -0.334938
v 0.770845 0.304206 -0.334938
v 0.770845 0.311224 -0.416775
v 0.770845 -0.000131 -0.381084
v 0.770845 -0.000131 -0.311529
v 0.770845 0.304206 -0.334938
v 0.359367 0.304204 -0.334938
v 0.359367 -0.000131 -0.311529
v 0.407147 0.274650 -0.335583
v 0.407147 0.275712 0.321881
v 0.772230 0.275712 0.321881
v 0.772230 0.274650 -0.335583
v 0.407147 0.000100 -0.314524
v 0.407147 0.000100 0.302521
v -0.027928 0.028504 0.048108
v -0.015648 0.038805 -0.053130
v 0.034845 0.144840 -0.052317
v 0.018755 0.131345 0.080333
v -0.065527 0.047867 -0.142215
v -0.030510 0.156716 -0.169044
v -0.158513 0.052231 -0.185120
v -0.152347 0.162435 -0.225261
v -0.259088 0.050232 -0.165454
v -0.284130 0.159814 -0.199492
v -0.328838 0.042629 -0.090732
v -0.375520 0.149852 -0.101586
v -0.341117 0.032329 0.010507
v -0.391610 0.136357 0.031066
v -0.291238 0.023267 0.099591
v -0.326255 0.124481 0.147792
v -0.198253 0.018901 0.142495
v -0.204418 0.118762 0.204007
v -0.097678 0.020902 0.122831
v -0.072635 0.121385 0.178241
v -0.027928 0.028504 0.048108
v 0.018755 0.131345 0.080333
v 0.012037 0.344346 0.098871
v 0.027581 0.357383 -0.029260
v -0.017204 0.357166 -0.020435
v -0.029367 0.346965 0.079836
v -0.035548 0.368853 -0.142008
v -0.066607 0.366143 -0.108668
v -0.153234 0.374377 -0.196308
v -0.158704 0.370465 -0.151161
v -0.280527 0.371844 -0.171420
v -0.258317 0.368485 -0.131684
v -0.368803 0.362224 -0.076848
v -0.327399 0.360956 -0.057675
v -0.384346 0.349188 0.051284
v -0.339561 0.350754 0.042596
v -0.321217 0.337718 0.164032
v -0.290160 0.341778 0.130829
v -0.203531 0.332194 0.218332
v -0.198064 0.337455 0.173322
v -0.076239 0.334725 0.193444
v -0.098448 0.339436 0.153845
v 0.012037 0.344346 0.098871
v -0.029367 0.346965 0.079836
v -0.017204 0.295183 -0.026459
v -0.029367 0.290915 0.074239
v -0.066607 0.298936 -0.115068
v -0.158704 0.300745 -0.157743
v -0.258317 0.299916 -0.138183
v -0.309419 0.300091 -0.055371
v -0.320114 0.296340 0.033177
v -0.276673 0.293038 0.111094
v -0.195687 0.291448 0.148619
v -0.108094 0.292177 0.131421
v -0.029367 0.290915 0.074239
v -0.334403 0.231284 0.167478
v -0.205852 0.225250 0.226791
v -0.403361 0.243814 0.044319
v -0.386383 0.258053 -0.095642
v -0.289957 0.268563 -0.198944
v -0.150913 0.271328 -0.226131
v -0.022362 0.265295 -0.166817
v 0.046595 0.252766 -0.043660
v 0.029618 0.238526 0.096302
v -0.066808 0.228015 0.199604
v 0.029618 0.238526 0.096302
v 0.296893 -0.006207 0.332268
v 0.208973 -0.006207 0.167964
v 0.208973 0.106225 0.167964
v 0.296893 0.106225 0.332268
v 0.284383 0.119533 0.328478
v 0.205185 0.119533 0.180476
v 0.127040 0.119533 0.208712
v 0.217535 0.119533 0.377830
v 0.132590 0.106225 0.420188
v 0.044669 0.106225 0.255884
v 0.044669 -0.006207 0.255884
v 0.132590 -0.006207 0.420188
v 0.122222 -0.006207 0.199310
v 0.122222 0.106225 0.199310
v 0.222685 -0.006207 0.387052
v 0.296893 -0.006207 0.332268
v 0.296893 0.106225 0.332268
v 0.222685 0.106225 0.387052
v 0.205185 0.119533 0.180476
v 0.284383 0.119533 0.328478
v 0.127040 0.119533 0.208712
v 0.136379 0.119533 0.407678
v 0.057181 0.119533 0.259674
v 0.284383 0.119533 0.328478
v 0.217535 0.119533 0.377830
v 0.057181 0.119533 0.259674
v 0.136379 0.119533 0.407678
v 0.103713 0.082979 0.376363
v 0.101961 0.082979 0.254708
v -0.145693 0.093390 0.258274
v -0.143941 0.093390 0.379931
v 0.101961 -0.010820 0.254708
v -0.145693 -0.010820 0.258274
v -0.143941 -0.010820 0.379931
v 0.103713 -0.010820 0.376363
v -0.344123 -0.010820 0.261134
v -0.344123 0.082979 0.261134
v -0.342371 0.082979 0.382788
v -0.342371 -0.010820 0.382788
v -0.484094 -0.010820 0.263149
v -0.484094 0.082979 0.263149
v -0.482342 0.082979 0.384803
v -0.482342 -0.010820 0.384803
v 0.247817 0.073761 -0.329159
v 0.126154 0.073761 -0.330179
v 0.124079 0.073761 -0.082506
v 0.245742 0.073761 -0.081486
v 0.126154 -0.088250 -0.330179
v 0.124079 -0.088250 -0.082506
v 0.245742 -0.088250 -0.081486
v 0.247817 -0.088250 -0.329159
v 0.122414 -0.088250 0.115938
v 0.122414 0.099643 0.115938
v 0.244078 0.099643 0.116957
v 0.244079 -0.088250 0.116957
v 0.121242 -0.088250 0.255917
v 0.121242 0.073761 0.255917
v 0.242905 0.073761 0.256937
v 0.242905 -0.088250 0.256937
v 0.098345 -0.006207 -0.466458
v 0.060711 -0.006207 -0.283950
v 0.060711 0.106225 -0.283950
v 0.098345 0.106225 -0.466458
v 0.105530 0.119533 -0.455538
v 0.071631 0.119533 -0.291137
v 0.149741 0.119533 -0.262805
v 0.188476 0.119533 -0.450661
v 0.280853 0.106225 -0.428824
v 0.243220 0.106225 -0.246318
v 0.243220 -0.006207 -0.246318
v 0.280853 -0.006207 -0.428824
v 0.147425 -0.006207 -0.252499
v 0.147425 0.106225 -0.252499
v 0.190426 -0.006207 -0.461042
v 0.098345 -0.006207 -0.466458
v 0.098345 0.106225 -0.466458
v 0.190426 0.106225 -0.461042
v 0.071631 0.119533 -0.291137
v 0.105530 0.119533 -0.455538
v 0.149741 0.119533 -0.262805
v 0.269934 0.119533 -0.421639
v 0.236033 0.119533 -0.257236
v 0.105530 0.119533 -0.455538
v 0.188476 0.119533 -0.450661
v 0.236033 0.119533 -0.257236
v 0.269934 0.119533 -0.421639
v -0.449184 0.082979 -0.445970
v -0.449184 0.082979 -0.324302
v -0.201502 0.096596 -0.324302
v -0.201502 0.096596 -0.445970
v -0.449184 -0.010820 -0.324302
v -0.201502 -0.010820 -0.324302
v -0.201502 -0.010820 -0.445970
v -0.449184 -0.010820 -0.445970
v -0.003052 -0.010820 -0.324302
v -0.003052 0.082979 -0.324302
v -0.003052 0.082979 -0.445970
v -0.003052 -0.010820 -0.445970
v 0.136933 -0.010820 -0.324302
v 0.136933 0.082979 -0.324302
v 0.136933 0.082979 -0.445970
v 0.136933 -0.010820 -0.445970
v -0.644359 -0.006207 -0.319685
v -0.489592 -0.006207 -0.215894
v -0.489592 0.106223 -0.215894
v -0.644359 0.106223 -0.319685
v -0.631534 0.119533 -0.322215
v -0.492120 0.119533 -0.228718
v -0.436381 0.119533 -0.290337
v -0.595681 0.119533 -0.397171
v -0.540567 0.106223 -0.474452
v -0.385801 0.106223 -0.370660
v -0.385801 -0.006207 -0.370660
v -0.540567 -0.006207 -0.474452
v -0.427714 -0.006207 -0.284299
v -0.427714 0.106223 -0.284299
v -0.604559 -0.006207 -0.402896
v -0.644359 -0.006207 -0.319685
v -0.644359 0.106223 -0.319685
v -0.604559 0.106223 -0.402896
v -0.492120 0.119533 -0.228718
v -0.631534 0.119533 -0.322215
v -0.436381 0.119533 -0.290337
v -0.538039 0.119533 -0.461627
v -0.398625 0.119533 -0.368132
v -0.631534 0.119533 -0.322215
v -0.595681 0.119533 -0.397171
v -0.398625 0.119533 -0.368132
v -0.538039 0.119533 -0.461627
v -0.620361 0.082979 0.257953
v -0.498712 0.082979 0.260073
v -0.494395 0.100769 0.012431
v -0.616044 0.100769 0.010309
v -0.498712 -0.010820 0.260073
v -0.494395 0.006970 0.012431
v -0.616044 -0.010820 0.010309
v -0.620361 -0.010820 0.257953
v -0.490935 -0.010820 -0.185990
v -0.490935 0.082979 -0.185990
v -0.612585 0.082979 -0.188110
v -0.612585 -0.010820 -0.188110
v -0.488495 -0.010820 -0.325954
v -0.488495 0.082979 -0.325954
v -0.610145 0.082979 -0.328074
v -0.610145 -0.010820 -0.328074
v -0.529358 -0.006207 0.436936
v -0.398856 -0.006207 0.303915
v -0.398856 0.106223 0.303915
v -0.529358 0.106223 0.436936
v -0.529484 0.119533 0.423864
v -0.411927 0.119533 0.304041
v -0.462234 0.119533 0.237912
v -0.596560 0.119533 0.374829
v -0.662380 0.106223 0.306432
v -0.531875 0.106223 0.173413
v -0.531875 -0.006207 0.173413
v -0.662380 -0.006207 0.306432
v -0.454703 -0.006207 0.230505
v -0.454703 0.106223 0.230505
v -0.603823 -0.006207 0.382501
v -0.529358 -0.006207 0.436936
v -0.529358 0.106223 0.436936
v -0.603823 0.106223 0.382501
v -0.411927 0.119533 0.304041
v -0.529484 0.119533 0.423864
v -0.462234 0.119533 0.237912
v -0.649307 0.119533 0.306309
v -0.531752 0.119533 0.186484
v -0.529484 0.119533 0.423864
v -0.596560 0.119533 0.374829
v -0.531752 0.119533 0.186484
v -0.649307 0.119533 0.306309
v -0.497238 -0.009561 -0.339948
v -0.497239 0.022177 -0.028440
v -0.185730 0.072939 -0.028440
v -0.185730 0.041201 -0.339948
v -0.497239 -0.009561 0.283068
v -0.185731 0.041201 0.283068
v 0.125776 0.022177 -0.028440
v 0.125776 -0.009561 -0.339948
v 0.125776 -0.009561 0.283068
v 0.361059 -0.015586 -0.587853
v 0.454748 -0.015586 -0.630181
v 0.436778 0.065448 -0.648599
v 0.355022 0.065323 -0.613030
v 0.511554 -0.015586 -0.708766
v 0.486993 0.065075 -0.716055
v 0.511554 -0.015586 -0.708766
v 0.533664 -0.015586 -0.810989
v 0.507407 0.064320 -0.804427
v 0.486993 0.065075 -0.716055
v 0.493370 -0.015586 -0.902437
v 0.473577 0.063333 -0.884210
v 0.410018 -0.015586 -0.958190
v 0.401977 0.062427 -0.933565
v 0.314608 -0.015586 -0.952969
v 0.319178 0.061977 -0.930195
v 0.210677 -0.015586 -0.929137
v 0.228765 0.061640 -0.910788
v 0.151630 -0.015586 -0.848517
v 0.176584 0.062020 -0.841595
v 0.155380 -0.015586 -0.749323
v 0.178630 0.062883 -0.755535
v 0.209970 -0.015586 -0.661037
v 0.224895 0.063916 -0.678320
v 0.268025 -0.015586 -0.596230
v 0.274450 0.064769 -0.621420
v 0.200583 0.131849 -0.735960
v 0.185958 0.129472 -0.811707
v 0.221678 0.131032 -0.880687
v 0.298534 0.136357 -0.911405
v 0.371062 0.141608 -0.926811
v 0.441570 0.147512 -0.893940
v 0.483296 0.151775 -0.828509
v 0.478454 0.152763 -0.747348
v 0.478454 0.152763 -0.747348
v 0.444211 0.151284 -0.680199
v 0.377398 0.146941 -0.636494
v 0.305079 0.141527 -0.631818
v 0.252893 0.136847 -0.674664
v 0.298534 0.136357 -0.911405
v 0.221678 0.131032 -0.880687
v 0.252893 0.136847 -0.674664
v 0.305079 0.141527 -0.631818
v 0.371062 0.141608 -0.926811
v 0.377398 0.146941 -0.636494
v 0.441570 0.147512 -0.893940
v 0.444211 0.151284 -0.680199
v 0.478454 0.152763 -0.747348
v 0.483296 0.151775 -0.828509
v 0.185958 0.129472 -0.811707
v 0.200583 0.131849 -0.735960
v 0.581180 0.091534 -0.728460
v 0.548034 0.091875 -0.756663
v 0.430535 0.073754 -0.581261
v 0.463682 0.073416 -0.553056
v 0.542836 0.015476 -0.761998
v 0.425338 -0.002644 -0.586596
v 0.542836 0.015476 -0.761998
v 0.620141 0.024788 -0.709640
v 0.502643 0.006668 -0.534236
v 0.425338 -0.002644 -0.586596
v 0.620141 0.024788 -0.709640
v 0.542836 0.015476 -0.761998
v 0.548034 0.091875 -0.756663
v 0.581180 0.091534 -0.728460
v 0.430535 0.073754 -0.581261
v 0.425338 -0.002644 -0.586596
v 0.502643 0.006668 -0.534236
v 0.463682 0.073416 -0.553056
v 0.203566 0.074428 -0.581907
v 0.241743 0.078557 -0.602394
v 0.120681 0.078618 -0.776305
v 0.082504 0.074489 -0.755819
v 0.250931 0.003382 -0.614909
v 0.129872 0.003444 -0.788819
v 0.250931 0.003382 -0.614909
v 0.174106 0.003549 -0.561038
v 0.053045 0.003609 -0.734947
v 0.129872 0.003444 -0.788819
v 0.174106 0.003549 -0.561038
v 0.250931 0.003382 -0.614909
v 0.241743 0.078557 -0.602394
v 0.203566 0.074428 -0.581907
v 0.120681 0.078618 -0.776305
v 0.129872 0.003444 -0.788819
v 0.053045 0.003609 -0.734947
v 0.082504 0.074489 -0.755819
v 0.476450 0.477684 -0.564769
v 0.483406 0.457062 -0.541007
v 0.470757 0.443339 -0.556483
v 0.465473 0.459847 -0.574698
v 0.462024 0.449106 -0.520307
v 0.453996 0.436923 -0.540495
v 0.433685 0.461771 -0.523371
v 0.431954 0.447014 -0.542719
v 0.426729 0.482393 -0.547135
v 0.426670 0.463523 -0.560934
v 0.448109 0.490351 -0.567833
v 0.443431 0.469938 -0.576923
v 0.448109 0.490351 -0.567833
v 0.443431 0.469938 -0.576923
v 0.462024 0.449106 -0.520307
v 0.483406 0.457062 -0.541007
v 0.426729 0.482393 -0.547135
v 0.433685 0.461771 -0.523371
v 0.476450 0.477684 -0.564769
v 0.448109 0.490351 -0.567833
v 0.362985 0.239349 -0.817981
v 0.366210 0.217699 -0.804532
v 0.348839 0.208672 -0.791075
v 0.328241 0.221296 -0.791064
v 0.325016 0.242946 -0.804513
v 0.342388 0.251973 -0.817971
v 0.356733 0.234659 -0.774046
v 0.343136 0.242991 -0.774039
v 0.328241 0.221296 -0.791064
v 0.348839 0.208672 -0.791075
v 0.368199 0.240616 -0.782928
v 0.366210 0.217699 -0.804532
v 0.366069 0.254908 -0.791805
v 0.362985 0.239349 -0.817981
v 0.352474 0.263240 -0.791799
v 0.342388 0.251973 -0.817971
v 0.341007 0.257281 -0.782916
v 0.325016 0.242946 -0.804513
v 0.341007 0.257281 -0.782916
v 0.325016 0.242946 -0.804513
v 0.385778 0.280083 -0.701289
v 0.359634 0.296106 -0.701277
v 0.334500 0.238314 -0.767708
v 0.358201 0.223789 -0.767719
v 0.407828 0.291541 -0.718371
v 0.385778 0.280083 -0.701289
v 0.358201 0.223789 -0.767719
v 0.378191 0.234176 -0.783205
v 0.403734 0.319022 -0.735441
v 0.374479 0.259091 -0.798681
v 0.377589 0.335045 -0.735429
v 0.350777 0.273616 -0.798671
v 0.355540 0.323587 -0.718347
v 0.330788 0.263228 -0.783183
v 0.384308 0.290953 -0.707616
v 0.368272 0.300783 -0.707609
v 0.343136 0.242991 -0.774039
v 0.356733 0.234659 -0.774046
v 0.397835 0.297982 -0.718094
v 0.384308 0.290953 -0.707616
v 0.356733 0.234659 -0.774046
v 0.368199 0.240616 -0.782928
v 0.395323 0.314840 -0.728567
v 0.366069 0.254908 -0.791805
v 0.379286 0.324668 -0.728558
v 0.352474 0.263240 -0.791799
v 0.365760 0.317639 -0.718080
v 0.341007 0.257281 -0.782916
v 0.411160 0.390637 -0.595049
v 0.406822 0.407265 -0.610619
v 0.383765 0.351932 -0.670185
v 0.387033 0.335170 -0.657603
v 0.431151 0.380636 -0.593585
v 0.404710 0.325270 -0.656999
v 0.446806 0.387262 -0.607693
v 0.419119 0.332132 -0.668982
v 0.442470 0.403888 -0.623262
v 0.415850 0.348894 -0.681566
v 0.422478 0.413890 -0.624725
v 0.398173 0.358794 -0.682168
v 0.422478 0.413890 -0.624725
v 0.398173 0.358794 -0.682168
v 0.365760 0.317639 -0.718080
v 0.368272 0.300783 -0.707609
v 0.384308 0.290953 -0.707616
v 0.397835 0.297982 -0.718094
v 0.395323 0.314840 -0.728567
v 0.379286 0.324668 -0.728558
v 0.379286 0.324668 -0.728558
v 0.352914 0.205878 -0.727815
v 0.352335 0.256089 -0.755731
v 0.345810 0.241999 -0.771295
v 0.343244 0.183065 -0.750492
v 0.377656 0.126904 -0.695856
v 0.357728 0.158910 -0.704796
v 0.395608 0.156974 -0.651288
v 0.373719 0.188187 -0.665602
v 0.365875 0.233935 -0.696915
v 0.360646 0.274161 -0.735931
v 0.379198 0.262771 -0.665151
v 0.371731 0.298142 -0.709502
v 0.386535 0.202696 -0.739741
v 0.376865 0.179881 -0.762416
v 0.369291 0.239776 -0.779624
v 0.375816 0.253864 -0.764060
v 0.374652 0.131797 -0.758986
v 0.391349 0.155726 -0.716722
v 0.407339 0.185003 -0.677527
v 0.399496 0.230749 -0.708839
v 0.384129 0.271938 -0.744260
v 0.426469 0.244695 -0.635595
v 0.412819 0.259586 -0.677075
v 0.395213 0.295917 -0.717831
v 0.369291 0.239776 -0.779624
v 0.376865 0.179881 -0.762416
v 0.412819 0.259586 -0.677075
v 0.395213 0.295917 -0.717831
v 0.869673 0.835089 -0.155899
v 0.847572 0.843717 -0.150511
v 0.851776 0.831915 -0.115606
v 0.875302 0.822729 -0.121341
v 0.824498 0.836341 -0.150141
v 0.827211 0.824061 -0.115210
v 0.809262 0.815774 -0.154931
v 0.810994 0.802166 -0.120310
v 0.807687 0.789875 -0.163052
v 0.809317 0.774596 -0.128955
v 0.820373 0.768534 -0.171401
v 0.822821 0.751880 -0.137844
v 0.842474 0.759904 -0.176790
v 0.846348 0.742693 -0.143580
v 0.865548 0.767284 -0.177159
v 0.870911 0.750547 -0.143974
v 0.880782 0.787849 -0.172371
v 0.887129 0.772440 -0.138876
v 0.882357 0.813748 -0.164248
v 0.888806 0.800012 -0.130231
v 0.882357 0.813748 -0.164248
v 0.888806 0.800012 -0.130231
v 0.824498 0.836341 -0.150141
v 0.847572 0.843717 -0.150511
v 0.880782 0.787849 -0.172371
v 0.865548 0.767284 -0.177159
v 0.809262 0.815774 -0.154931
v 0.842474 0.759904 -0.176790
v 0.807687 0.789875 -0.163052
v 0.820373 0.768534 -0.171401
v 0.869673 0.835089 -0.155899
v 0.882357 0.813748 -0.164248
v 0.853524 0.853457 -0.185906
v 0.838328 0.856360 -0.177524
v 0.848566 0.836764 -0.149223
v 0.867376 0.829420 -0.153810
v 0.821645 0.850247 -0.176494
v 0.828927 0.830485 -0.148910
v 0.809847 0.837455 -0.183208
v 0.815961 0.812981 -0.152985
v 0.807440 0.822869 -0.195106
v 0.814622 0.790939 -0.159897
v 0.815344 0.812060 -0.207637
v 0.825418 0.772775 -0.167003
v 0.830540 0.809157 -0.216021
v 0.844226 0.765432 -0.171590
v 0.847223 0.815270 -0.217051
v 0.863865 0.771711 -0.171905
v 0.859021 0.828064 -0.210336
v 0.876832 0.789214 -0.167828
v 0.861428 0.842649 -0.198440
v 0.878172 0.811259 -0.160916
v 0.861428 0.842649 -0.198440
v 0.878172 0.811259 -0.160916
v 0.832137 0.892257 -0.215415
v 0.823320 0.888904 -0.206631
v 0.811453 0.883778 -0.204970
v 0.801068 0.878839 -0.211067
v 0.796133 0.875971 -0.222592
v 0.798532 0.876273 -0.235145
v 0.807349 0.879626 -0.243930
v 0.819216 0.884751 -0.245589
v 0.829601 0.889691 -0.239495
v 0.834537 0.892559 -0.227969
v 0.834537 0.892559 -0.227969
v 0.813091 0.928699 -0.216466
v 0.808528 0.924382 -0.211026
v 0.801284 0.920681 -0.209729
v 0.794130 0.919012 -0.213068
v 0.789796 0.920011 -0.219769
v 0.789935 0.923297 -0.227272
v 0.794500 0.927614 -0.232712
v 0.801742 0.931312 -0.234009
v 0.808896 0.932982 -0.230670
v 0.813232 0.931983 -0.223969
v 0.813232 0.931983 -0.223969
v 0.793432 0.960141 -0.205371
v 0.789811 0.958291 -0.204723
v 0.798781 0.910302 -0.205663
v 0.817574 0.919901 -0.209033
v 0.786739 0.959378 -0.207126
v 0.784536 0.910238 -0.220862
v 0.786739 0.959378 -0.207126
v 0.787285 0.962313 -0.210180
v 0.789086 0.919777 -0.239430
v 0.784536 0.910238 -0.220862
v 0.790906 0.964161 -0.210828
v 0.807878 0.929376 -0.242798
v 0.793981 0.963076 -0.208424
v 0.822123 0.929438 -0.227599
v 0.790906 0.964161 -0.210828
v 0.787285 0.962313 -0.210180
v 0.786739 0.959378 -0.207126
v 0.793981 0.963076 -0.208424
v 0.789811 0.958291 -0.204723
v 0.793432 0.960141 -0.205371
v 0.784536 0.910238 -0.220862
v 0.789086 0.919777 -0.239430
v 0.807878 0.929376 -0.242798
v 0.822123 0.929438 -0.227599
v 0.817574 0.919901 -0.209033
v 0.798781 0.910302 -0.205663
v 0.875866 0.825975 0.135233
v 0.881495 0.813616 0.100675
v 0.857969 0.822801 0.094939
v 0.853765 0.834604 0.129844
v 0.833406 0.814947 0.094545
v 0.830691 0.827226 0.129474
v 0.817189 0.793054 0.099643
v 0.815457 0.806659 0.134264
v 0.815511 0.765482 0.108288
v 0.813881 0.780760 0.142385
v 0.829015 0.742765 0.117177
v 0.826566 0.759421 0.150734
v 0.852541 0.733579 0.122913
v 0.848667 0.750791 0.156123
v 0.877105 0.741435 0.123307
v 0.871741 0.758169 0.156494
v 0.893323 0.763327 0.118209
v 0.886976 0.778737 0.151704
v 0.894999 0.790898 0.109564
v 0.888551 0.804636 0.143582
v 0.888551 0.804636 0.143582
v 0.894999 0.790898 0.109564
v 0.830691 0.827226 0.129474
v 0.871741 0.758169 0.156494
v 0.886976 0.778737 0.151704
v 0.853765 0.834604 0.129844
v 0.815457 0.806659 0.134264
v 0.848667 0.750791 0.156123
v 0.813881 0.780760 0.142385
v 0.826566 0.759421 0.150734
v 0.888551 0.804636 0.143582
v 0.875866 0.825975 0.135233
v 0.859717 0.844344 0.165239
v 0.873569 0.820306 0.133143
v 0.854760 0.827651 0.128558
v 0.844523 0.847247 0.156857
v 0.835122 0.821372 0.128242
v 0.827838 0.841133 0.155827
v 0.822156 0.803867 0.132318
v 0.816042 0.828342 0.162543
v 0.820815 0.781825 0.139232
v 0.813635 0.813755 0.174439
v 0.831611 0.763663 0.146336
v 0.821539 0.802947 0.186970
v 0.850421 0.756318 0.150924
v 0.836735 0.800045 0.195354
v 0.870059 0.762597 0.151238
v 0.853418 0.806157 0.196384
v 0.883025 0.780102 0.147162
v 0.865216 0.818949 0.189670
v 0.884366 0.802144 0.140250
v 0.867621 0.833535 0.177773
v 0.867621 0.833535 0.177773
v 0.884366 0.802144 0.140250
v 0.829513 0.879789 0.185966
v 0.838330 0.883144 0.194749
v 0.817646 0.874664 0.184304
v 0.807261 0.869724 0.190400
v 0.802326 0.866858 0.201925
v 0.804725 0.867159 0.214479
v 0.813542 0.870513 0.223263
v 0.825411 0.875639 0.224922
v 0.835794 0.880579 0.218829
v 0.840730 0.883445 0.207302
v 0.840730 0.883445 0.207302
v 0.814721 0.915267 0.190361
v 0.819285 0.919584 0.195799
v 0.807478 0.911569 0.189063
v 0.800323 0.909899 0.192402
v 0.795989 0.910898 0.199102
v 0.796130 0.914182 0.206606
v 0.800693 0.918500 0.212046
v 0.807935 0.922200 0.213342
v 0.815091 0.923869 0.210003
v 0.819426 0.922870 0.203304
v 0.819426 0.922870 0.203304
v 0.799625 0.951028 0.184704
v 0.823769 0.910788 0.188366
v 0.804976 0.901187 0.184996
v 0.796004 0.949178 0.184056
v 0.790729 0.901125 0.200196
v 0.792932 0.950263 0.186460
v 0.792932 0.950263 0.186460
v 0.790729 0.901125 0.200196
v 0.795279 0.910663 0.218763
v 0.793480 0.953198 0.189513
v 0.814071 0.920264 0.222132
v 0.797101 0.955048 0.190161
v 0.828316 0.920324 0.206932
v 0.800174 0.953963 0.187758
v 0.797101 0.955048 0.190161
v 0.800174 0.953963 0.187758
v 0.792932 0.950263 0.186460
v 0.793480 0.953198 0.189513
v 0.796004 0.949178 0.184056
v 0.799625 0.951028 0.184704
v 0.790729 0.901125 0.200196
v 0.828316 0.920324 0.206932
v 0.814071 0.920264 0.222132
v 0.795279 0.910663 0.218763
v 0.804976 0.901187 0.184996
v 0.823769 0.910788 0.188366
v 0.455428 0.997455 1.119952
v 0.455825 1.054633 1.122500
v 0.409710 1.033534 1.041784
v 0.432418 0.957933 1.078732
v 0.439684 1.108611 1.096245
v 0.420411 1.122583 1.063256
v 0.453809 0.997424 1.120886
v 0.430810 0.957902 1.079659
v 0.408044 1.033502 1.042745
v 0.454170 1.054602 1.123454
v 0.418696 1.122550 1.064244
v 0.437987 1.108578 1.097224
v 0.396463 0.979376 -0.967082
v 0.395847 1.025985 -0.967259
v 0.467536 1.006662 -0.944594
v 0.432234 0.946111 -0.955782
v 0.420941 1.069218 -0.959307
v 0.450901 1.079713 -0.949828
v 0.396922 0.979376 -0.968535
v 0.432690 0.946111 -0.957223
v 0.468009 1.006662 -0.946089
v 0.396316 1.025985 -0.968745
v 0.451386 1.079713 -0.951367
v 0.421421 1.069218 -0.960829
v 0.478549 0.405909 0.260040
v 0.478365 0.433646 0.259708
v 0.499697 0.422146 0.299037
v 0.489194 0.386113 0.279664
v 0.476716 0.405909 0.261034
v 0.487359 0.386113 0.280659
v 0.497876 0.422146 0.300024
v 0.476541 0.433646 0.260697
v 0.462526 0.402712 -0.244751
v 0.462662 0.422661 -0.244514
v 0.447010 0.414390 -0.272631
v 0.454717 0.388476 -0.258780
v 0.463836 0.402712 -0.245480
v 0.456028 0.388476 -0.259511
v 0.448314 0.414390 -0.273355
v 0.463965 0.422661 -0.245240
v -0.219729 0.249695 -0.848569
v -0.200766 0.249695 -0.863980
v -0.216175 0.249695 -0.882945
v -0.235140 0.249695 -0.867534
v 0.989486 0.003306 -1.239744
v 0.989486 0.003306 -1.239744
v 0.197118 0.003306 -1.239744
v -0.548785 0.003306 -1.239744
v -1.275614 0.003306 -1.239745
v -1.275614 0.003306 -1.239745
v -0.799348 0.241992 -1.225511
v 0.498528 0.242169 -1.225511
v -1.143048 0.242169 -1.225511
v -0.770568 0.241992 -1.074918
v 0.469748 0.242169 -1.074918
v -1.171829 0.242169 -1.074918
v 0.319713 0.455226 -1.064141
v 0.322277 0.540809 -1.059698
v 0.568718 0.423424 -1.059167
v 0.568718 0.544497 -1.059167
v -0.129902 0.427227 -1.058335
v -0.136157 0.514363 -1.055990
v -0.618422 0.541012 -1.050990
v -0.600277 0.451780 -1.050506
v -0.877530 0.418852 -1.045802
v -0.877530 0.554385 -1.045802
v -0.148171 0.184570 -1.034841
v -0.148171 0.262549 -1.034841
v -0.148171 0.262549 -1.034841
v -0.382217 0.262925 -1.025694
v -0.504506 1.429801 -1.025244
v 0.516638 1.464644 -1.025244
v -0.099899 1.464644 -1.025244
v -0.814656 1.464644 -1.025244
v 0.270365 1.438511 -1.025244
v -0.323392 0.262925 -1.019738
v -0.323392 0.262925 -1.019738
v -0.260332 0.275606 -1.015986
v -0.203414 0.262549 -1.013710
v -0.203414 0.262549 -1.013710
v -0.109596 0.262549 -1.012393
v -0.204717 0.275606 -1.004903
v -0.204717 0.275606 -1.004903
v 0.542142 0.630526 -0.998994
v 0.552467 0.856107 -0.998994
v -0.422599 0.262925 -0.995521
v -0.422599 0.262925 -0.995521
v -0.320471 0.275606 -0.994365
v -0.320471 0.275606 -0.994365
v 0.575396 1.045912 -0.985720
v -0.203471 0.248918 -0.983798
v -0.519370 -0.002625 -0.978614
v -0.493454 0.099203 -0.974422
v -0.095616 0.248918 -0.972349
v 0.843043 0.242169 -0.970681
v 0.497712 0.242169 -0.970681
v -0.798533 0.242169 -0.970681
v -1.143865 0.242169 -0.970681
v 0.346200 0.599577 -0.967464
v -0.249901 0.265805 -0.965992
v -0.491613 -0.002625 -0.963528
v -0.200383 0.256493 -0.963086
v -0.168559 0.258187 -0.962161
v -0.537255 0.099203 -0.961367
v -0.450342 0.099203 -0.959240
v 0.385244 0.568663 -0.958141
v -0.316812 0.249136 -0.956242
v -0.334993 0.269947 -0.954173
v -0.066060 0.283119 -0.952792
v -0.066060 0.283119 -0.952792
v -0.316412 0.256493 -0.952653
v -0.512169 0.076908 -0.952633
v -0.534454 -0.002625 -0.950857
v -0.496600 0.076908 -0.944173
v -0.441367 -0.002625 -0.940413
v -0.193837 0.221430 -0.939419
v -0.820283 0.738235 -0.939294
v -0.820283 0.973827 -0.939294
v -1.119481 0.738235 -0.939005
v -1.119481 0.973827 -0.939005
v -0.520629 0.076908 -0.937065
v -0.418637 0.249136 -0.936632
v 0.499335 1.254024 -0.936071
v -0.202585 -0.007553 -0.933510
v -0.433871 0.285956 -0.933047
v -0.433871 0.285956 -0.933047
v 0.371062 0.141608 -0.926811
v -0.455855 0.076908 -0.926343
v -0.413249 -0.002625 -0.926010
v -0.565016 0.099203 -0.925059
v -0.805003 0.777954 -0.923214
v -0.805003 0.934108 -0.923214
v -1.135069 0.777954 -0.922896
v -1.135069 0.934108 -0.922896
v -0.424390 0.099203 -0.921617
v -0.440085 0.076908 -0.918264
v 0.763077 0.242169 -0.917555
v 0.577680 0.242169 -0.917556
v -0.878500 0.242169 -0.917556
v -1.063897 0.242169 -0.917556
v -0.102583 0.221430 -0.917237
v -0.127927 -0.007553 -0.915331
v -0.342233 -0.007553 -0.914952
v 0.404526 0.568663 -0.913879
v 0.787732 0.630526 -0.913242
v 0.542142 0.630526 -0.913242
v -0.245133 0.265805 -0.911978
v -0.166214 0.258187 -0.909939
v 0.670378 0.242169 -0.907674
v -0.971198 0.242169 -0.907674
v -0.369932 0.221430 -0.907186
v -0.563101 -0.002625 -0.905774
v 0.299228 0.521131 -0.904486
v -0.201433 -0.007553 -0.904101
v -0.448164 0.076908 -0.902496
v 0.304923 0.513196 -0.901892
v -0.193770 0.221430 -0.901570
v -0.543292 0.076908 -0.900254
v -0.228123 0.312512 -0.899877
v -0.427652 -0.002625 -0.897893
v -0.201017 0.312512 -0.897076
v -0.330127 0.269947 -0.896363
v 0.308639 0.513196 -0.893364
v -0.277156 0.221430 -0.893299
v 0.300967 0.529064 -0.890021
v 0.345724 0.630494 -0.888263
v -0.269053 -0.007553 -0.887607
v 0.306659 0.521131 -0.887427
v -0.552752 0.076908 -0.885271
v 0.519288 0.738235 -0.883916
v 0.519288 0.973827 -0.883916
v -0.249272 0.312512 -0.882692
v -0.249272 0.312512 -0.882692
v 0.221678 0.131032 -0.880687
v -0.067845 0.283119 -0.879647
v -0.067845 0.283119 -0.879647
v -0.566136 0.099203 -0.879367
v -0.368841 0.221430 -0.879294
v -0.579968 -0.002625 -0.879062
v 0.384766 0.599577 -0.878940
v -0.183832 0.312512 -0.875928
v -0.425509 0.099203 -0.875924
v -0.537771 0.076908 -0.875811
v -0.342163 -0.007553 -0.875046
v 0.503702 0.777954 -0.867807
v 0.503702 0.934108 -0.867807
v -0.473582 0.076908 -0.865935
v -0.435114 0.285956 -0.865414
v -0.435114 0.285956 -0.865414
v 0.779332 0.768358 -0.863773
v 0.779332 0.768358 -0.863773
v 0.564905 0.768358 -0.863773
v 0.564905 0.768358 -0.863773
v -0.553256 -0.002625 -0.862195
v -0.497594 0.076908 -0.858777
v -0.252074 0.312512 -0.855586
v -0.460009 -0.002625 -0.852089
v -0.482008 0.076908 -0.850349
v -0.186633 0.312512 -0.848822
v -0.540182 0.099203 -0.841743
v -0.453270 0.099203 -0.839616
v -0.502825 -0.002625 -0.839327
v -0.234887 0.312512 -0.834438
v -0.207781 0.312512 -0.831637
v 0.483296 0.151775 -0.828509
v -0.497072 0.099203 -0.826559
v -0.475036 -0.002625 -0.824300
v 0.362985 0.239349 -0.817981
v 0.342388 0.251973 -0.817971
v 0.185958 0.129472 -0.811707
v 0.419834 1.431250 -0.809904
v 0.419834 1.431250 -0.809904
v 0.366210 0.217699 -0.804532
v -0.228802 0.267520 -0.799304
v -0.181492 0.237810 -0.798783
v 0.374479 0.259091 -0.798681
v 0.374479 0.259091 -0.798681
v 0.350777 0.273616 -0.798671
v 0.350777 0.273616 -0.798671
v 0.747779 0.541994 -0.797930
v 0.613706 0.670971 -0.797930
v 0.735498 0.678349 -0.797930
v -0.182170 0.230235 -0.796594
v 0.366069 0.254908 -0.791805
v 0.352474 0.263240 -0.791799
v 0.348839 0.208672 -0.791075
v 0.328241 0.221296 -0.791064
v -0.298750 0.237810 -0.787332
v -0.081806 0.230235 -0.785949
v -0.273988 0.267520 -0.785836
v -0.184358 0.270157 -0.783733
v 0.378191 0.234176 -0.783205
v 0.378191 0.234176 -0.783205
v 0.330788 0.263228 -0.783183
v 0.330788 0.263228 -0.783183
v 0.368199 0.240616 -0.782928
v 0.120681 0.078618 -0.776305
v -0.299091 0.230453 -0.775502
v 0.356733 0.234659 -0.774046
v 0.343136 0.242991 -0.774039
v 0.345810 0.241999 -0.771295
v 0.358201 0.223789 -0.767719
v 0.358201 0.223789 -0.767719
v 0.334500 0.238314 -0.767708
v 0.334500 0.238314 -0.767708
v 0.548034 0.091875 -0.756663
v 0.082504 0.074489 -0.755819
v -0.404072 0.230453 -0.755807
v 0.747779 0.541994 -0.754112
v 0.613706 0.670971 -0.754112
v 0.735498 0.678349 -0.754112
v -0.235064 0.283867 -0.753959
v 0.356408 0.102253 -0.750802
v 0.356408 0.102253 -0.750802
v 0.343244 0.183065 -0.750492
v 0.410878 1.360979 -0.749555
v -0.302653 0.270157 -0.748472
v -0.252169 0.273661 -0.747373
v 0.341032 0.134981 -0.747062
v -0.157629 0.274426 -0.745068
v -0.226285 0.300760 -0.742898
v -0.246135 0.268818 -0.741574
v 0.403734 0.319022 -0.735441
v 0.403734 0.319022 -0.735441
v 0.377589 0.335045 -0.735429
v 0.377589 0.335045 -0.735429
v 0.053045 0.003609 -0.734947
v -0.240640 0.312292 -0.731051
v -0.260492 0.280348 -0.729728
v 0.395323 0.314840 -0.728567
v 0.581180 0.091534 -0.728460
v -0.234609 0.307449 -0.725252
v -0.576906 -0.004572 -0.723385
v -0.251713 0.297241 -0.718667
v 0.407828 0.291541 -0.718371
v 0.407828 0.291541 -0.718371
v 0.355540 0.323587 -0.718347
v 0.355540 0.323587 -0.718347
v 0.397835 0.297982 -0.718094
v 0.365760 0.317639 -0.718080
v -0.225264 0.302026 -0.717754
v -0.538330 0.146998 -0.717147
v -0.247317 0.292739 -0.711179
v 0.620141 0.024788 -0.709640
v 0.371731 0.298142 -0.709502
v 0.384308 0.290953 -0.707616
v 0.368272 0.300783 -0.707609
v -0.303852 0.274426 -0.701483
v 0.385778 0.280083 -0.701289
v 0.385778 0.280083 -0.701289
v 0.359634 0.296106 -0.701277
v 0.359634 0.296106 -0.701277
v -0.535591 -0.004572 -0.700931
v -0.208204 0.306670 -0.700804
v -0.214559 0.317098 -0.698909
v -0.158827 0.278695 -0.698079
v -0.603529 0.146998 -0.697715
v 0.377656 0.126904 -0.695856
v -0.474161 0.146998 -0.694547
v -0.245958 0.277669 -0.689551
v -0.252313 0.288097 -0.687656
v -0.566187 0.113814 -0.684714
v -0.599359 -0.004572 -0.682068
v 0.415850 0.348894 -0.681566
v -0.041329 0.266216 -0.679374
v -0.041329 0.266216 -0.679374
v -0.213199 0.302026 -0.677281
v 0.733723 0.833132 -0.672568
v -0.543015 0.113814 -0.672122
v -0.235254 0.292739 -0.670706
v 0.383765 0.351932 -0.670185
v -0.143306 0.255204 -0.669799
v 0.707355 0.785066 -0.669676
v 0.419119 0.332132 -0.668982
v -0.460800 -0.004572 -0.666523
v 0.737662 0.889179 -0.665211
v 0.379198 0.262771 -0.665151
v -0.277122 0.278695 -0.662818
v -0.578782 0.113814 -0.661542
v -0.187493 0.281333 -0.660715
v -0.225095 0.262439 -0.658631
v 0.387033 0.335170 -0.657603
v 0.665622 0.757858 -0.657312
v 0.404710 0.325270 -0.656999
v -0.165148 0.221430 -0.656234
v 0.395608 0.156974 -0.651288
v -0.173844 -0.007553 -0.650155
v 0.718117 0.938188 -0.649579
v -0.304789 0.266373 -0.649390
v -0.232678 0.281333 -0.647246
v -0.482366 0.113814 -0.645581
v -0.418948 -0.004572 -0.645084
v -0.644850 0.146998 -0.643669
v 0.303657 1.548845 -0.641688
v 0.303657 1.548845 -0.641688
v 0.549293 0.854052 -0.639314
v 0.619710 0.758800 -0.638788
v 0.619710 0.758800 -0.638788
v -0.435532 0.146998 -0.638547
v -0.073799 0.221430 -0.633736
v -0.458893 0.113814 -0.633558
v -0.313580 -0.007553 -0.631893
v 0.305079 0.141527 -0.631818
v -0.098816 -0.007553 -0.630734
v 0.560799 0.816819 -0.630507
v -0.410403 0.271312 -0.630305
v -0.410403 0.271312 -0.630305
v 0.680325 0.967025 -0.629857
v 0.779332 0.756962 -0.627961
v 0.564905 0.756962 -0.627961
v -0.341408 0.221430 -0.624553
v 0.392848 0.247879 -0.623669
v 0.442470 0.403888 -0.623262
v -0.129043 0.255204 -0.621216
v 0.554104 0.861889 -0.620645
v -0.064002 0.248918 -0.620504
v -0.172421 -0.007553 -0.619835
v 0.581918 0.787638 -0.619067
v -0.165008 0.221430 -0.618142
v 0.303657 1.458196 -0.617686
v -0.039363 0.266216 -0.617311
v -0.039363 0.266216 -0.617311
v -0.642000 -0.004572 -0.614966
v 0.565610 0.824656 -0.611838
v 0.634412 0.967968 -0.611333
v 0.406822 0.407265 -0.610619
v -0.210663 0.262439 -0.610112
v -0.470916 0.113814 -0.610085
v -0.248250 0.221430 -0.609392
v 0.446806 0.387262 -0.607693
v -0.612516 0.113814 -0.606747
v -0.240307 -0.007553 -0.604234
v -0.161587 0.256493 -0.603704
v 0.562372 0.836647 -0.603434
v -0.440387 -0.004572 -0.603233
v 0.418498 0.236645 -0.602772
v 0.418498 0.236645 -0.602772
v 0.241743 0.078557 -0.602394
v 0.543921 0.813697 -0.601924
v 0.528574 0.838036 -0.599631
v 0.592680 0.940760 -0.598969
v 0.554190 0.823559 -0.596737
v 0.566311 0.892693 -0.596077
v -0.340056 0.221430 -0.595795
v 0.411160 0.390637 -0.595049
v -0.291835 0.266373 -0.595011
v 0.538842 0.847897 -0.594442
v 0.431151 0.380636 -0.593585
v -0.059757 0.257714 -0.592597
v -0.059757 0.257714 -0.592597
v -0.160523 0.248918 -0.591742
v -0.313434 -0.007553 -0.591732
v 0.518083 0.815629 -0.586213
v 0.518083 0.815629 -0.586213
v 0.525130 0.819369 -0.585095
v 0.539766 0.797851 -0.584803
v 0.539766 0.797851 -0.584803
v -0.626596 0.113814 -0.584447
v 0.538237 0.808196 -0.583365
v 0.524140 0.831566 -0.582126
v 0.203566 0.074428 -0.581907
v 0.516492 0.835239 -0.581548
v 0.516492 0.835239 -0.581548
v 0.430535 0.073754 -0.581261
v -0.277939 0.256493 -0.578981
v 0.547529 0.817170 -0.577530
v 0.555147 0.813081 -0.576497
v 0.555147 0.813081 -0.576497
v 0.533431 0.840541 -0.576289
v -0.277267 0.249136 -0.575723
v -0.646515 0.146998 -0.575658
v -0.667104 -0.004572 -0.575205
v 0.465473 0.459847 -0.574698
v 0.531953 0.850443 -0.573293
v 0.531953 0.850443 -0.573293
v 0.551306 0.838939 -0.570838
v 0.551306 0.838939 -0.570838
v -0.437196 0.146998 -0.570534
v -0.604295 0.113814 -0.570367
v -0.100078 0.257714 -0.568084
v 0.476450 0.477684 -0.564769
v -0.372128 0.249136 -0.564160
v -0.388600 0.271312 -0.561892
v -0.388600 0.271312 -0.561892
v 0.174106 0.003549 -0.561038
v 0.426670 0.463523 -0.560934
v -0.153167 0.257714 -0.559801
v -0.153167 0.257714 -0.559801
v 0.470757 0.443339 -0.556483
v 0.536961 0.791790 -0.556129
v -0.508751 0.113814 -0.555665
v 0.550862 0.807289 -0.555379
v 0.463682 0.073416 -0.553056
v 0.763462 0.814479 -0.551075
v -0.627344 -0.004572 -0.550099
v 0.517520 0.805586 -0.549913
v -0.150579 0.268826 -0.548830
v -0.150579 0.268826 -0.548830
v 0.742150 0.775475 -0.548763
v 0.529112 0.839843 -0.548376
v 0.426729 0.482393 -0.547135
v 0.515971 0.823734 -0.546547
v 0.766622 0.859984 -0.545087
v -0.544494 0.113814 -0.545011
v 0.431954 0.447014 -0.542719
v -0.269701 0.258034 -0.542212
v -0.269701 0.258034 -0.542212
v 0.483406 0.457062 -0.541007
v 0.453996 0.436923 -0.540495
v 0.708402 0.753422 -0.538772
v -0.488549 -0.004572 -0.535056
v 0.502643 0.006668 -0.534236
v -0.521296 0.113814 -0.532467
v 0.750788 0.899794 -0.532405
v -0.365311 0.258034 -0.531819
v -0.365311 0.258034 -0.531819
v 0.562752 0.801766 -0.528748
v -0.201401 0.268826 -0.526461
v -0.315420 0.258034 -0.526349
v -0.265876 0.268826 -0.525780
v -0.265876 0.268826 -0.525780
v 0.671257 0.754229 -0.523777
v 0.671257 0.754229 -0.523777
v 0.433685 0.461771 -0.523371
v 0.551947 0.784228 -0.522618
v 0.462024 0.449106 -0.520307
v -0.607885 0.146998 -0.519656
v -0.478520 0.146998 -0.516490
v 0.720200 0.923245 -0.516427
v -0.552279 -0.004572 -0.516059
v 0.531550 0.798097 -0.514584
v 0.542726 0.833096 -0.514547
v 0.583689 0.797137 -0.508561
v 0.583689 0.797137 -0.508561
v 0.640669 0.777679 -0.507799
v 0.776575 0.806936 -0.507792
v 0.756385 0.769980 -0.505601
v 0.579349 0.826346 -0.502168
v 0.579349 0.826346 -0.502168
v 0.779571 0.850051 -0.502118
v 0.578173 0.799878 -0.501726
v 0.683055 0.924051 -0.501432
v -0.543717 0.146998 -0.497056
v 0.573429 0.775341 -0.496719
v 0.573429 0.775341 -0.496719
v 0.724408 0.749084 -0.496135
v 0.624833 0.817491 -0.495117
v -0.510916 -0.004572 -0.493693
v 0.572327 0.786214 -0.493595
v 0.635686 0.807705 -0.493265
v 0.649305 0.901999 -0.491441
v 0.764567 0.887771 -0.490101
v 0.627995 0.862995 -0.489128
v 0.747779 0.541994 -0.486307
v 0.613706 0.670971 -0.486307
v 0.735498 0.678349 -0.486307
v 0.566923 0.823301 -0.485631
v 0.604914 0.802920 -0.484668
v 0.604914 0.802920 -0.484668
v 0.564652 0.834436 -0.483788
v 0.564652 0.834436 -0.483788
v 0.641876 0.796553 -0.482842
v 0.689212 0.749849 -0.481927
v 0.689212 0.749849 -0.481927
v 0.602896 0.816503 -0.481695
v 0.562477 0.795423 -0.479598
v 0.561007 0.809665 -0.477509
v 0.605129 0.793085 -0.476222
v 0.556574 0.790189 -0.475677
v 0.556574 0.790189 -0.475677
v 0.636797 0.830753 -0.475358
v 0.735585 0.909992 -0.474962
v -0.540567 -0.006207 -0.474452
v -0.540567 0.106223 -0.474452
v 0.554263 0.812679 -0.472007
v 0.601058 0.820275 -0.470096
v 0.660230 0.772069 -0.466788
v 0.642987 0.819599 -0.464933
v 0.645019 0.810648 -0.464902
v 0.602760 0.799995 -0.463294
v -0.538039 0.119533 -0.461627
v 0.601194 0.810469 -0.461615
v 0.700391 0.910755 -0.460755
v 0.645227 0.809788 -0.454772
v 0.668415 0.889860 -0.451288
v 0.648222 0.852904 -0.449098
v 0.136933 0.082979 -0.445970
v -0.003052 0.082979 -0.445970
v -0.449184 0.082979 -0.445970
v -0.201502 0.096596 -0.445970
v 0.747779 0.541994 -0.442490
v 0.613706 0.670971 -0.442490
v 0.735498 0.678349 -0.442490
v 0.769653 1.128210 -0.437344
v 0.717704 1.128210 -0.437344
v 0.717704 1.128210 -0.437344
v 0.280853 -0.006207 -0.428824
v 0.280853 0.106225 -0.428824
v 0.717704 1.117017 -0.426904
v 0.771259 1.267729 -0.424825
v 0.707456 1.267729 -0.424825
v 0.269934 0.119533 -0.421639
v 0.717704 1.233857 -0.421562
v 0.770845 0.311224 -0.416775
v 0.359367 0.311224 -0.416775
v 0.359367 0.311224 -0.416775
v 0.779332 0.768315 -0.387647
v 0.779332 0.768315 -0.387647
v 0.564905 0.768315 -0.387647
v 0.564905 0.768315 -0.387647
v 0.359367 -0.000131 -0.381084
v -0.385801 -0.006207 -0.370660
v -0.385801 0.106223 -0.370660
v -0.398625 0.119533 -0.368132
v 0.717704 1.176360 -0.367938
v 0.703682 0.769277 -0.347749
v 0.771259 1.046490 -0.345342
v 0.707456 1.046490 -0.345342
v 0.702591 0.590461 -0.340242
v 0.407147 0.274650 -0.335583
v 0.126154 0.073761 -0.330179
v 0.247817 0.073761 -0.329159
v -0.610145 0.082979 -0.328074
v -0.488495 0.082979 -0.325954
v 0.136933 0.082979 -0.324302
v -0.003052 0.082979 -0.324302
v -0.449184 0.082979 -0.324302
v -0.201502 0.096596 -0.324302
v 0.720145 0.268221 -0.322966
v 0.720145 1.065063 -0.319123
v 0.720145 0.697152 -0.315961
v 0.580178 0.565895 -0.303434
v 0.580178 0.565895 -0.303434
v 0.771259 1.202955 -0.298434
v 0.707456 1.202955 -0.298434
v 0.580178 0.505246 -0.297923
v 0.986322 1.082152 -0.296164
v 0.768769 1.082152 -0.296164
v 0.771259 1.152054 -0.293948
v 0.707456 1.152054 -0.293948
v 0.071631 0.119533 -0.291137
v 0.784352 0.724133 -0.288382
v 0.771259 1.328818 -0.286286
v 0.707456 1.328818 -0.286286
v 0.060711 -0.006207 -0.283950
v 0.060711 0.106225 -0.283950
v 0.784352 0.642347 -0.283179
v 0.569654 0.560666 -0.279882
v 0.580178 0.446880 -0.273319
v 0.986322 -0.000265 -0.271794
v 0.610580 0.641738 -0.258651
v 0.550216 0.641738 -0.258651
v 0.720145 0.700464 -0.258434
v 0.236033 0.119533 -0.257236
v 0.702591 0.602475 -0.251428
v 0.720145 0.267535 -0.248445
v 0.720145 1.072686 -0.248127
v 0.601574 0.553227 -0.246378
v 0.558780 0.553227 -0.246378
v 0.558780 0.553227 -0.246378
v 0.243220 -0.006207 -0.246318
v 0.243220 0.106225 -0.246318
v 0.807878 0.929376 -0.242798
v 0.610580 0.679367 -0.241631
v 0.550216 0.679367 -0.241631
v 0.580178 0.420075 -0.241321
v 0.771259 1.235821 -0.240809
v 0.707456 1.235821 -0.240809
v 0.607652 0.540333 -0.240212
v 0.552702 0.540333 -0.240212
v 0.552702 0.540333 -0.240212
v 0.789086 0.919777 -0.239430
v 0.607819 0.630072 -0.238180
v 0.552977 0.630072 -0.238180
v 0.703682 0.756629 -0.237289
v 0.580398 0.698182 -0.233122
v -0.492120 0.119533 -0.228718
v 0.822123 0.929438 -0.227599
v 0.607819 0.665344 -0.225467
v 0.552977 0.665344 -0.225467
v 0.580398 0.682979 -0.219109
v -0.489592 -0.006207 -0.215894
v -0.489592 0.106223 -0.215894
v 0.678265 0.370610 -0.215398
v 0.678265 0.370610 -0.215398
v 0.471138 0.370610 -0.213562
v 0.471138 0.370610 -0.213562
v 0.790906 0.964161 -0.210828
v 0.787285 0.962313 -0.210180
v 0.771259 1.136836 -0.209356
v 0.707456 1.136836 -0.209356
v 0.817574 0.919901 -0.209033
v 0.793981 0.963076 -0.208424
v 0.559657 0.370610 -0.208051
v 0.580398 0.594137 -0.207699
v 0.580398 0.594137 -0.207699
v 0.798781 0.910302 -0.205663
v 0.793432 0.960141 -0.205371
v 0.606474 0.612174 -0.204867
v 0.606474 0.612174 -0.204867
v 0.554324 0.612174 -0.204867
v 0.554324 0.612174 -0.204867
v 0.789811 0.958291 -0.204723
v 0.596300 0.619211 -0.203763
v 0.564495 0.619209 -0.203763
v 0.568443 0.598070 -0.200894
v 0.596300 0.641212 -0.200307
v 0.564495 0.641212 -0.200307
v 0.580178 0.403784 -0.199530
v 0.606474 0.648248 -0.199203
v 0.606474 0.648248 -0.199203
v 0.554324 0.648248 -0.199203
v 0.554324 0.648248 -0.199203
v 0.580398 0.652213 -0.198581
v 0.580398 0.666286 -0.196370
v 0.580398 0.666286 -0.196370
v -0.153234 0.374377 -0.196308
v -0.612585 0.082979 -0.188110
v -0.490935 0.082979 -0.185990
v 0.621212 0.572539 -0.172354
v 0.539585 0.572539 -0.172354
v -0.280527 0.371844 -0.171420
v 0.590926 0.648731 -0.158717
v 0.570885 0.648731 -0.158717
v 0.597038 0.691069 -0.154018
v 0.564774 0.691069 -0.154018
v -0.158704 0.370465 -0.151161
v 0.580178 0.412274 -0.146236
v 0.621212 0.636221 -0.145157
v 0.539585 0.636221 -0.145157
v 0.607652 0.503717 -0.143919
v 0.552702 0.503717 -0.143919
v 0.552702 0.503717 -0.143919
v 0.560864 0.638958 -0.142459
v 0.665031 0.343301 -0.142426
v 0.483212 0.343301 -0.142426
v -0.035548 0.368853 -0.142008
v 0.559657 0.355742 -0.141816
v -0.258317 0.299916 -0.138183
v 0.568443 0.558993 -0.132127
v 0.469400 0.355742 -0.132019
v 0.469400 0.355742 -0.132019
v -0.258317 0.368485 -0.131684
v -0.258317 0.368485 -0.131684
v 0.580398 0.546310 -0.130284
v 0.580398 0.546310 -0.130284
v 0.548641 0.677787 -0.126838
v 0.558780 0.473071 -0.126541
v 0.590926 0.629185 -0.126199
v 0.570885 0.629185 -0.126199
v 0.679424 0.355742 -0.125896
v 0.679424 0.355742 -0.125896
v 0.554324 0.560988 -0.120757
v 0.554324 0.560988 -0.120757
v 0.606474 0.560988 -0.120757
v 0.606474 0.560988 -0.120757
v 0.596300 0.566715 -0.117040
v 0.564495 0.566715 -0.117040
v -0.243930 0.460764 -0.116686
v -0.066607 0.366143 -0.108668
v -0.289966 0.459366 -0.107026
v 0.596300 0.584619 -0.105420
v 0.564495 0.584619 -0.105420
v 0.590700 0.457922 -0.103135
v 0.569654 0.457922 -0.103135
v 0.569654 0.457922 -0.103135
v 0.606474 0.590346 -0.101703
v 0.606474 0.590346 -0.101703
v 0.554324 0.590346 -0.101703
v 0.554324 0.590346 -0.101703
v 0.597038 0.664506 -0.099660
v 0.564774 0.664506 -0.099660
v 0.580398 0.593572 -0.099610
v 0.580178 0.433295 -0.094781
v 0.580178 0.433295 -0.094781
v 0.555304 0.464560 -0.093510
v 0.555304 0.464560 -0.093510
v 0.580398 0.605025 -0.092176
v 0.580398 0.605025 -0.092176
v 0.555304 0.519075 -0.090697
v 0.555304 0.519075 -0.090697
v 0.553423 0.329190 -0.088666
v 0.561115 0.477196 -0.083756
v 0.124079 0.073761 -0.082506
v -0.212981 0.470072 -0.082477
v 0.245742 0.073761 -0.081486
v 0.561076 0.397759 -0.078087
v -0.368803 0.362224 -0.076848
v 0.599007 0.525751 -0.066736
v 0.561789 0.525751 -0.066736
v -0.305055 0.467278 -0.063158
v -0.327399 0.360956 -0.057675
v 0.599007 0.548950 -0.056241
v 0.561789 0.548950 -0.056241
v 0.561076 0.396158 -0.052709
v 0.580398 0.560551 -0.050995
v -0.233833 0.261270 -0.050844
v 0.746937 0.752470 -0.046208
v -0.261687 0.260424 -0.045000
v 0.765205 0.832548 -0.043959
v 0.970734 0.833891 -0.043309
v 0.561115 0.477196 -0.043100
v 0.770766 0.873294 -0.041062
v 0.964594 0.874882 -0.040453
v 0.733486 0.677512 -0.037733
v 0.733486 0.677512 -0.037733
v 0.553423 0.325382 -0.036576
v 0.781001 0.910599 -0.035553
v 0.953284 0.911990 -0.035025
v 0.555304 0.472808 -0.033199
v 0.555304 0.472808 -0.033199
v -0.215108 0.266902 -0.030146
v 0.796231 0.943480 -0.030027
v 0.937081 0.944713 -0.029575
v 0.027581 0.357383 -0.029260
v -0.274106 0.476587 -0.028949
v 0.816076 0.970072 -0.026102
v 0.916639 0.971054 -0.025772
v 0.654862 0.328655 -0.025290
v 0.838872 0.987257 -0.024195
v 0.892269 0.988389 -0.023961
v 0.865161 0.994040 -0.023518
v 0.555304 0.496876 -0.023275
v 0.555304 0.496876 -0.023275
v -0.017204 0.357166 -0.020435
v -0.270817 0.265210 -0.018458
v 0.475208 0.328655 -0.014881
v 0.596238 0.506117 -0.011234
v 0.564559 0.506117 -0.011234
v 0.754148 0.656093 -0.010645
v 0.730897 0.660327 -0.010304
v 0.730897 0.660327 -0.010304
v 0.596238 0.527058 -0.005335
v 0.564559 0.527058 -0.005335
v 0.580398 0.537527 -0.002386
v 0.771259 1.181664 -0.000918
v 0.707456 1.181664 -0.000918
v 0.303657 1.582168 0.000000
v 0.771259 1.297010 0.000655
v 0.707456 1.297010 0.000655
v -0.252092 0.270843 0.002240
v 0.986322 1.227201 0.002631
v 0.768769 1.227201 0.002631
v 0.863405 0.993112 0.008927
v 0.837068 0.986303 0.009145
v 0.890469 0.987436 0.009297
v 0.814114 0.969034 0.010163
v -0.616044 0.100769 0.010309
v 0.914676 0.970015 0.010509
v -0.494395 0.100769 0.012431
v 0.793912 0.942254 0.012811
v 0.934761 0.943485 0.013298
v 0.778167 0.909100 0.016816
v 0.950445 0.910487 0.017433
v 0.734273 0.675921 0.017768
v 0.734273 0.675921 0.017768
v 0.767426 0.871528 0.020641
v 0.961252 0.873113 0.021322
v 0.761649 0.830667 0.021742
v 0.967177 0.832008 0.022445
v 0.748006 0.750310 0.029173
v 0.600884 0.490813 0.033736
v 0.559913 0.490813 0.033736
v 0.600884 0.519166 0.038127
v 0.559913 0.519166 0.038127
v 0.580398 0.533342 0.040323
v -0.339561 0.350754 0.042596
v -0.384346 0.349188 0.051284
v 0.484742 0.326797 0.063602
v 0.665031 0.326797 0.074623
v 0.555304 0.421008 0.076657
v 0.555304 0.421008 0.076657
v 0.555304 0.462392 0.079791
v 0.555304 0.462392 0.079791
v -0.029367 0.346965 0.079836
v -0.029367 0.346965 0.079836
v 0.553423 0.327216 0.083309
v 0.561115 0.432490 0.083386
v 0.598168 0.483539 0.086784
v 0.562630 0.483539 0.086784
v 0.580398 0.459974 0.088596
v 0.580398 0.459974 0.088596
v 0.598168 0.508132 0.090594
v 0.562630 0.508132 0.090594
v 0.605497 0.477433 0.091003
v 0.605497 0.477433 0.091003
v 0.555300 0.477433 0.091003
v 0.555300 0.477433 0.091003
v 0.580398 0.520429 0.092499
v 0.605427 0.512235 0.095812
v 0.605427 0.512235 0.095812
v 0.555369 0.512235 0.095812
v 0.555369 0.512235 0.095812
v 0.580398 0.529547 0.098211
v 0.580398 0.529547 0.098211
v 0.012037 0.344346 0.098871
v 0.012037 0.344346 0.098871
v 0.561076 0.385397 0.101462
v 0.122414 0.099643 0.115938
v 0.244078 0.099643 0.116957
v 0.561076 0.384432 0.130282
v -0.290160 0.341778 0.130829
v 0.553423 0.334022 0.132478
v 0.561115 0.428446 0.138157
v 0.468821 0.355742 0.144730
v 0.468821 0.355742 0.144730
v 0.676525 0.355742 0.146567
v 0.676525 0.355742 0.146567
v 0.555304 0.451051 0.149773
v 0.555304 0.451051 0.149773
v 0.555304 0.424791 0.151979
v 0.555304 0.424791 0.151979
v 0.569181 0.355742 0.152691
v 0.665031 0.342459 0.152810
v 0.483212 0.342459 0.152810
v -0.098448 0.339436 0.153845
v 0.601352 0.466412 0.159479
v 0.559444 0.466412 0.159479
v 0.559492 0.495459 0.163578
v 0.601305 0.495459 0.163578
v -0.321217 0.337718 0.164032
v 0.580398 0.509921 0.165624
v 0.208973 -0.006207 0.167964
v 0.208973 0.106225 0.167964
v -0.198064 0.337455 0.173322
v -0.531875 -0.006207 0.173413
v -0.531875 0.106223 0.173413
v 0.205185 0.119533 0.180476
v 0.796004 0.949178 0.184056
v 0.799625 0.951028 0.184704
v 0.804976 0.901187 0.184996
v -0.531752 0.119533 0.186484
v 0.800174 0.953963 0.187758
v 0.823769 0.910788 0.188366
v 0.793480 0.953198 0.189513
v 0.797101 0.955048 0.190161
v -0.076239 0.334725 0.193444
v 0.573237 0.366274 0.206141
v 0.828316 0.920324 0.206932
v 0.771259 1.121037 0.208913
v 0.707456 1.121037 0.208913
v 0.683480 0.366274 0.214714
v 0.683480 0.366274 0.214714
v 0.703682 0.756830 0.215983
v -0.203531 0.332194 0.218332
v 0.471718 0.366274 0.218388
v 0.471718 0.366274 0.218388
v 0.795279 0.910663 0.218763
v 0.814071 0.920264 0.222132
v 0.580398 0.418962 0.225226
v 0.580398 0.418962 0.225226
v 0.614729 0.442803 0.228639
v 0.614729 0.442803 0.228639
v 0.546069 0.442801 0.228639
v 0.546069 0.442801 0.228639
v 0.723400 0.271866 0.228939
v 0.702590 0.602676 0.230121
v 0.580398 0.433587 0.230713
v 0.771259 1.254612 0.232915
v 0.707456 1.254612 0.232915
v 0.603719 0.449727 0.233213
v 0.557076 0.449727 0.233213
v 0.546134 0.490378 0.235460
v 0.546134 0.490378 0.235460
v 0.614663 0.490378 0.235460
v 0.614663 0.490378 0.235460
v 0.603719 0.482007 0.238213
v 0.557076 0.482007 0.238213
v 0.580398 0.514081 0.238863
v 0.580398 0.514081 0.238863
v 0.723400 1.072686 0.239676
v 0.723400 0.688866 0.247616
v 0.101961 0.082979 0.254708
v 0.044669 -0.006207 0.255884
v 0.044669 0.106225 0.255884
v 0.121242 0.073761 0.255917
v 0.242905 0.073761 0.256937
v -0.620361 0.082979 0.257953
v -0.145693 0.093390 0.258274
v 0.580398 0.410095 0.259566
v 0.580398 0.410095 0.259566
v 0.580398 0.410095 0.259566
v 0.057181 0.119533 0.259674
v -0.498712 0.082979 0.260073
v 0.986322 -0.000265 0.260283
v -0.344123 0.082979 0.261134
v -0.484094 0.082979 0.263149
v 0.615078 0.434094 0.263283
v 0.615078 0.434094 0.263283
v 0.615078 0.434094 0.263283
v 0.545718 0.434094 0.263283
v 0.545718 0.434094 0.263283
v 0.545718 0.434094 0.263283
v 0.615078 0.482094 0.270718
v 0.615078 0.482094 0.270718
v 0.615078 0.482094 0.270718
v 0.545718 0.482094 0.270718
v 0.545718 0.482094 0.270718
v 0.545718 0.482094 0.270718
v 0.784352 0.662391 0.273353
v 0.580398 0.506095 0.274435
v 0.580398 0.506095 0.274435
v 0.784352 0.715312 0.274705
v 0.580398 0.420587 0.278962
v 0.604938 0.437569 0.281593
v 0.555857 0.437569 0.281593
v 0.986322 1.064433 0.282793
v 0.768769 1.064433 0.282793
v 0.604938 0.471536 0.286854
v 0.555857 0.471536 0.286854
v 0.771259 1.152936 0.289706
v 0.707456 1.152936 0.289706
v 0.771259 1.202014 0.292843
v 0.707456 1.202014 0.292843
v 0.723400 0.685092 0.294297
v -0.398856 -0.006207 0.303915
v -0.398856 0.106223 0.303915
v 0.723400 0.272552 0.304008
v -0.411927 0.119533 0.304041
v -0.649307 0.119533 0.306309
v -0.662380 -0.006207 0.306432
v -0.662380 0.106223 0.306432
v 0.723400 1.065063 0.310673
v 0.771259 1.332928 0.315929
v 0.707456 1.332928 0.315929
v 0.702590 0.590664 0.318936
v 0.407147 0.275712 0.321881
v 0.703682 0.769478 0.326443
v 0.771259 1.056966 0.347710
v 0.707456 1.056966 0.347710
v 0.359367 -0.000131 0.368358
v 0.717704 1.190924 0.371949
v 0.103713 0.082979 0.376363
v -0.143941 0.093390 0.379931
v -0.342371 0.082979 0.382788
v -0.482342 0.082979 0.384803
v 0.779331 0.755872 0.398132
v 0.779331 0.755872 0.398132
v 0.564905 0.755872 0.398132
v 0.564905 0.755872 0.398132
v 0.770845 0.311224 0.404047
v 0.359367 0.311224 0.404047
v 0.359367 0.311224 0.404047
v 0.136379 0.119533 0.407678
v 0.132590 -0.006207 0.420188
v 0.132590 0.106225 0.420188
v 0.717704 1.248422 0.425573
v 0.634833 0.928420 0.429330
v 0.747779 0.569115 0.430162
v 0.613706 0.675524 0.430162
v 0.735498 0.681611 0.430162
v 0.771259 1.284505 0.430608
v 0.707456 1.284505 0.430608
v 0.619680 0.176491 0.430661
v 0.717704 1.131582 0.430915
v 0.769653 1.142775 0.441355
v 0.717704 1.142775 0.441355
v 0.717704 1.142775 0.441355
v 0.667622 1.035928 0.442599
v 0.660885 0.925035 0.458112
v 0.637263 0.937877 0.459835
v 0.693130 1.006599 0.471854
v 0.602573 0.864886 0.474496
v 0.677709 1.019221 0.475829
v 0.747779 0.569115 0.477199
v 0.613706 0.675524 0.477199
v 0.735498 0.681611 0.477199
v 0.641644 0.865930 0.486799
v 0.621952 0.885190 0.493069
v -0.317363 0.014596 0.498342
v 0.585360 0.814200 0.505409
v 0.767005 0.176491 0.506453
v 0.739220 1.121427 0.506828
v 0.706669 1.116842 0.519726
v 0.706669 1.116842 0.519726
v 0.615968 0.820822 0.522601
v 0.592348 0.833664 0.524324
v 0.718833 1.077002 0.530778
v 0.718833 1.077002 0.530778
v 0.695211 1.089844 0.532501
v 0.695211 1.089844 0.532501
v -0.229570 0.095183 0.559824
v -0.229570 0.095183 0.559824
v 0.709528 1.121943 0.576696
v -0.223137 0.259896 0.579705
v -0.223137 0.259896 0.579705
v 0.579765 0.765643 0.585063
v 0.715948 1.077654 0.589284
v 0.617230 0.787904 0.590008
v 0.692326 1.090496 0.591005
v 0.593610 0.800746 0.591730
v -0.198803 0.093601 0.595327
v -0.198803 0.226191 0.595327
v 0.303657 1.458196 0.617686
v 0.779331 0.746469 0.621519
v 0.564904 0.746469 0.621519
v 0.704631 1.102786 0.628857
v 0.704631 1.102786 0.628857
v 0.707071 1.140352 0.628941
v 0.707071 1.140352 0.628941
v 0.729550 1.099902 0.633068
v 0.729550 1.099902 0.633068
v 0.752296 1.135119 0.636582
v 0.636630 0.932003 0.641331
v 0.303657 1.548845 0.641689
v 0.303657 1.548845 0.641689
v 0.644252 0.952203 0.645975
v 0.458178 0.095183 0.684559
v 0.458178 0.095183 0.684559
v 0.604005 0.809716 0.687974
v 0.580384 0.822558 0.689697
v 0.447896 0.259896 0.701408
v 0.447896 0.259896 0.701408
v 0.428720 0.093603 0.709138
v 0.428720 0.226191 0.709138
v 0.566902 0.791367 0.709817
v 0.704872 1.063235 0.716583
v 0.681249 1.076077 0.718306
v 0.689750 1.099063 0.735128
v 0.747779 0.569115 0.748070
v 0.613706 0.675524 0.748070
v 0.735498 0.681611 0.748070
v 0.620733 0.858134 0.749451
v 0.597110 0.870976 0.751172
v 0.680658 1.007262 0.753185
v 0.657037 1.020103 0.754908
v 0.261070 0.303207 0.761383
v 0.261070 0.303207 0.761383
v 0.417573 1.348390 0.768439
v 0.647773 0.936104 0.771663
v 0.589237 0.853920 0.773279
v 0.624152 0.948946 0.773384
v 0.658698 1.027278 0.782071
v 0.411352 0.332605 0.788640
v 0.411352 0.332605 0.788640
v 0.747779 0.569115 0.795093
v 0.613706 0.675524 0.795093
v 0.735498 0.681611 0.795093
v 0.621821 0.946250 0.800865
v 0.419976 1.418659 0.828788
v 0.419976 1.418659 0.828788
v 0.779331 0.755836 0.849169
v 0.779331 0.755836 0.849169
v 0.564904 0.755836 0.849169
v 0.564904 0.755836 0.849169
v 0.503196 0.777954 0.867807
v 0.503196 0.934108 0.867807
v 0.518782 0.738235 0.883916
v 0.518782 0.973827 0.883916
v 0.670378 0.242169 0.907674
v 0.787732 0.630526 0.913242
v 0.542142 0.630526 0.913242
v 0.763076 0.242169 0.917556
v 0.577679 0.242169 0.917556
v 0.499334 1.254024 0.936072
v 0.843043 0.242169 0.970681
v 0.497711 0.242169 0.970681
v -0.305989 0.259896 0.973997
v -0.305989 0.259896 0.973997
v -0.202921 0.127385 0.975272
v 0.215032 0.303207 0.980476
v 0.215032 0.303207 0.980476
v 0.575396 1.045912 0.985720
v -0.321389 0.095183 0.996798
v -0.321389 0.095183 0.996798
v 0.542142 0.630526 0.998994
v 0.552466 0.856107 0.998994
v 0.365316 0.332605 1.007732
v 0.365316 0.332605 1.007732
v 0.385684 0.599577 1.012726
v 0.307161 0.521131 1.015321
v 0.308686 0.513196 1.021389
v 0.052781 0.127385 1.021647
v 0.296941 0.529064 1.025704
v 0.304342 0.513196 1.029614
v 0.298468 0.521131 1.031772
v 0.402762 0.568663 1.049052
v 0.323497 0.630494 1.061775
v 0.469747 0.242169 1.074918
v 0.351239 0.093603 1.077865
v 0.351239 0.226191 1.077865
v 0.380207 0.568663 1.091739
v -0.208932 0.099832 1.093123
v 0.365042 0.259896 1.095700
v 0.365042 0.259896 1.095700
v -0.192302 -0.005354 1.096139
v 0.340574 0.599577 1.098102
v -0.230436 0.131312 1.106218
v -0.230436 0.131312 1.106218
v 0.366358 0.095183 1.121532
v 0.366358 0.095183 1.121532
v -0.005987 -0.005354 1.129931
v 0.010643 0.099832 1.132947
v 0.025266 0.131312 1.152594
v 0.025266 0.131312 1.152594
v 0.565069 0.581918 1.203534
v 0.547886 0.242169 1.204396
v 0.505543 1.583719 1.206517
v 0.842228 0.241992 1.225511
v 0.498528 0.242169 1.225511
v 0.498528 0.242169 1.225511
v 0.989486 0.003306 1.271539
v 0.989486 0.003306 1.271539
v 0.197118 0.003306 1.271539
v -0.548786 0.003306 1.271539
v -1.275614 0.003306 1.271539
v -1.275614 0.003306 1.271539
vn -1.0000 -0.0000 -0.0000
vn -0.0000 1.0000 -0.0000
vn -0.0000 0.9995 0.0312
vn -0.0000 0.9995 0.0313
vn -0.0000 -1.0000 -0.0000
vn -0.0000 -0.0000 1.0000
vn -0.0000 -0.0000 -1.0000
vn -0.1156 0.9292 -0.3511
vn -0.1158 0.9291 -0.3512
vn -0.1158 0.9291 -0.3511
vn -0.1518 0.9292 0.3370
vn -0.1519 0.9292 0.3369
vn -0.1518 0.9292 0.3371
vn 0.1874 0.9425 0.2767
vn 0.8790 0.0002 -0.4769
vn 0.8790 0.0001 -0.4768
vn -0.8739 0.0001 0.4862
vn -0.8737 -0.0000 0.4864
vn -0.8737 0.0001 0.4864
vn 0.8738 0.0004 -0.4863
vn 0.8737 0.0002 -0.4864
vn 0.8737 0.0001 -0.4864
vn -0.0000 -0.8647 -0.5024
vn -0.0000 0.0211 -0.9998
vn -0.0000 0.0225 0.9997
vn -0.0000 0.1103 -0.9939
vn -0.0000 -0.6007 0.7995
vn -0.0000 0.8985 0.4390
vn -0.0000 0.8985 0.4391
vn 0.8795 -0.0905 -0.4671
vn -0.8795 -0.0905 -0.4671
vn -0.0000 0.5629 -0.8265
vn -0.0000 0.4314 0.9022
vn 0.8660 -0.0765 0.4941
vn 0.4871 -0.7682 0.4155
vn -0.4871 -0.7682 0.4155
vn -0.8660 -0.0765 0.4941
vn -0.4693 0.5743 0.6707
vn -0.4694 0.5743 0.6707
vn -0.4693 0.5743 0.6708
vn 0.4693 0.5743 0.6707
vn -0.0000 -0.1531 0.9882
vn -0.0000 -0.5444 0.8388
vn -0.0000 -0.5445 0.8388
vn -0.0000 0.1551 -0.9879
vn 0.0001 0.1551 -0.9879
vn -0.0001 -0.5444 0.8388
vn -0.0000 0.1552 -0.9879
vn -0.9428 0.0510 -0.3296
vn -0.5172 -0.6637 -0.5404
vn 0.5172 -0.6637 -0.5404
vn 0.9428 0.0510 -0.3296
vn 0.5444 0.8165 -0.1925
vn 0.5444 0.8164 -0.1924
vn -0.5444 0.8165 -0.1925
vn -0.5444 0.8165 -0.1924
vn -0.0000 0.4121 -0.9111
vn -0.9998 -0.0000 -0.0213
vn 0.9999 -0.0000 -0.0129
vn -0.9992 0.0001 0.0391
vn -0.9992 0.0002 0.0390
vn -0.9992 0.0001 0.0392
vn -0.9992 -0.0000 0.0393
vn 0.9949 -0.0003 -0.1012
vn 0.9949 -0.0003 -0.1010
vn 0.9949 -0.0000 -0.1007
vn -0.0000 0.9498 0.3127
vn -0.0000 -0.9908 0.1355
vn -0.0000 0.0515 -0.9987
vn -0.0000 0.9871 0.1600
vn -0.0000 -0.9987 0.0502
vn -0.0000 0.0837 0.9965
vn -0.0000 0.0755 -0.9971
vn 0.1977 0.9739 -0.1115
vn 0.1314 -0.9824 -0.1329
vn -0.0000 0.9999 0.0157
vn -0.0000 -0.9994 0.0360
vn 0.1977 0.9739 0.1115
vn 0.1314 -0.9824 0.1329
vn 1.0000 -0.0000 -0.0000
vn -0.0000 -0.6821 0.7313
vn -0.0000 -0.7049 -0.7094
vn -0.0000 0.1477 0.9890
vn -0.0000 -0.6821 -0.7313
vn -0.0000 -0.7049 0.7094
vn -0.0000 0.1477 -0.9890
vn -0.0000 0.9301 -0.3672
vn -0.0000 0.0638 -0.9980
vn -0.0000 0.2137 0.9769
vn -0.0000 0.7274 -0.6862
vn -0.0000 -0.7516 -0.6596
vn -0.0000 0.7638 0.6454
vn -0.0000 0.9842 0.1771
vn -0.0000 0.1613 -0.9869
vn -0.0000 -0.8686 0.4954
vn -0.0000 0.4393 0.8983
vn -0.9837 0.1787 0.0191
vn -0.1589 -0.8298 -0.5349
vn -0.1487 -0.8567 0.4938
vn -0.0127 -0.1492 0.9887
vn -0.0339 -0.1063 -0.9938
vn 0.4992 0.2554 -0.8280
vn 0.4991 0.2554 -0.8280
vn 0.4992 0.2553 -0.8280
vn -0.3675 0.1464 -0.9184
vn -0.3676 0.1464 -0.9184
vn 0.9471 0.0707 0.3130
vn 0.7533 -0.1714 -0.6349
vn -0.1856 -0.3164 -0.9303
vn -0.7443 0.0215 0.6675
vn 0.1976 0.1676 0.9659
vn -0.0718 0.9770 -0.2009
vn -0.9786 -0.0000 -0.2056
vn -0.1850 0.9820 -0.0389
vn 0.9786 -0.0000 0.2056
vn -0.1784 -0.0000 0.9839
vn 0.1785 -0.0000 -0.9839
vn -0.1785 -0.0000 0.9839
vn 0.0052 0.9996 -0.0289
vn 0.0050 -0.9996 -0.0277
vn -0.9662 -0.1586 -0.2031
vn -0.9662 -0.1586 -0.2030
vn 0.9662 -0.1586 0.2030
vn 0.1737 0.2293 -0.9577
vn -0.1737 0.2293 0.9577
vn 0.0124 -0.9999 0.0026
vn -0.3573 -0.0000 -0.9340
vn -0.0272 0.9955 -0.0911
vn 0.9995 -0.0000 -0.0316
vn -0.1685 0.0045 -0.9857
vn 0.1685 0.0045 0.9857
vn 0.1685 0.0044 0.9857
vn 0.8086 -0.5884 -0.0029
vn -0.8390 0.5442 0.0031
vn -0.1465 0.0034 -0.9892
vn 0.1465 0.0034 0.9892
vn -0.8044 -0.5929 0.0378
vn 0.8351 0.5487 -0.0392
vn -0.1693 0.0044 -0.9856
vn -0.1693 0.0044 -0.9855
vn 0.1693 0.0044 0.9855
vn 0.8088 -0.5881 -0.0014
vn -0.8391 0.5440 0.0015
vn -0.1510 0.0033 -0.9885
vn 0.1510 0.0033 0.9885
vn -0.8052 -0.5921 0.0315
vn 0.8359 0.5479 -0.0327
vn 0.8567 0.2268 0.4633
vn 0.4744 -0.0718 -0.8774
vn -0.8781 -0.0584 -0.4749
vn -0.4618 0.2392 0.8541
vn -0.4619 0.2392 0.8541
vn 0.4433 0.2338 -0.8653
vn 0.4433 0.2338 -0.8654
vn -0.8871 -0.0812 -0.4544
vn -0.4549 -0.0659 0.8881
vn 0.8622 0.2479 0.4417
vn -0.5181 0.2413 0.8206
vn -0.5181 0.2414 0.8205
vn 0.8433 -0.0730 0.5324
vn 0.5324 -0.0741 -0.8432
vn -0.8208 0.2404 -0.5182
vn -0.8552 0.2292 -0.4648
vn -0.8552 0.2293 -0.4648
vn -0.4764 -0.0692 0.8765
vn 0.8770 -0.0610 0.4766
vn 0.4639 0.2368 -0.8536
vn -0.5181 0.2413 0.8205
vn 0.8433 -0.0730 0.5325
vn 0.5325 -0.0741 -0.8432
vn -0.8207 0.2404 -0.5182
vn 0.4433 0.2339 -0.8653
vn -0.8871 -0.0812 -0.4543
vn 0.8622 0.2479 0.4418
vn 0.8567 0.2269 0.4633
vn 0.8567 0.2268 0.4632
vn 0.4745 -0.0718 -0.8773
vn -0.8552 0.2293 -0.4647
vn -0.8553 0.2293 -0.4647
vn 0.4639 0.2369 -0.8536
vn 0.4639 0.2368 -0.8537
vn 0.4638 0.2368 -0.8537
vn -0.9998 -0.0000 -0.0184
vn 0.9997 -0.0000 0.0244
vn -0.8216 0.3695 -0.4341
vn 0.4420 -0.8661 0.2335
vn -0.7821 -0.4664 -0.4132
vn -0.7821 -0.4666 -0.4131
vn -0.7821 -0.4665 -0.4132
vn -0.7821 -0.4665 -0.4133
vn -0.7820 -0.4666 -0.4132
vn 0.6136 0.7199 0.3242
vn 0.6136 0.7200 0.3242
vn 0.6137 0.7199 0.3242
vn -0.8519 0.3695 0.3712
vn -0.8519 0.3695 0.3711
vn 0.4583 -0.8661 -0.1997
vn -0.8109 -0.4665 0.3533
vn -0.8109 -0.4666 0.3533
vn -0.8110 -0.4664 0.3533
vn 0.6363 0.7200 -0.2772
vn 0.6363 0.7199 -0.2772
vn -0.0000 0.0022 1.0000
vn -0.9996 0.0274 -0.0000
vn -0.9960 -0.0897 -0.0000
vn -0.9994 0.0332 -0.0000
vn -0.9941 -0.1085 -0.0000
vn -0.0000 0.9963 -0.0855
vn -0.0000 0.9963 -0.0854
vn -0.0000 0.0767 -0.9971
vn -0.0000 0.9963 0.0855
vn -0.0000 0.9963 0.0854
vn -0.0000 -0.1139 -0.9935
vn -0.0000 0.0767 0.9971
vn -0.0000 1.0000 -0.0016
vn -0.0144 -0.0000 -0.9999
vn 0.0144 -0.0000 0.9999
vn -1.0000 -0.0000 -0.0084
vn 1.0000 -0.0000 0.0084
vn 0.9998 -0.0000 0.0174
vn -0.9998 -0.0000 -0.0174
vn -0.0757 0.9970 -0.0167
vn -0.0493 0.9963 0.0699
vn -0.8316 0.0948 -0.5473
vn 0.1299 -0.9914 -0.0154
vn 0.6744 0.5366 0.5072
vn 0.6744 0.5367 0.5072
vn -0.0782 0.9954 0.0548
vn -0.0783 0.9954 0.0548
vn 0.8055 0.1918 -0.5607
vn -0.0016 -1.0000 0.0008
vn -0.7313 0.4539 0.5092
vn 0.2787 0.7642 0.5816
vn 0.2787 0.7642 0.5817
vn -0.3272 -0.5333 -0.7801
vn -0.2838 -0.4638 0.8393
vn 0.6730 -0.5375 0.5082
vn 0.6729 -0.5374 0.5082
vn 0.9873 0.0547 -0.1489
vn 0.9874 0.0547 -0.1486
vn 0.9874 0.0546 -0.1488
vn 0.4541 0.7413 -0.4942
vn 0.4541 0.7413 -0.4941
vn -0.5432 0.8267 -0.1466
vn -0.5431 0.8267 -0.1466
vn -0.5431 0.8268 -0.1466
vn -0.8446 0.1860 0.5020
vn -0.8447 0.1860 0.5020
vn -0.3806 -0.6215 0.6847
vn 0.6261 -0.7035 0.3363
vn 0.9317 -0.0811 -0.3541
vn 0.9317 -0.0812 -0.3541
vn 0.3602 0.5882 -0.7241
vn -0.6403 0.6687 -0.3780
vn -0.6403 0.6686 -0.3780
vn -0.6404 0.6686 -0.3780
vn -0.9484 0.0530 0.3127
vn -0.9484 0.0529 0.3127
vn -0.1122 0.3035 -0.9462
vn -0.1122 0.3036 -0.9462
vn 0.1701 0.0125 0.9853
vn 0.1704 0.0125 0.9853
vn 0.1703 0.0125 0.9853
vn -0.3966 0.5088 -0.7641
vn -0.3968 0.5087 -0.7641
vn -0.3968 0.5086 -0.7641
vn -0.2517 0.7199 0.6469
vn -0.2516 0.7198 0.6469
vn -0.2517 0.7199 0.6468
vn -0.2517 0.7198 0.6469
vn -0.2520 0.7199 0.6467
vn 0.3760 -0.8585 -0.3489
vn 0.3760 -0.8584 -0.3489
vn 0.3760 -0.8585 -0.3488
vn 0.3760 -0.8583 -0.3491
vn -0.1122 0.3035 0.9462
vn -0.1122 0.3036 0.9462
vn 0.1704 0.0125 -0.9853
vn 0.1703 0.0125 -0.9853
vn 0.1700 0.0125 -0.9854
vn -0.3967 0.5087 0.7641
vn -0.3968 0.5086 0.7641
vn -0.3968 0.5087 0.7641
vn -0.2519 0.7199 -0.6468
vn -0.2521 0.7199 -0.6467
vn -0.2521 0.7199 -0.6466
vn 0.3760 -0.8584 0.3489
vn 0.3760 -0.8584 0.3488
vn 0.3760 -0.8585 0.3489
vn -0.8663 -0.0162 0.4992
vn -0.8663 -0.0163 0.4992
vn 0.8662 0.0170 -0.4995
vn 0.8662 0.0164 -0.4994
vn 0.3015 0.0004 -0.9535
vn 0.3015 0.0003 -0.9535
vn -0.3012 0.0004 0.9536
vn -0.3012 0.0004 0.9535
vn -0.3012 0.0003 0.9536
vn -0.3014 -0.0002 0.9535
vn 0.8790 0.0001 -0.4767
vn -0.8790 0.0002 0.4769
vn -0.8790 0.0003 0.4769
vn -0.8738 0.0001 0.4863
vn -0.8738 0.0002 0.4864
vn -0.9844 -0.1685 0.0500
vn -0.9790 0.2015 0.0307
vn -0.9966 -0.0735 -0.0360
vn -0.9837 0.0055 -0.1796
vn -0.9991 0.0147 -0.0390
vn -0.9804 0.1430 0.1357
vn 0.9844 -0.1685 0.0500
vn 0.9966 -0.0735 -0.0360
vn 0.9790 0.2015 0.0307
vn 0.9837 0.0055 -0.1796
vn 0.9804 0.1430 0.1357
vn 0.9991 0.0147 -0.0390
vn -0.0000 0.3213 0.9470
vn -0.0000 0.7472 0.6646
vn -0.0000 0.6240 0.7814
vn -0.0000 0.9762 0.2168
vn -0.0000 0.9762 0.2167
vn 0.9919 0.1267 0.0096
vn 0.9984 -0.0310 -0.0463
vn 0.9995 0.0293 0.0068
vn -0.9987 -0.0494 -0.0110
vn -0.9993 -0.0269 0.0257
vn -0.9988 0.0372 0.0332
vn -0.0246 0.9606 -0.2768
vn -0.1356 0.9860 -0.0967
vn -0.0540 0.9665 -0.2510
vn -0.1461 0.9861 -0.0797
vn 0.0172 0.9587 0.2840
vn -0.1063 0.8880 0.4474
vn -0.0998 0.9887 0.1117
vn 0.0778 0.9294 -0.3607
vn 0.1053 0.9609 -0.2560
vn 0.1723 0.9842 -0.0398
vn -0.1033 0.9124 -0.3962
vn -0.0295 0.9782 0.2056
vn 0.0790 0.9881 0.1318
vn 0.0180 0.9063 0.4222
vn 0.1864 0.0639 -0.9804
vn 0.1430 0.0508 -0.9884
vn 0.1792 0.0727 -0.9811
vn 0.1688 0.0296 0.9852
vn 0.1831 0.0232 0.9828
vn 0.1336 0.0078 0.9910
vn 0.1328 0.0336 0.9906
vn 0.1186 0.0390 0.9922
vn 0.1730 0.0378 0.9842
vn 0.1645 0.0799 -0.9831
vn 0.1571 0.0976 -0.9828
vn 0.1244 0.0751 -0.9894
vn 0.0781 -0.0297 0.9965
vn 0.0516 -0.0543 0.9972
vn 0.1007 0.0081 0.9949
vn 0.0962 0.0363 -0.9947
vn 0.1093 0.0259 -0.9937
vn 0.0618 -0.0245 -0.9978
vn -0.0943 -0.0075 0.9955
vn -0.1075 -0.0179 0.9940
vn -0.0584 -0.0674 0.9960
vn -0.0764 0.0111 -0.9970
vn -0.0494 -0.0128 -0.9987
vn -0.1013 0.0486 -0.9937
vn -0.1647 0.0355 0.9857
vn -0.1582 0.0529 0.9860
vn -0.1240 0.0317 0.9918
vn -0.1350 0.0741 -0.9881
vn -0.1214 0.0797 -0.9894
vn -0.1757 0.0774 -0.9814
vn -0.1861 0.0194 0.9823
vn -0.1425 0.0065 0.9898
vn -0.1793 0.0280 0.9834
vn -0.1712 0.0693 -0.9828
vn -0.1846 0.0628 -0.9808
vn -0.1355 0.0486 -0.9896
vn -0.7291 0.6476 -0.2212
vn -0.7482 0.4766 -0.4615
vn -0.8978 0.2714 -0.3467
vn -0.9256 0.3734 -0.0620
vn -0.9191 0.3908 -0.0504
vn -0.9319 0.3592 -0.0500
vn -0.9166 0.3938 -0.0695
vn -0.9140 0.4044 -0.0337
vn -0.9248 0.3803 0.0118
vn -0.9272 0.3718 -0.0448
vn -0.9267 0.3734 -0.0420
vn -0.9397 0.3400 -0.0369
vn -0.9315 0.3566 -0.0725
vn -0.9437 0.3298 0.0260
vn -0.9580 0.2822 -0.0503
vn -0.9344 0.3331 -0.1262
vn -0.9320 0.3583 -0.0539
vn 0.8286 0.5379 0.1550
vn 0.4605 0.8032 0.3779
vn 0.3675 -0.1464 0.9184
vn -0.0390 0.8132 0.5807
vn -0.4702 0.5612 0.6812
vn -0.7115 0.1765 0.6802
vn -0.7538 -0.2454 0.6095
vn -0.7539 -0.2454 0.6095
vn -0.5902 -0.6500 0.4787
vn -0.2036 -0.9358 0.2876
vn 0.3120 -0.9467 0.0800
vn 0.7359 -0.6748 -0.0554
vn 0.9583 -0.2740 -0.0809
vn 0.9889 0.1484 -0.0068
vn 0.1605 0.9634 0.2148
vn 0.0353 0.9910 0.1295
vn 0.0408 0.9815 0.1870
vn 0.0183 0.9925 0.1205
vn -0.0180 0.9940 -0.1081
vn -0.0110 0.9921 -0.1246
vn -0.0255 0.9749 -0.2211
vn 0.0297 0.9621 -0.2710
vn -0.0217 0.9765 0.2143
vn -0.0827 0.9677 -0.2383
vn -0.0840 0.9030 0.4214
vn 0.0322 0.9341 0.3556
vn 0.0082 0.9875 0.1575
vn 0.0276 0.9816 0.1891
vn 0.1440 0.9049 0.4006
vn -0.0302 0.9920 -0.1228
vn -0.0399 0.9803 -0.1935
vn -0.0887 0.9755 -0.2015
vn -0.0166 0.9937 -0.1105
vn -0.0024 0.9743 -0.2253
vn 0.1568 0.8986 0.4098
vn -0.0029 0.9885 0.1510
vn -0.0184 0.9564 0.2915
vn -0.0189 0.9917 0.1272
vn -0.0191 0.9931 -0.1153
vn -0.0327 0.9924 -0.1183
vn -0.0749 0.9700 -0.2312
vn -0.0400 0.9657 -0.2567
vn -0.2229 0.8965 0.3830
vn -0.1662 0.9474 -0.2734
vn 0.7482 -0.6298 0.2086
vn 0.2982 -0.8176 0.4925
vn 0.3586 -0.9274 -0.1069
vn 0.7398 -0.5762 -0.3474
vn 0.2882 -0.7002 -0.6532
vn -0.1868 -0.8970 -0.4007
vn -0.1882 -0.9628 0.1938
vn -0.5119 0.6298 0.5842
vn 0.0200 0.8176 0.5754
vn -0.3586 0.9273 0.1069
vn 0.2636 0.9628 0.0591
vn -0.0631 0.8970 -0.4376
vn -0.5988 0.7002 -0.3888
vn -0.8093 0.5762 0.1142
vn 0.3394 -0.3176 0.8854
vn 0.0302 -0.6924 0.7209
vn 0.5768 -0.6357 0.5130
vn 0.7699 -0.1768 0.6132
vn 0.9129 -0.3790 0.1516
vn 0.6401 -0.7661 -0.0577
vn 0.1757 -0.9554 0.2373
vn -0.9047 0.2567 -0.3400
vn -0.7993 0.6004 0.0248
vn -0.5768 0.6357 -0.5130
vn -0.3636 0.9299 -0.0559
vn -0.0278 0.8442 -0.5353
vn -0.1699 0.4616 -0.8707
vn -0.6030 0.1944 -0.7737
vn -0.8713 0.1369 -0.4712
vn -0.8896 0.1515 0.4309
vn -0.9383 0.1879 -0.2905
vn -0.4712 0.1369 0.8713
vn 0.4310 0.1515 0.8896
vn -0.2905 0.1879 0.9383
vn 0.8713 0.1369 0.4712
vn 0.8896 0.1515 -0.4309
vn 0.9383 0.1879 0.2904
vn 0.0512 0.9325 0.3574
vn 0.2406 0.9384 0.2479
vn 0.3288 0.9427 0.0571
vn 0.2956 0.9442 -0.1452
vn 0.1558 0.9428 -0.2948
vn -0.0489 0.9386 -0.3416
vn -0.2512 0.9327 -0.2588
vn -0.3688 0.9273 -0.0640
vn -0.3410 0.9250 0.1674
vn -0.1750 0.9272 0.3312
vn 0.3112 0.9326 0.1830
vn 0.3439 0.9384 -0.0334
vn 0.2497 0.9427 -0.2213
vn 0.0710 0.9442 -0.3215
vn -0.1332 0.9428 -0.3057
vn -0.2975 0.9386 -0.1749
vn -0.3590 0.9327 0.0348
vn -0.2802 0.9273 0.2482
vn -0.0820 0.9250 0.3709
vn 0.1496 0.9272 0.3434
vn 0.1740 0.9776 0.1187
vn 0.1868 0.9824 0.0049
vn 0.0105 0.9995 0.0311
vn 0.1296 0.9867 -0.0978
vn 0.0228 0.9888 -0.1473
vn -0.0899 0.9879 -0.1261
vn -0.1725 0.9841 -0.0415
vn -0.1879 0.9791 0.0784
vn -0.1303 0.9747 0.1817
vn -0.0229 0.9726 0.2315
vn 0.0958 0.9736 0.2072
vn -0.3381 -0.0515 -0.9397
vn -0.8662 -0.0173 0.4994
vn -0.8661 -0.0181 0.4995
vn -0.8663 -0.0169 0.4993
vn 0.8663 0.0160 -0.4993
vn 0.8664 0.0151 -0.4992
vn 0.3014 -0.0002 -0.9535
vn 0.3011 -0.0015 -0.9536
vn 0.3014 -0.0003 -0.9535
vn -0.3015 -0.0007 0.9535
vn -0.3016 -0.0015 0.9534
vn -0.0000 -0.8996 0.4367
vn -0.0123 -0.0213 0.9997
vn -0.0022 -0.0000 1.0000
vn 0.0029 -0.0320 0.9995
vn 0.0009 -0.0519 0.9987
vn -0.0150 0.9999 -0.0011
vn -0.0357 0.9994 -0.0027
vn -0.0489 0.9988 -0.0038
vn -0.1265 -0.9919 -0.0097
vn -0.0022 -1.0000 -0.0002
vn -0.0055 -1.0000 -0.0004
vn -0.0177 0.9998 -0.0014
vn 0.0202 0.9998 0.0015
vn -0.0170 -0.9999 -0.0013
vn 0.0215 -0.9998 0.0016
vn 0.0119 -0.0144 0.9998
vn 0.0137 -0.0345 0.9993
vn 0.0534 0.9986 0.0042
vn 0.0545 0.9985 0.0042
vn 0.0517 0.9987 0.0044
vn 0.0516 0.9987 0.0045
vn 0.0404 -0.9992 0.0035
vn 0.1181 -0.9929 0.0104
vn 0.1186 -0.9929 0.0096
vn -0.0112 -0.9999 -0.0009
vn 0.0152 0.0053 0.9999
vn 0.0200 -0.0000 0.9998
vn 0.0183 0.0037 0.9998
vn 0.0137 -0.0047 0.9999
vn 0.1116 0.9937 -0.0000
vn -0.0311 0.9995 -0.0000
vn 0.0340 0.9994 -0.0000
vn -0.1116 -0.9937 -0.0000
vn -0.0340 -0.9994 -0.0000
vn 0.0311 -0.9995 -0.0000
vn 0.0152 0.9999 -0.0000
vn -0.0369 0.9993 -0.0000
vn 0.0369 -0.9993 -0.0000
vn -0.0152 -0.9999 -0.0000
vn -0.0303 0.9995 -0.0000
vn 0.0265 0.9996 -0.0000
vn -0.0265 -0.9996 -0.0000
vn 0.0303 -0.9995 -0.0000
vn -0.1055 0.9944 -0.0000
vn 0.1055 -0.9944 -0.0000
vn 0.8652 -0.3918 0.3129
vn 0.8715 -0.3819 0.3076
vn 0.8652 -0.3919 0.3129
vn 0.8610 -0.3983 0.3164
vn 0.8420 -0.0559 -0.5366
vn 0.8381 -0.0451 -0.5437
vn 0.8445 -0.0629 -0.5319
vn -0.8420 -0.0559 -0.5366
vn -0.8335 -0.0593 -0.5494
vn -0.8469 -0.0538 -0.5290
vn -0.8652 -0.3918 0.3129
vn -0.8692 -0.3939 0.2989
vn -0.8627 -0.3906 0.3212
vn -0.9336 -0.3468 0.0904
vn -0.9498 -0.2983 0.0944
vn -0.9567 -0.2911 0.0010
vn -0.9503 -0.3044 -0.0647
vn -0.9442 -0.1665 -0.2843
vn -0.9467 -0.2122 -0.2423
vn -0.9253 -0.1213 -0.3593
vn -0.9252 -0.0831 -0.3703
vn -0.9550 -0.2601 -0.1426
vn -0.9590 -0.2389 -0.1528
vn -1.0000 -0.0026 -0.0096
vn -0.9835 0.1551 0.0928
vn -0.9283 -0.3450 0.1388
vn -0.9499 -0.2907 0.1145
vn -0.9195 -0.0170 -0.3927
vn -0.9092 -0.0377 -0.4146
vn -0.9184 0.3249 -0.2259
vn 0.9336 -0.3468 0.0904
vn 0.9503 -0.3044 -0.0647
vn 0.9567 -0.2911 0.0010
vn 0.9498 -0.2983 0.0944
vn 0.9442 -0.1665 -0.2843
vn 0.9252 -0.0831 -0.3703
vn 0.9253 -0.1213 -0.3593
vn 0.9467 -0.2122 -0.2423
vn 0.9590 -0.2388 -0.1528
vn 0.9550 -0.2601 -0.1426
vn 1.0000 -0.0026 -0.0096
vn 0.9835 0.1551 0.0928
vn 0.9499 -0.2907 0.1145
vn 0.9283 -0.3450 0.1388
vn 0.9092 -0.0377 -0.4146
vn 0.9195 -0.0170 -0.3927
vn 0.9184 0.3249 -0.2259
vn -0.0000 0.0050 1.0000
vn -0.0000 -0.2086 0.9780
vn -0.0000 0.1715 0.9852
vn -0.0000 0.5954 0.8034
vn -0.0000 0.7007 0.7134
vn 0.4870 -0.7682 0.4155
vn -0.4965 0.5413 0.6786
vn -0.5039 0.5408 0.6735
vn -0.4689 0.5048 0.7248
vn -0.4285 0.5015 0.7516
vn -0.9717 -0.0703 0.2257
vn -0.9722 -0.0794 0.2203
vn -0.9454 -0.0885 0.3136
vn -0.9276 -0.0580 0.3691
vn -0.5672 -0.7973 -0.2062
vn -0.5620 -0.8046 -0.1920
vn -0.5601 -0.8244 -0.0815
vn -0.5724 -0.8173 -0.0664
vn 0.5673 -0.7973 -0.2061
vn 0.5616 -0.8065 -0.1849
vn 0.5601 -0.8244 -0.0815
vn 0.5731 -0.8147 -0.0882
vn 0.9717 -0.0703 0.2257
vn 0.9641 -0.0901 0.2499
vn 0.9454 -0.0885 0.3136
vn 0.9517 -0.0477 0.3034
vn 0.4855 0.5315 0.6941
vn 0.5096 0.5429 0.6675
vn 0.4689 0.5048 0.7248
vn 0.4474 0.5342 0.7172
vn -0.4720 0.7588 0.4488
vn -0.3885 0.7923 0.4705
vn -0.4331 0.5903 0.6812
vn -0.5482 0.5871 0.5957
vn -0.9985 -0.0294 0.0454
vn -0.9981 0.0095 -0.0605
vn -0.9663 -0.1146 0.2305
vn -0.9724 -0.1270 0.1957
vn -0.4292 -0.8078 -0.4041
vn -0.4032 -0.7077 -0.5802
vn -0.4421 -0.8882 -0.1249
vn -0.5036 -0.8626 -0.0493
vn 0.4318 -0.8261 -0.3622
vn 0.4081 -0.7360 -0.5402
vn 0.4421 -0.8882 -0.1249
vn 0.5297 -0.8311 -0.1694
vn 0.9983 -0.0315 0.0486
vn 0.9983 0.0091 -0.0578
vn 0.9663 -0.1146 0.2305
vn 0.9585 -0.1552 0.2391
vn 0.4391 0.7385 0.5116
vn 0.4434 0.8183 0.3656
vn 0.4331 0.5903 0.6812
vn 0.5285 0.4881 0.6946
vn -0.5732 0.8032 0.1622
vn -0.5704 0.8109 0.1308
vn -0.5721 0.7962 0.1970
vn -0.5721 0.7961 0.1970
vn -1.0000 -0.0004 0.0029
vn -0.9992 0.0093 -0.0396
vn -0.9987 -0.0078 0.0501
vn -0.5733 -0.8037 -0.1595
vn -0.5707 -0.7887 -0.2287
vn -0.5731 -0.8153 -0.0825
vn 0.5733 -0.8034 -0.1608
vn 0.5707 -0.7887 -0.2287
vn 0.5731 -0.8154 -0.0825
vn 0.5731 -0.8153 -0.0825
vn 1.0000 -0.0004 0.0029
vn 0.9992 0.0093 -0.0396
vn 0.9987 -0.0078 0.0501
vn 0.5732 0.8030 0.1635
vn 0.5704 0.8109 0.1308
vn 0.5721 0.7962 0.1970
vn -0.9971 0.0124 -0.0752
vn -0.9831 0.0273 -0.1808
vn -0.9831 0.0272 -0.1808
vn -0.9979 0.0107 -0.0643
vn -0.5646 -0.7707 -0.2953
vn -0.5730 -0.7984 -0.1850
vn -0.5556 -0.7481 -0.3629
vn -0.5556 -0.7481 -0.3628
vn 0.5639 -0.7712 -0.2953
vn 0.5730 -0.7984 -0.1850
vn 0.5556 -0.7481 -0.3629
vn 0.9929 0.0183 -0.1179
vn 0.9998 0.0045 -0.0185
vn 0.9831 0.0272 -0.1808
vn 0.9831 0.0273 -0.1808
vn 0.5700 0.8212 0.0273
vn 0.5723 0.8076 0.1422
vn 0.5651 0.8237 -0.0468
vn -0.5705 0.8209 0.0272
vn -0.5723 0.8076 0.1422
vn -0.5652 0.8237 -0.0468
vn -0.5651 0.8237 -0.0468
vn -0.9990 0.0207 -0.0384
vn -0.9991 0.0228 -0.0352
vn -0.9999 0.0070 -0.0107
vn -0.9999 -0.0040 0.0141
vn -0.5512 -0.6329 -0.5438
vn -0.5539 -0.6321 -0.5419
vn -0.5616 -0.6929 -0.4522
vn -0.5656 -0.7399 -0.3642
vn 0.5511 -0.6329 -0.5438
vn 0.5538 -0.6308 -0.5435
vn 0.5615 -0.6921 -0.4535
vn 0.5655 -0.7394 -0.3654
vn 0.9990 0.0207 -0.0384
vn 0.9990 0.0243 -0.0374
vn 0.9999 0.0071 -0.0109
vn 0.9999 -0.0040 0.0139
vn 0.5579 0.6863 0.4665
vn 0.5572 0.6869 0.4666
vn 0.5613 0.7071 0.4301
vn 0.5625 0.7258 0.3961
vn -0.5581 0.6862 0.4665
vn -0.5628 0.7164 0.4124
vn -0.5615 0.7170 0.4130
vn -0.5572 0.6869 0.4666
vn -0.9579 0.0898 -0.2726
vn -0.9332 0.0557 -0.3551
vn -0.3751 -0.5326 -0.7587
vn -0.4531 -0.5441 -0.7062
vn 0.3751 -0.5327 -0.7586
vn 0.4156 -0.4795 -0.7729
vn 0.9579 0.0898 -0.2726
vn 0.9662 0.0400 -0.2546
vn 0.4681 0.8726 0.1393
vn 0.5724 0.7976 0.1900
vn -0.4681 0.8726 0.1393
vn -0.5724 0.7976 0.1900
vn -0.9921 -0.0474 0.1162
vn -0.9911 -0.0550 0.1216
vn -0.5635 -0.7490 -0.3485
vn -0.5646 -0.7475 -0.3498
vn 0.5635 -0.7487 -0.3492
vn 0.5646 -0.7488 -0.3471
vn 0.9921 -0.0474 0.1163
vn 0.9931 -0.0482 0.1065
vn 0.5289 0.5850 0.6149
vn 0.5329 0.5735 0.6222
vn -0.5289 0.5850 0.6149
vn -0.5329 0.5735 0.6222
vn 0.5443 0.8165 -0.1925
vn -0.5444 0.8164 -0.1925
vn -0.4697 0.2686 -0.8410
vn -0.3625 0.4083 -0.8378
vn -0.4872 0.0031 -0.8733
vn -0.4065 -0.1455 -0.9020
vn -0.2671 -0.0490 0.9624
vn -0.2116 -0.2732 0.9384
vn -0.2763 -0.2037 0.9392
vn -0.2253 0.0348 0.9737
vn -0.1225 -0.3052 -0.9444
vn 0.0788 -0.3072 -0.9484
vn 0.0393 -0.3552 0.9340
vn -0.0673 -0.3552 0.9324
vn -0.1224 -0.3052 -0.9444
vn 0.3868 -0.1729 -0.9058
vn 0.4668 -0.0310 -0.8838
vn 0.2636 -0.2210 0.9390
vn 0.1957 -0.2951 0.9352
vn -0.0672 -0.3552 0.9324
vn 0.4871 0.2395 -0.8399
vn 0.3870 0.3733 -0.8431
vn 0.2372 0.0174 0.9713
vn 0.2809 -0.0710 0.9571
vn 0.1221 0.5324 -0.8376
vn -0.0767 0.5343 -0.8418
vn -0.0443 0.1109 0.9928
vn 0.0721 0.1102 0.9913
vn -0.9988 0.0090 -0.0489
vn -1.0000 -0.0048 0.0067
vn -0.5642 -0.7714 -0.2943
vn -0.5641 -0.7805 -0.2694
vn 0.5642 -0.7714 -0.2944
vn 0.5640 -0.7807 -0.2691
vn 0.9988 0.0088 -0.0478
vn 1.0000 -0.0049 0.0069
vn 0.5702 0.8012 0.1814
vn 0.5665 0.7739 0.2831
vn -0.5703 0.8015 0.1799
vn -0.5672 0.7733 0.2832
vn -0.9982 -0.0064 0.0593
vn -0.9982 -0.0062 0.0594
vn -0.5745 -0.8128 -0.0960
vn -0.5746 -0.8128 -0.0959
vn 0.5745 -0.8128 -0.0960
vn 0.5746 -0.8128 -0.0960
vn 0.9982 -0.0063 0.0592
vn 0.9982 -0.0062 0.0592
vn 0.5685 0.7899 0.2300
vn 0.5684 0.7899 0.2300
vn -0.5685 0.7899 0.2301
vn -0.5684 0.7899 0.2301
vn -0.9972 -0.0630 -0.0405
vn -0.9980 -0.0000 -0.0626
vn 0.0035 0.9929 0.1191
vn 0.0046 0.9968 0.0798
vn 0.0020 0.9970 0.0780
vn -0.0000 0.9923 0.1241
vn 0.9953 0.0785 0.0564
vn 0.9996 -0.0000 0.0297
vn 0.0036 0.9990 -0.0446
vn 0.0031 0.9939 -0.1100
vn 0.9990 -0.0400 -0.0224
vn -0.9990 0.0452 0.0050
vn -0.9999 -0.0000 -0.0172
vn 0.0056 0.9829 -0.1839
vn -0.0000 0.9805 -0.1964
vn 0.0047 0.9803 0.1973
vn 0.0195 0.9835 0.1797
vn -0.0080 0.9786 0.2055
vn -0.0084 0.9807 0.1952
vn 0.1079 -0.0000 0.9942
vn -0.0292 -0.0000 0.9996
vn -0.0291 -0.0000 0.9996
vn 0.0124 -0.0000 -0.9999
vn 0.0621 -0.0000 -0.9981
vn -0.0282 -0.0000 -0.9996
vn -0.0618 -0.0000 -0.9981
vn -0.1318 -0.0000 0.9913
vn -0.0067 0.9822 0.1876
vn 0.0101 0.9865 0.1637
vn -0.0035 0.9866 -0.1633
vn -0.0170 0.9899 -0.1409
vn 0.0024 0.9849 -0.1731
vn 0.0058 0.9841 -0.1776
vn 0.9948 -0.0006 -0.1014
vn 0.1198 0.0057 0.9928
vn 0.0173 0.0058 0.9998
vn 0.0318 -0.0000 -0.9995
vn 0.0791 -0.0000 -0.9969
vn -0.0136 -0.0000 -0.9999
vn 0.0019 0.9853 -0.1708
vn -0.0087 0.9884 -0.1519
vn -0.0570 -0.0000 -0.9984
vn -0.0775 0.0058 0.9970
vn -0.9939 0.1096 0.0075
vn -0.9940 0.1093 0.0080
vn -0.9968 0.0794 0.0055
vn -0.9996 0.0279 0.0017
vn -0.0000 0.2222 0.9750
vn -0.0000 0.1153 0.9933
vn -0.0000 -0.0132 0.9999
vn -0.0000 0.1525 -0.9883
vn -0.0000 0.0806 -0.9967
vn -0.0000 -0.0033 -1.0000
vn -1.0000 0.0005 -0.0000
vn -0.0000 -0.0712 -0.9975
vn -0.0000 -0.1178 0.9930
vn -0.0000 -0.3812 0.9245
vn -0.9899 0.1411 -0.0106
vn -0.9886 0.1492 -0.0206
vn -0.9940 0.1088 -0.0081
vn -0.9992 0.0408 0.0014
vn -0.0000 0.0435 0.9991
vn -0.0000 -0.0157 0.9999
vn -0.0000 -0.0974 0.9952
vn -1.0000 0.0009 0.0001
vn -0.0000 -0.1761 0.9844
vn -0.0000 -0.1172 -0.9931
vn -0.0000 -0.3583 -0.9336
vn -0.0000 0.1354 -0.9908
vn -0.0000 0.2979 -0.9546
vn -0.9775 0.2103 0.0173
vn -0.9795 0.1995 0.0270
vn -0.9970 0.0765 0.0099
vn -0.9975 -0.0695 0.0084
vn -0.0128 0.1377 0.9904
vn -0.0193 0.1445 0.9893
vn -0.0054 0.0208 0.9998
vn -0.0145 -0.1054 0.9943
vn -0.0068 0.0723 -0.9974
vn -0.0093 0.0692 -0.9976
vn -0.0003 -0.0377 -0.9993
vn -0.0171 -0.1615 -0.9867
vn -0.9877 -0.1564 0.0093
vn -0.9861 -0.1651 0.0189
vn -0.0217 -0.2442 -0.9695
vn -0.0567 -0.2792 -0.9586
vn -0.0174 -0.1977 0.9801
vn -0.0368 -0.1810 0.9828
vn -0.0000 0.0231 0.9997
vn -0.0000 0.0078 1.0000
vn -0.0000 -0.0090 1.0000
vn -0.0000 0.0163 -0.9999
vn -0.0000 0.0088 -1.0000
vn -0.0000 0.0006 -1.0000
vn -0.0000 -0.0086 -1.0000
vn -0.0000 -0.0277 0.9996
vn -0.0000 0.0447 -0.9990
vn -0.0000 0.0024 -1.0000
vn -0.0000 0.0242 -0.9997
vn -0.0000 0.0235 0.9997
vn -0.0000 -0.0197 0.9998
vn -0.0000 0.0025 1.0000
vn -0.0000 -0.0431 0.9991
vn -0.0000 -0.0207 -0.9998
vn -0.9775 0.2103 -0.0173
vn -0.9975 -0.0695 -0.0084
vn -0.9970 0.0765 -0.0099
vn -0.9795 0.1995 -0.0270
vn -0.0133 0.1381 -0.9903
vn -0.0145 -0.1054 -0.9943
vn -0.0054 0.0208 -0.9998
vn -0.0193 0.1446 -0.9893
vn -0.0068 0.0723 0.9974
vn -0.0171 -0.1615 0.9867
vn -0.0003 -0.0377 0.9993
vn -0.0093 0.0692 0.9976
vn -0.9861 -0.1651 -0.0189
vn -0.9876 -0.1566 -0.0095
vn -0.0567 -0.2792 0.9586
vn -0.0216 -0.2441 0.9695
vn -0.0368 -0.1811 -0.9828
vn -0.0174 -0.1977 -0.9801
vn -0.3528 0.9338 -0.0598
vn -0.0017 0.9996 0.0276
vn -0.3770 0.9217 -0.0910
vn -0.1387 0.9896 0.0389
vn -0.3550 0.9343 -0.0334
vn -0.1631 0.9857 -0.0421
vn -0.2549 0.9669 0.0104
vn -0.3647 0.8977 -0.2473
vn -0.0711 0.8529 0.5172
vn -0.0249 0.9606 0.2768
vn 0.0102 0.9985 0.0537
vn 0.0044 0.9979 0.0653
vn 0.0038 0.9905 -0.1373
vn 0.0308 0.9680 -0.2490
vn 0.3871 0.9204 0.0550
vn 0.2843 0.9484 0.1402
vn 0.4437 0.8962 0.0055
vn 0.1473 0.9849 0.0905
vn 0.3197 0.9460 0.0541
vn 0.1579 0.9872 0.0228
vn 0.1891 0.9761 0.1071
vn 0.3253 0.9425 -0.0761
vn -0.0250 0.9606 0.2768
vn -0.0000 -0.9702 -0.2425
vn -0.0000 -0.9996 0.0272
vn -0.0000 -0.9118 -0.4107
vn -0.0000 -0.1650 0.9863
vn -0.0000 -0.5065 0.8622
vn -0.0000 -0.3430 0.9393
vn -0.0000 -0.6429 0.7660
vn -0.0000 0.9962 0.0874
vn -0.0000 0.8693 0.4943
vn -0.0000 0.9590 0.2835
vn -0.0000 0.7275 0.6861
vn -0.0000 -0.8567 -0.5159
vn -0.0000 -0.9946 0.1038
vn -0.0000 -0.9079 0.4193
vn -0.0000 -0.9546 0.2977
vn -0.0000 -0.3403 -0.9403
vn -0.0000 -0.1901 -0.9818
vn -0.0000 -0.5102 -0.8601
vn -0.0000 0.0878 0.9961
vn -0.0000 0.9356 -0.3532
vn -0.0000 0.9747 -0.2237
vn -0.0000 0.8949 -0.4462
vn -0.0000 -0.6815 -0.7319
vn -0.0000 0.8577 -0.5142
vn -0.0000 -0.8667 0.4988
vn -0.0000 0.7951 -0.6064
vn -0.3438 0.8172 0.4626
vn -0.5340 0.8030 0.2646
vn -0.6157 0.7072 0.3476
vn -0.3741 0.7171 0.5881
vn -0.6119 0.7908 -0.0136
vn -0.7190 0.6943 0.0309
vn -0.5272 0.7976 -0.2930
vn -0.6594 0.6939 -0.2893
vn -0.3119 0.8217 -0.4771
vn -0.4502 0.7119 -0.5390
vn -0.0480 0.8437 -0.5346
vn -0.1390 0.7378 -0.6606
vn 0.2099 0.8499 -0.4833
vn 0.2027 0.7528 -0.6262
vn 0.4340 0.8369 -0.3334
vn 0.4965 0.7458 -0.4441
vn 0.5774 0.8117 -0.0880
vn 0.6745 0.7217 -0.1556
vn 0.5734 0.7932 0.2048
vn 0.6951 0.6979 0.1727
vn 0.5734 0.7932 0.2049
vn 0.4111 0.7958 0.4446
vn 0.5541 0.6902 0.4653
vn 0.6951 0.6979 0.1728
vn 0.1614 0.8105 0.5630
vn 0.2852 0.6999 0.6549
vn -0.1019 0.8204 0.5627
vn -0.0495 0.7136 0.6988
vn -0.7486 0.5057 0.4287
vn -0.4500 0.5103 0.7329
vn -0.8643 0.5013 0.0403
vn -0.7926 0.5053 -0.3412
vn -0.5555 0.5202 -0.6486
vn -0.1876 0.5403 -0.8203
vn 0.2401 0.5529 -0.7979
vn 0.6108 0.5481 -0.5714
vn 0.8216 0.5297 -0.2105
vn 0.8397 0.5107 0.1845
vn 0.6801 0.5010 0.5353
vn 0.8397 0.5107 0.1844
vn 0.3712 0.5021 0.7811
vn -0.0374 0.5082 0.8604
vn -0.8100 0.3451 0.4741
vn -0.4800 0.3479 0.8053
vn -0.9380 0.3431 0.0501
vn -0.8632 0.3484 -0.3654
vn -0.6112 0.3626 -0.7035
vn -0.2150 0.3810 -0.8992
vn 0.2528 0.3927 -0.8842
vn 0.6619 0.3888 -0.6408
vn 0.8946 0.3723 -0.2471
vn 0.9169 0.3546 0.1832
vn 0.7485 0.3441 0.5668
vn 0.4184 0.3427 0.8411
vn -0.0255 0.3463 0.9378
vn -0.8345 0.2205 0.5050
vn -0.4847 0.2211 0.8463
vn -0.9730 0.2215 0.0642
vn -0.9010 0.2281 -0.3691
vn -0.6456 0.2410 -0.7247
vn -0.2386 0.2567 -0.9366
vn 0.2484 0.2668 -0.9312
vn 0.6795 0.2641 -0.6845
vn 0.9278 0.2504 -0.2767
vn 0.9568 0.2348 0.1713
vn 0.7885 0.2240 0.5728
vn 0.9568 0.2349 0.1713
vn 0.4518 0.2199 0.8646
vn -0.0077 0.2204 0.9754
vn -0.8001 0.1590 0.5784
vn -0.4154 0.1587 0.8957
vn -0.9770 0.1612 0.1396
vn -0.9371 0.1679 -0.3060
vn -0.7076 0.1796 -0.6834
vn -0.3182 0.1937 -0.9280
vn 0.1699 0.2039 -0.9641
vn 0.6270 0.2035 -0.7520
vn 0.9141 0.1927 -0.3568
vn 0.9791 0.1783 0.0975
vn 0.8400 0.1668 0.5163
vn 0.5257 0.1604 0.8354
vn 0.0756 0.1586 0.9844
vn -0.9788 0.1993 -0.0473
vn -0.9891 0.1385 -0.0496
vn -0.9780 0.2030 -0.0471
vn -0.9472 0.3179 -0.0422
vn -0.9285 0.3691 -0.0397
vn -0.8775 0.4783 -0.0338
vn -0.8425 0.5378 -0.0302
vn -0.7494 0.6617 -0.0216
vn -0.6825 0.7307 -0.0160
vn -0.4999 0.8661 -0.0023
vn -0.3791 0.9253 0.0060
vn -0.1005 0.9947 0.0230
vn 0.0574 0.9978 0.0317
vn 0.3445 0.9377 0.0455
vn 0.4744 0.8788 0.0508
vn 0.6660 0.7438 0.0573
vn 0.7379 0.6723 0.0592
vn 0.8362 0.5451 0.0608
vn 0.8714 0.4867 0.0611
vn 0.9230 0.3799 0.0608
vn 0.9422 0.3297 0.0604
vn 0.9708 0.2326 0.0592
vn 0.9805 0.1878 0.0584
vn 0.9879 0.1440 0.0576
vn -0.0099 -0.0762 0.9970
vn 0.0186 -0.0760 0.9969
vn 0.0126 -0.0349 -0.9993
vn -0.0152 -0.0337 -0.9993
vn 0.3345 0.2751 0.9014
vn 0.7364 0.2820 0.6150
vn 0.6166 0.2784 0.7364
vn 0.1702 0.2733 0.9468
vn 0.9416 0.2929 0.1660
vn 0.8985 0.2882 0.3312
vn 0.8949 0.3048 -0.3260
vn 0.9402 0.3001 -0.1613
vn 0.6079 0.3146 -0.7290
vn 0.7297 0.3110 -0.6089
vn 0.6078 0.3146 -0.7291
vn 0.1572 0.3196 -0.9344
vn 0.3230 0.3179 -0.8914
vn -0.3359 0.3184 -0.8865
vn -0.1709 0.3188 -0.9323
vn -0.7384 0.3114 -0.5981
vn -0.6186 0.3137 -0.7204
vn -0.9423 0.3005 -0.1476
vn -0.8998 0.3038 -0.3131
vn -0.8935 0.2886 0.3441
vn -0.9394 0.2919 0.1796
vn -0.6058 0.2789 0.7451
vn -0.7277 0.2811 0.6257
vn -0.1565 0.2739 0.9489
vn -0.3215 0.2743 0.9063
vn -0.0774 0.6717 0.7367
vn -0.3231 0.8122 0.4857
vn -0.2029 0.3333 0.9207
vn -0.2914 0.1366 0.9468
vn -0.0097 0.9853 0.1704
vn -0.2824 0.9572 -0.0630
vn -0.1184 0.8653 -0.4871
vn -0.3851 0.7253 -0.5706
vn -0.3249 0.4112 -0.8517
vn -0.5615 0.2964 -0.7726
vn -0.5363 -0.0988 -0.8382
vn -0.7458 -0.1110 -0.6568
vn -0.7022 -0.5101 -0.4967
vn -0.8840 -0.3724 -0.2825
vn -0.7392 -0.6633 0.1168
vn -0.8954 -0.3721 0.2447
vn -0.5663 -0.3994 0.7209
vn -0.4706 -0.2289 0.8521
vn -0.8247 0.4108 0.3888
vn -0.8563 0.4928 0.1546
vn -0.8972 0.3294 0.2943
vn -0.8117 0.5839 0.0127
vn -0.9617 0.1865 -0.2007
vn -0.9924 0.1136 -0.0464
vn -0.9394 0.1615 0.3023
vn -0.9713 0.1053 0.2133
vn 0.0766 0.0072 0.9970
vn 0.2523 0.3428 0.9049
vn 0.2050 0.2502 0.9462
vn -0.0013 -0.1352 0.9908
vn 0.2732 0.7492 0.6034
vn 0.3778 0.6005 0.7048
vn 0.0087 0.8483 0.5295
vn 0.2503 0.8471 0.4688
vn 0.2336 0.9012 -0.3651
vn 0.1908 0.9742 -0.1204
vn 0.2555 0.9258 -0.2786
vn 0.1622 0.9330 -0.3211
vn -0.0600 0.9786 0.1966
vn 0.1244 0.9912 0.0456
vn -0.0401 0.6214 -0.7825
vn 0.0064 0.2849 -0.9585
vn -0.0645 0.4635 -0.8837
vn -0.3383 0.7297 -0.5943
vn -0.2616 -0.1677 -0.9505
vn -0.1344 -0.0270 -0.9906
vn -0.4711 -0.3337 -0.8165
vn -0.4308 -0.3081 -0.8482
vn -0.4317 -0.7216 -0.5413
vn -0.4695 -0.5947 -0.6526
vn -0.4794 -0.8768 -0.0379
vn -0.4763 -0.8424 -0.2520
vn -0.3818 -0.7707 0.5101
vn -0.4379 -0.8462 0.3035
vn -0.1436 -0.3864 0.9111
vn -0.2181 -0.5126 0.8305
vn -0.9222 0.3840 -0.0450
vn -0.9219 0.3847 -0.0452
vn -0.9166 0.3974 -0.0438
vn -0.9300 0.3642 -0.0502
vn -0.9610 0.2555 -0.1054
vn -0.9182 0.3901 -0.0691
vn -0.9842 0.1634 -0.0688
vn -0.9810 0.1865 -0.0530
vn -0.9021 0.4239 -0.0803
vn -0.9375 0.3477 -0.0115
vn -0.9586 0.2491 0.1377
vn -0.9169 0.3938 -0.0654
vn -0.9312 0.2461 0.2688
vn -0.9309 0.2556 0.2609
vn -0.9210 0.3840 0.0656
vn -0.9349 0.3136 0.1663
vn -0.8449 0.5105 0.1598
vn -0.8607 0.4875 0.1468
vn -0.9464 0.3046 0.1072
vn -0.9147 0.3856 0.1207
vn -0.9340 0.3459 -0.0896
vn -0.9399 0.3413 -0.0040
vn -0.9346 0.3428 -0.0948
vn -0.9249 0.3521 -0.1436
vn -0.9337 0.3545 -0.0509
vn -0.9296 0.3653 -0.0493
vn -0.0885 -0.0294 -0.9956
vn -0.2517 -0.3416 -0.9055
vn -0.2079 -0.2559 -0.9441
vn -0.0089 0.1169 -0.9931
vn -0.2857 -0.7856 -0.5488
vn -0.3693 -0.5822 -0.7243
vn -0.0595 -0.9521 -0.2999
vn -0.2646 -0.8794 -0.3958
vn -0.2960 -0.8424 0.4503
vn -0.4699 -0.8774 0.0969
vn -0.3813 -0.8838 0.2711
vn -0.1814 -0.8528 0.4897
vn -0.4784 -0.8781 -0.0138
vn -0.2543 -0.5653 0.7847
vn -0.0613 -0.3039 0.9507
vn -0.1603 -0.4740 0.8658
vn -0.2504 -0.5660 0.7855
vn 0.2439 0.1340 0.9605
vn 0.0961 -0.0247 0.9951
vn 0.4621 0.3400 0.8191
vn 0.4571 0.3309 0.8256
vn 0.4248 0.7052 0.5677
vn 0.4534 0.5372 0.7113
vn 0.4782 0.8782 0.0100
vn 0.4798 0.8578 0.1843
vn 0.3973 0.7928 -0.4622
vn 0.4412 0.8502 -0.2873
vn 0.1578 0.4107 -0.8980
vn 0.2503 0.5658 -0.7856
vn -0.9990 0.0458 -0.0000
vn -0.9958 0.0913 -0.0001
vn -0.9978 0.0670 -0.0001
vn -0.9731 -0.2095 0.0956
vn -0.9988 -0.0481 -0.0001
vn -0.9210 -0.2817 0.2690
vn -0.9220 -0.3428 0.1802
vn -0.8879 -0.2242 0.4017
vn -0.8949 -0.2958 0.3341
vn -0.8879 -0.2243 0.4017
vn -0.9966 -0.0211 0.0798
vn -0.9761 -0.0964 0.1949
vn -0.0000 0.0362 -0.9993
vn -0.0000 0.0196 -0.9998
vn -0.0000 0.0011 -1.0000
vn -0.0000 0.0204 0.9998
vn -0.0000 0.0430 0.9991
vn -0.0000 -0.0968 -0.9953
vn -0.0000 -0.1964 -0.9805
vn -0.0000 0.1266 0.9920
vn -0.0000 0.1881 0.9821
vn -0.0000 -0.4007 -0.9162
vn -0.0000 -0.4986 -0.8668
vn -0.0000 0.3453 0.9385
vn -0.0000 0.4502 0.8929
vn -0.0000 -0.6716 -0.7409
vn -0.0000 -0.7490 -0.6626
vn -0.0000 0.6660 0.7460
vn -0.0000 0.7573 0.6530
vn -0.0000 -0.7491 -0.6625
vn -0.0205 -0.9865 -0.1624
vn -0.0003 -0.9872 -0.1597
vn -0.0065 0.9827 0.1851
vn -0.0000 0.9811 0.1935
vn -0.0000 0.7574 0.6530
vn -0.0000 0.6660 0.7459
vn -0.0166 0.9999 -0.0000
vn -0.0083 1.0000 -0.0000
vn -0.0000 0.9811 0.1936
vn -0.9761 -0.0964 0.1948
vn -0.0212 -0.9865 -0.1624
vn -0.0504 -0.9987 -0.0000
vn -0.0252 -0.9997 -0.0000
vn -0.0000 -0.9872 -0.1595
vn -0.9977 0.0671 0.0001
vn -0.9958 0.0913 0.0001
vn -0.9988 -0.0481 0.0001
vn -0.9731 -0.2095 -0.0956
vn -0.9235 -0.3384 -0.1804
vn -0.9263 -0.2545 -0.2780
vn -0.8992 -0.2578 -0.3535
vn -0.8790 -0.1957 -0.4349
vn -0.9749 -0.0874 -0.2048
vn -0.9965 -0.0215 -0.0810
vn -0.0000 0.0362 0.9993
vn -0.0000 0.0011 1.0000
vn -0.0000 0.0196 0.9998
vn -0.0000 0.0204 -0.9998
vn -0.0000 0.0430 -0.9991
vn -0.0000 -0.1964 0.9805
vn -0.0000 -0.0968 0.9953
vn -0.0000 0.1266 -0.9920
vn -0.0000 0.1881 -0.9821
vn 0.0001 -0.5315 0.8470
vn -0.0000 -0.4242 0.9056
vn -0.0000 0.3668 -0.9303
vn -0.0000 0.4825 -0.8759
vn -0.0000 -0.7439 0.6683
vn -0.0000 -0.6781 0.7349
vn -0.0000 0.6717 -0.7408
vn -0.0000 0.7538 -0.6571
vn 0.0001 -0.7439 0.6683
vn -0.0000 -0.9891 0.1473
vn -0.0210 -0.9881 0.1521
vn -0.0000 -0.6782 0.7349
vn -0.0066 0.9845 -0.1755
vn -0.0000 0.6718 -0.7408
vn -0.0000 0.9831 -0.1832
vn -0.9965 -0.0214 -0.0810
vn -0.0000 -0.9891 0.1474
vn 0.8829 -0.2650 0.3876
vn 0.9131 -0.0741 0.4009
vn 0.9129 0.0766 0.4008
vn 0.7771 -0.2650 -0.5708
vn 0.8038 -0.0741 -0.5903
vn 0.8036 0.0766 -0.5902
vn -0.1058 -0.2650 -0.9584
vn -0.1057 -0.2650 -0.9584
vn -0.1094 -0.0741 -0.9912
vn -0.1094 0.0766 -0.9910
vn -0.8829 -0.2650 -0.3876
vn -0.9131 -0.0741 -0.4009
vn -0.9129 0.0766 -0.4008
vn -0.7771 -0.2650 0.5708
vn -0.8038 -0.0741 0.5903
vn -0.8036 0.0766 0.5902
vn 0.1058 -0.2650 0.9584
vn 0.1094 -0.0741 0.9912
vn 0.1094 0.0766 0.9910
vn -0.8741 0.2977 -0.3838
vn -0.1047 0.2977 -0.9489
vn 0.7694 0.2977 -0.5651
vn 0.8741 0.2977 0.3838
vn 0.1047 0.2977 0.9489
vn -0.7694 0.2977 0.5651
vn 0.4522 -0.1513 -0.8790
vn 0.4570 -0.0458 -0.8883
vn 0.4570 0.0476 -0.8882
vn -0.5351 -0.1513 -0.8311
vn -0.5408 -0.0458 -0.8399
vn -0.5407 0.0476 -0.8398
vn -0.9873 -0.1513 0.0479
vn -0.9978 -0.0458 0.0484
vn -0.9977 0.0476 0.0484
vn -0.4522 -0.1513 0.8790
vn -0.4570 -0.0458 0.8883
vn -0.4570 0.0476 0.8882
vn 0.5351 -0.1513 0.8311
vn 0.5408 -0.0458 0.8399
vn 0.5407 0.0476 0.8398
vn 0.9873 -0.1514 -0.0479
vn 0.9978 -0.0458 -0.0484
vn 0.9977 0.0476 -0.0484
vn -0.4507 0.1711 0.8761
vn -0.9841 0.1711 0.0477
vn -0.5334 0.1711 -0.8284
vn 0.4507 0.1711 -0.8761
vn 0.9841 0.1711 -0.0477
vn 0.5334 0.1711 0.8284
vn -0.0603 0.9533 -0.2958
vn 0.2054 0.9493 -0.2381
vn 0.2064 0.9447 -0.2547
vn -0.0544 0.9470 -0.3166
vn -0.3171 0.8945 -0.3152
vn -0.3230 0.8994 -0.2944
vn 0.3558 0.7528 0.5538
vn 0.3255 0.7358 0.5938
vn 0.3371 0.7320 0.5920
vn 0.3785 0.7707 0.5126
vn 0.4035 0.7995 0.4450
vn 0.4046 0.7992 0.4444
vn 0.3803 0.9210 -0.0847
vn 0.4434 0.8585 0.2576
vn 0.4360 0.8919 0.1198
vn 0.3119 0.9370 -0.1575
vn 0.2541 0.9367 -0.2410
vn 0.2476 0.9441 -0.2176
vn -0.1913 0.6304 0.7524
vn -0.2942 0.5801 0.7596
vn -0.2964 0.5996 0.7434
vn -0.1917 0.6405 0.7436
vn -0.0821 0.6538 0.7522
vn -0.0818 0.6559 0.7504
vn -0.7132 0.7005 -0.0262
vn -0.7478 0.6586 -0.0838
vn -0.7111 0.6996 -0.0697
vn -0.6880 0.7255 -0.0174
vn -0.7130 0.6973 0.0736
vn -0.7151 0.6956 0.0687
vn -0.6822 0.6012 0.4161
vn -0.7275 0.6309 0.2696
vn -0.7113 0.6164 0.3379
vn -0.8424 0.2781 0.4615
vn -0.6699 0.5820 0.4610
vn -0.8378 0.1268 0.5311
vn -0.2226 -0.1750 0.9591
vn -0.3594 -0.1716 0.9173
vn -0.3546 -0.1833 0.9169
vn -0.0764 -0.1187 0.9900
vn 0.0749 -0.0705 0.9947
vn 0.0351 0.0114 0.9993
vn -0.9047 0.0250 -0.4254
vn -0.8906 0.0275 -0.4539
vn -0.8208 -0.2650 -0.5061
vn -0.7465 -0.4886 -0.4517
vn -0.9678 -0.0171 -0.2510
vn -0.9679 -0.0175 -0.2508
vn -0.9912 -0.0987 0.0878
vn -0.9679 -0.1249 0.2183
vn -0.8705 -0.1641 0.4640
vn -0.8442 -0.1697 0.5085
vn 0.2021 -0.8120 0.5475
vn 0.2200 -0.7854 0.5786
vn 0.0659 -0.8500 0.5226
vn 0.0561 -0.8762 0.4786
vn -0.1026 -0.8626 0.4953
vn -0.0860 -0.8715 0.4827
vn -0.5925 -0.6544 -0.4698
vn -0.5577 -0.7274 -0.3998
vn -0.5656 -0.7293 -0.3850
vn -0.5699 -0.7277 -0.3817
vn -0.5404 -0.8362 0.0934
vn -0.6005 -0.7896 -0.1264
vn -0.5760 -0.8172 -0.0212
vn -0.5303 -0.8382 0.1274
vn -0.5226 -0.8378 0.1579
vn -0.5342 -0.8304 0.1581
vn 0.2085 -0.6572 -0.7243
vn 0.4707 -0.5911 -0.6550
vn 0.4780 -0.5799 -0.6597
vn 0.1963 -0.6363 -0.7460
vn -0.0811 -0.6800 -0.7287
vn -0.0622 -0.6997 -0.7117
vn 0.6063 -0.7801 0.1544
vn 0.5169 -0.8287 0.2147
vn 0.5285 -0.8067 0.2645
vn 0.6362 -0.7523 0.1711
vn 0.6936 -0.7204 -0.0000
vn 0.6948 -0.7192 -0.0003
vn 0.6393 -0.5775 -0.5077
vn 0.7240 -0.6550 -0.2166
vn 0.7118 -0.6136 -0.3418
vn 0.5717 -0.5760 -0.5843
vn 0.5152 -0.5688 -0.6411
vn 0.4935 -0.5829 -0.6455
vn -0.2890 0.1635 -0.9433
vn 0.8523 0.0122 0.5229
vn 0.9022 0.0400 0.4295
vn 0.7980 -0.0133 0.6025
vn 0.9362 0.0634 0.3457
vn 0.8524 0.2295 -0.4699
vn 0.7768 0.2429 -0.5811
vn 0.9595 0.1893 -0.2088
vn 0.9890 0.1482 -0.0031
vn 0.7002 0.2503 -0.6687
vn 0.7001 0.2504 -0.6687
vn 0.4309 0.8099 0.3981
vn 0.4337 0.8094 0.3959
vn 0.9696 0.0966 0.2250
vn 0.9694 0.0945 0.2264
vn 0.7217 -0.6881 -0.0749
vn 0.7312 -0.6797 -0.0578
vn -0.6099 -0.7613 -0.2201
vn -0.6101 -0.7611 -0.2202
vn -0.9967 -0.0717 -0.0384
vn -0.9965 -0.0748 -0.0377
vn -0.7382 0.6469 0.1911
vn -0.7438 0.6395 0.1942
vn 0.7860 -0.0047 0.6183
vn 0.7885 -0.0429 0.6135
vn 0.7913 -0.0302 0.6107
vn 0.7737 -0.0220 0.6332
vn 0.7859 -0.0047 0.6183
vn 0.7369 0.0712 0.6723
vn 0.7892 0.0245 0.6137
vn 0.6282 0.0069 0.7780
vn 0.6824 0.0474 0.7294
vn 0.6386 -0.1384 0.7570
vn 0.6834 -0.1473 0.7151
vn 0.7806 -0.0687 0.6212
vn 0.7605 -0.1488 0.6320
vn 0.2800 0.2568 -0.9250
vn 0.2794 0.2182 -0.9351
vn 0.2395 0.3146 -0.9185
vn 0.2486 0.3142 -0.9162
vn 0.2800 0.2567 -0.9250
vn 0.2905 0.2306 -0.9287
vn 0.2645 0.2581 -0.9292
vn 0.2338 0.1340 -0.9630
vn 0.2997 0.2083 -0.9310
vn 0.0749 0.1590 -0.9844
vn 0.1456 0.1366 -0.9799
vn 0.0695 0.3017 -0.9509
vn 0.1295 0.3185 -0.9390
vn -0.6662 -0.7092 0.2306
vn -0.2308 -0.9730 0.0072
vn -0.4020 -0.9115 0.0870
vn -0.7622 -0.5768 0.2939
vn 0.3132 -0.9282 -0.2009
vn 0.1312 -0.9815 -0.1393
vn -0.4019 -0.9116 0.0869
vn 0.7307 -0.6084 -0.3096
vn 0.6120 -0.7371 -0.2865
vn 0.9350 -0.1797 -0.3059
vn 0.8887 -0.3303 -0.3180
vn 0.9403 0.2654 -0.2130
vn 0.9604 0.1150 -0.2539
vn 0.7374 0.6743 -0.0400
vn 0.8321 0.5441 -0.1071
vn 0.3087 0.9313 0.1932
vn 0.4773 0.8717 0.1115
vn -0.2304 0.8878 0.3984
vn -0.0497 0.9397 0.3385
vn -0.6520 0.5753 0.4939
vn -0.5318 0.7018 0.4739
vn -0.8623 0.1511 0.4833
vn -0.8142 0.3007 0.4967
vn -0.8708 -0.2948 0.3935
vn -0.8903 -0.1435 0.4321
vn -0.2339 0.8903 0.3907
vn -0.6567 0.5761 0.4867
vn -0.5364 0.7033 0.4665
vn -0.0521 0.9424 0.3303
vn 0.3078 0.9334 0.1842
vn 0.4767 0.8731 0.1022
vn 0.7364 0.6748 -0.0492
vn 0.8307 0.5445 -0.1159
vn 0.9382 0.2662 -0.2212
vn 0.9581 0.1162 -0.2619
vn 0.9328 -0.1777 -0.3136
vn 0.8867 -0.3281 -0.3258
vn 0.7287 -0.6065 -0.3180
vn 0.6099 -0.7356 -0.2948
vn 0.3097 -0.9275 -0.2095
vn 0.1270 -0.9809 -0.1475
vn -0.2364 -0.9717 -0.0003
vn -0.4076 -0.9097 0.0797
vn -0.6713 -0.7067 0.2235
vn -0.7669 -0.5743 0.2865
vn -0.8746 -0.2931 0.3862
vn -0.8941 -0.1422 0.4248
vn -0.8663 0.1516 0.4759
vn -0.8185 0.3010 0.4894
vn -0.2127 0.8844 0.4155
vn -0.6379 0.5756 0.5117
vn -0.5159 0.7017 0.4914
vn -0.0306 0.9345 0.3547
vn 0.3263 0.9219 0.2090
vn 0.4940 0.8602 0.1265
vn 0.7495 0.6616 -0.0240
vn 0.8424 0.5310 -0.0915
vn 0.9471 0.2541 -0.1961
vn 0.9660 0.1039 -0.2368
vn 0.9389 -0.1885 -0.2880
vn 0.8920 -0.3391 -0.2989
vn 0.7334 -0.6159 -0.2878
vn 0.6130 -0.7446 -0.2643
vn 0.3123 -0.9332 -0.1776
vn 0.1291 -0.9851 -0.1138
vn -0.2322 -0.9721 0.0334
vn -0.4031 -0.9082 0.1128
vn -0.6635 -0.7036 0.2544
vn -0.2323 -0.9721 0.0334
vn -0.7576 -0.5704 0.3173
vn -0.8632 -0.2895 0.4137
vn -0.8821 -0.1380 0.4503
vn -0.8513 0.1540 0.5016
vn -0.8020 0.3033 0.5146
vn 0.3992 -0.0781 0.9135
vn 0.4299 -0.1011 0.8972
vn 0.4210 -0.0916 0.9024
vn 0.3861 -0.0741 0.9195
vn 0.3590 -0.0731 0.9305
vn 0.3993 -0.0781 0.9135
vn 0.3452 -0.0763 0.9354
vn 0.3206 -0.0883 0.9431
vn 0.3102 -0.0976 0.9456
vn 0.2950 -0.1190 0.9481
vn 0.2908 -0.1315 0.9477
vn 0.2887 -0.1563 0.9446
vn 0.2914 -0.1688 0.9416
vn 0.3026 -0.1909 0.9338
vn 0.3115 -0.2005 0.9289
vn 0.3335 -0.2143 0.9181
vn 0.3468 -0.2183 0.9122
vn 0.3740 -0.2193 0.9011
vn 0.3880 -0.2161 0.8960
vn 0.4125 -0.2039 0.8878
vn 0.4228 -0.1945 0.8851
vn 0.4377 -0.1728 0.8823
vn 0.4418 -0.1603 0.8827
vn 0.4437 -0.1355 0.8859
vn 0.4410 -0.1230 0.8890
vn -0.3807 0.1873 -0.9055
vn -0.4014 0.1745 -0.8991
vn -0.3951 0.1799 -0.9009
vn -0.3726 0.1892 -0.9085
vn -0.3563 0.1892 -0.9150
vn -0.3484 0.1870 -0.9185
vn -0.3349 0.1795 -0.9250
vn -0.3293 0.1738 -0.9281
vn -0.3221 0.1608 -0.9330
vn -0.3205 0.1533 -0.9348
vn -0.3214 0.1384 -0.9368
vn -0.3241 0.1309 -0.9369
vn -0.3330 0.1180 -0.9355
vn -0.3392 0.1127 -0.9339
vn -0.3537 0.1053 -0.9294
vn -0.3619 0.1034 -0.9265
vn -0.3780 0.1035 -0.9200
vn -0.3859 0.1056 -0.9165
vn -0.3993 0.1131 -0.9098
vn -0.4048 0.1186 -0.9067
vn -0.4121 0.1316 -0.9016
vn -0.4137 0.1391 -0.8997
vn -0.4128 0.1540 -0.8977
vn -0.4101 0.1615 -0.8976
vn 0.4264 -0.0871 0.9003
vn 0.3883 -0.0686 0.9190
vn 0.4028 -0.0725 0.9124
vn 0.4364 -0.0972 0.8945
vn 0.3441 -0.0707 0.9363
vn 0.3592 -0.0673 0.9308
vn 0.3057 -0.0930 0.9476
vn 0.3174 -0.0831 0.9446
vn 0.2834 -0.1293 0.9502
vn 0.2885 -0.1157 0.9505
vn 0.2834 -0.1703 0.9438
vn 0.2804 -0.1564 0.9470
vn 0.3056 -0.2049 0.9298
vn 0.2954 -0.1946 0.9353
vn 0.3443 -0.2238 0.9118
vn 0.3296 -0.2198 0.9182
vn 0.3887 -0.2216 0.8943
vn 0.3736 -0.2251 0.8999
vn 0.4269 -0.1990 0.8821
vn 0.4154 -0.2090 0.8853
vn 0.4487 -0.1622 0.8788
vn 0.4438 -0.1760 0.8787
vn 0.4485 -0.1212 0.8855
vn 0.4515 -0.1351 0.8820
vn -0.9339 -0.2205 -0.2815
vn -0.3630 -0.0000 -0.9318
vn -0.5986 -0.0000 -0.8011
vn -0.1148 -0.0000 -0.9934
vn 0.0338 -0.0000 0.9994
vn -0.1090 -0.0000 0.9940
vn 0.1826 -0.0000 0.9832
vn -0.9977 -0.0000 0.0671
vn -0.9970 -0.0000 0.0771
vn -0.9971 -0.0000 0.0762
vn 0.9949 -0.0000 -0.1004
vn 0.9947 -0.0000 -0.1031
vn 0.9951 -0.0000 -0.0984
vn 0.9755 -0.0000 -0.2202
vn 0.9922 -0.0000 -0.1250
vn 0.9918 -0.0000 -0.1281
vn -0.9842 -0.0000 0.1768
vn -0.9858 -0.0000 0.1677
vn -0.9785 -0.0000 0.2063
vn 0.1007 -0.0000 -0.9949
vn 0.3278 -0.0000 0.9447
vn 0.0019 1.0000 0.0017
vn 0.9946 -0.0000 -0.1037
vn -0.9940 -0.0000 0.1097
vn -0.9905 -0.0000 0.1377
vn 0.1954 -0.0000 -0.9807
vn -0.0907 -0.0000 -0.9959
vn -0.0906 -0.0000 -0.9959
vn 0.4029 -0.0000 0.9153
vn 0.1309 -0.0000 0.9914
vn 0.2638 -0.0000 0.9646
vn -0.9953 -0.0000 0.0969
vn -0.9945 -0.0000 0.1043
vn -0.9946 -0.0000 0.1038
vn 0.9940 -0.0000 -0.1096
vn 0.9936 -0.0000 -0.1130
vn 0.0106 -0.0000 0.9999
vn -0.3383 -0.0000 -0.9410
vn 0.0032 0.9994 0.0341
vn -0.0069 0.9995 -0.0323
vn 0.9940 -0.0000 -0.1095
vn 0.9944 -0.0000 -0.1053
vn -0.9946 -0.0000 0.1034
vn -0.9948 -0.0000 0.1015
vn 0.9805 -0.0000 -0.1967
vn 0.9935 -0.0000 -0.1135
vn 0.9900 -0.0000 -0.1410
vn -0.9891 -0.0000 0.1473
vn -0.9935 -0.0000 0.1135
vn -0.9752 -0.0000 0.2211
vn 0.2700 -0.0000 0.9629
vn 0.1541 -0.0000 0.9880
vn 0.3939 -0.0000 0.9192
vn -1.0000 -0.0000 -0.0019
vn -0.9952 -0.0000 0.0974
vn -0.9957 -0.0000 0.0927
vn 0.9849 -0.0000 -0.1730
vn 0.6818 -0.0000 -0.7315
vn 0.8163 -0.0000 -0.5777
vn 0.9950 -0.0000 -0.1002
vn 0.9886 -0.0000 -0.1504
vn 0.9936 -0.0000 -0.1133
vn 0.9934 -0.0000 -0.1145
vn -0.9903 -0.0000 0.1389
vn -0.9935 -0.0000 0.1139
vn -0.9745 -0.0000 0.2244
vn 0.6818 -0.0000 -0.7316
vn 0.5030 -0.0000 -0.8643
vn 0.8162 -0.0000 -0.5777
vn 0.5195 -0.0000 0.8545
vn 0.9960 -0.0000 -0.0894
vn 0.9960 -0.0000 -0.0895
vn -0.9939 -0.0000 0.1102
vn -0.9942 -0.0000 0.1077
vn -0.0100 0.9999 0.0028
vn 0.8167 -0.2928 0.4972
vn 0.0604 -0.5590 0.8269
vn 0.9187 -0.1857 -0.3486
vn 0.2785 -0.3299 -0.9020
vn -0.5015 -0.6004 -0.6229
vn -0.6516 -0.7059 -0.2777
vn -0.4813 -0.5919 0.6465
vn 0.3101 -0.0651 0.9485
vn 0.2598 0.0651 0.9635
vn 0.9536 0.1836 0.2387
vn 0.9128 0.3178 0.2566
vn 0.6673 0.1835 -0.7219
vn 0.6234 0.3177 -0.7144
vn -0.2598 -0.0651 -0.9635
vn -0.3101 0.0651 -0.9485
vn -0.9128 -0.3177 -0.2566
vn -0.9536 -0.1835 -0.2387
vn -0.6234 -0.3178 0.7144
vn -0.6673 -0.1836 0.7218
vn 0.4022 0.5590 0.7251
vn -0.4112 0.2928 0.8632
vn 0.7567 0.5919 0.2775
vn 0.0786 0.6004 -0.7958
vn 0.3932 0.7059 -0.5891
vn -0.7269 0.3299 -0.6023
vn -0.9596 0.1857 0.2113
vn -0.0116 -0.0611 0.9981
vn -0.4569 -0.6356 0.6224
vn 0.7070 0.2257 0.6702
vn 0.9964 -0.0275 -0.0807
vn 0.6112 -0.5956 -0.5212
vn 0.3147 -0.8275 -0.4650
vn -0.5012 -0.8607 0.0897
vn -0.6776 -0.1227 0.7252
vn -0.7621 -0.0275 0.6469
vn 0.0580 0.4709 0.8803
vn -0.0318 0.5789 0.8148
vn 0.8132 0.5557 0.1730
vn 0.7376 0.6686 0.0945
vn 0.7621 0.0275 -0.6469
vn 0.6776 0.1227 -0.7252
vn 0.0318 -0.5789 -0.8148
vn -0.0580 -0.4709 -0.8803
vn -0.7376 -0.6686 -0.0945
vn -0.8132 -0.5557 -0.1730
vn -0.7106 0.5007 0.4944
vn -0.9984 -0.0442 -0.0353
vn -0.2284 0.7685 0.5977
vn 0.4668 0.7242 -0.5076
vn 0.3617 0.9155 -0.1763
vn 0.1166 0.1440 -0.9827
vn -0.6030 -0.2147 -0.7683
vn -0.4781 -0.2479 0.8426
vn 0.0949 -0.2270 0.9693
vn -0.1098 -0.2320 0.9665
vn -0.6425 -0.2605 0.7206
vn 0.6341 -0.2320 0.7376
vn 0.4662 -0.2277 0.8548
vn 0.9363 -0.2611 0.2347
vn 0.8687 -0.2494 0.4280
vn 0.8859 -0.3036 -0.3507
vn 0.9449 -0.2889 -0.1540
vn 0.4986 -0.3435 -0.7959
vn 0.6630 -0.3316 -0.6711
vn -0.0799 -0.3652 -0.9275
vn 0.1275 -0.3610 -0.9238
vn -0.6256 -0.3600 -0.6921
vn -0.4560 -0.3654 -0.8115
vn -0.9263 -0.3300 -0.1819
vn -0.8602 -0.3431 -0.3773
vn -0.8684 -0.2872 0.4042
vn -0.9300 -0.3029 0.2084
vn -0.3266 -0.1695 0.9298
vn 0.4266 -0.1695 0.8884
vn 0.3001 -0.1026 0.9484
vn -0.4584 -0.1026 0.8828
vn 0.9298 -0.1695 0.3267
vn 0.8828 -0.1026 0.4584
vn 0.8884 -0.1695 -0.4266
vn 0.9484 -0.1026 -0.3001
vn 0.3266 -0.1695 -0.9298
vn 0.4584 -0.1026 -0.8828
vn -0.4266 -0.1695 -0.8884
vn -0.3001 -0.1026 -0.9484
vn -0.9299 -0.1695 -0.3266
vn -0.8828 -0.1026 -0.4584
vn -0.9299 -0.1695 -0.3265
vn -0.8884 -0.1695 0.4266
vn -0.9484 -0.1026 0.3001
vn 0.4712 0.1369 -0.8714
vn -0.4310 0.1515 -0.8896
vn 0.2904 0.1879 -0.9383
vn 0.8713 0.1368 0.4712
vn 0.9383 0.1879 0.2905
vn -0.8080 -0.0370 -0.5881
vn -0.1555 -0.0370 -0.9871
vn 0.5880 -0.0370 -0.8080
vn 0.9871 -0.0370 -0.1555
vn 0.8080 -0.0370 0.5880
vn 0.1555 -0.0370 0.9871
vn -0.5881 -0.0370 0.8080
vn -0.9871 -0.0370 0.1555
vn -0.8080 -0.0371 -0.5881
vn -0.0935 -0.0000 -0.9956
vn -0.1121 -0.0000 -0.9937
vn -0.1130 -0.0000 -0.9936
vn -0.1137 0.9934 0.0167
vn -0.0199 0.9998 0.0058
vn -0.0273 0.9996 -0.0016
vn -0.1220 0.9925 0.0039
vn -0.0435 -0.0000 0.9991
vn 0.0736 -0.0000 0.9973
vn 0.0155 -0.0000 0.9999
vn -0.9528 -0.0000 0.3037
vn 0.2828 -0.0000 0.9592
vn 0.3238 -0.0000 0.9461
vn 0.2376 -0.0000 0.9714
vn -0.1604 -0.0000 -0.9871
vn -0.1408 -0.0000 -0.9900
vn -0.1778 -0.0000 -0.9841
vn 0.0457 0.9989 -0.0119
vn 0.0457 0.9989 -0.0114
vn 0.0455 0.9989 -0.0129
vn 0.0460 0.9988 -0.0147
vn 0.1670 -0.0000 0.9860
vn 0.1512 -0.0000 0.9885
vn -0.1285 -0.0000 -0.9917
vn -0.1219 -0.0000 -0.9925
vn 0.0727 0.9971 -0.0215
vn 0.0593 0.9981 -0.0166
vn -0.4978 0.3208 0.8058
vn 0.0709 0.3208 0.9445
vn -0.1333 0.3203 0.9379
vn -0.6591 0.3203 0.6804
vn 0.6125 0.3208 0.7224
vn 0.4435 0.3203 0.8371
vn 0.9202 0.3208 0.2244
vn 0.8508 0.3203 0.4166
vn 0.8764 0.3208 -0.3593
vn 0.9332 0.3203 -0.1631
vn 0.4978 0.3208 -0.8058
vn 0.6591 0.3203 -0.6805
vn -0.0709 0.3208 -0.9445
vn 0.1333 0.3203 -0.9379
vn -0.6125 0.3208 -0.7224
vn -0.4435 0.3203 -0.8371
vn -0.9202 0.3208 -0.2244
vn -0.8508 0.3203 -0.4166
vn -0.8764 0.3208 0.3593
vn -0.9332 0.3203 0.1631
vn -0.6591 0.3203 0.6805
vn 0.8764 0.3208 -0.3592
vn 0.0910 -0.0000 -0.9958
vn 0.0716 -0.0000 -0.9974
vn 0.0726 -0.0000 -0.9974
vn -0.2411 0.9705 0.0011
vn -0.0941 0.9956 0.0042
vn -0.1093 0.9940 -0.0019
vn -0.2440 0.9698 -0.0060
vn -0.2943 -0.0000 0.9557
vn -0.1307 -0.0000 0.9914
vn -0.2270 -0.0000 0.9739
vn 0.2561 -0.0000 0.9667
vn 0.2207 -0.0000 0.9753
vn -0.1891 -0.0000 -0.9820
vn -0.1645 -0.0000 -0.9864
vn -0.2089 -0.0000 -0.9779
vn 0.1248 0.9922 -0.0043
vn 0.0895 0.9960 -0.0076
vn 0.1540 0.9881 -0.0045
vn 0.1515 0.9884 0.0028
vn 0.1168 -0.0000 0.9932
vn 0.0491 -0.0000 0.9988
vn -0.0190 -0.0000 -0.9998
vn -0.0796 -0.0000 -0.9968
vn 0.0784 0.9969 -0.0056
vn 0.0628 0.9980 -0.0055
vn -0.2552 -0.1056 -0.9611
vn -0.7713 -0.1056 -0.6276
vn -0.6188 -0.1058 -0.7784
vn -0.0432 -0.1058 -0.9934
vn -0.9929 -0.1056 -0.0543
vn -0.9581 -0.1058 -0.2660
vn -0.8352 -0.1056 0.5397
vn -0.9315 -0.1058 0.3480
vn -0.3585 -0.1056 0.9275
vn -0.5490 -0.1058 0.8291
vn 0.2552 -0.1056 0.9611
vn 0.0432 -0.1058 0.9934
vn 0.7713 -0.1056 0.6276
vn 0.6188 -0.1058 0.7784
vn 0.9929 -0.1056 0.0543
vn 0.9582 -0.1058 0.2659
vn 0.8352 -0.1056 -0.5397
vn 0.9315 -0.1058 -0.3480
vn 0.3584 -0.1056 -0.9276
vn 0.5490 -0.1058 -0.8291
vn 0.3585 -0.1056 -0.9275
vn -0.2541 -0.1693 -0.9523
vn -0.7652 -0.1693 -0.6212
vn -0.6141 -0.1697 -0.7708
vn -0.0437 -0.1697 -0.9845
vn -0.9842 -0.1693 -0.0527
vn -0.9498 -0.1697 -0.2627
vn -0.8272 -0.1693 0.5358
vn -0.9228 -0.1697 0.3459
vn -0.3543 -0.1693 0.9197
vn -0.5433 -0.1697 0.8222
vn 0.2540 -0.1693 0.9523
vn 0.0437 -0.1697 0.9845
vn 0.7652 -0.1693 0.6211
vn 0.6141 -0.1697 0.7708
vn 0.9842 -0.1693 0.0527
vn 0.9498 -0.1697 0.2627
vn 0.8272 -0.1693 -0.5358
vn 0.9228 -0.1697 -0.3459
vn 0.3543 -0.1693 -0.9197
vn 0.5433 -0.1697 -0.8222
vn -0.2540 -0.1693 -0.9523
vn -0.1412 -0.1115 -0.9837
vn -0.6887 -0.0528 -0.7231
vn -0.6000 -0.2783 -0.7501
vn -0.0448 -0.2498 -0.9673
vn -0.9812 -0.0506 -0.1862
vn -0.9223 -0.2908 -0.2546
vn -0.9047 -0.0985 0.4146
vn -0.9008 -0.2741 0.3368
vn -0.4957 -0.1877 0.8480
vn -0.5340 -0.2501 0.8076
vn 0.0869 -0.2917 0.9526
vn 0.0437 -0.2380 0.9703
vn 0.6239 -0.3673 0.6899
vn 0.6062 -0.2353 0.7597
vn 0.9117 -0.3785 0.1600
vn 0.9374 -0.2332 0.2587
vn 0.8424 -0.3187 -0.4345
vn 0.9113 -0.2295 -0.3417
vn 0.4429 -0.2140 -0.8707
vn 0.5356 -0.2319 -0.8120
vn -0.2088 0.0528 -0.9765
vn -0.7087 0.1829 -0.6814
vn -0.9733 0.1823 -0.1397
vn -0.8946 0.0497 0.4440
vn -0.5016 -0.1632 0.8496
vn 0.0649 -0.3793 0.9230
vn 0.5913 -0.5160 0.6197
vn 0.8568 -0.5132 0.0503
vn 0.7522 -0.3725 -0.5436
vn 0.3416 -0.1567 -0.9267
vn -0.2930 0.1761 -0.9398
vn -0.7535 0.3061 -0.5818
vn -0.9638 0.2659 -0.0213
vn -0.8483 0.0723 0.5245
vn -0.4599 -0.2070 0.8635
vn 0.0783 -0.4817 0.8729
vn 0.5761 -0.6394 0.5092
vn 0.8011 -0.5908 -0.0960
vn 0.6573 -0.3655 -0.6591
vn 0.2391 -0.0754 -0.9681
vn -0.8852 0.0767 0.4588
vn -0.9021 0.1388 0.4085
vn -0.8811 0.0640 0.4687
vn -0.2904 -0.5168 0.8054
vn -0.3300 -0.4673 0.8202
vn -0.2904 -0.5167 0.8054
vn -0.2821 -0.5267 0.8019
vn 0.5017 -0.5168 -0.6937
vn 0.4577 -0.4829 -0.7465
vn 0.5017 -0.5167 -0.6937
vn 0.5092 -0.5224 -0.6840
vn -0.1198 0.0767 -0.9898
vn -0.2106 0.1083 -0.9716
vn -0.1038 0.0711 -0.9921
vn -0.9103 -0.1056 -0.4003
vn -0.9717 -0.1056 0.2112
vn -0.9944 -0.1058 -0.0021
vn -0.8032 -0.1058 -0.5862
vn -0.6620 -0.1056 0.7420
vn -0.8058 -0.1058 0.5827
vn -0.0995 -0.1056 0.9894
vn -0.3093 -0.1058 0.9451
vn 0.5011 -0.1056 0.8589
vn 0.3052 -0.1058 0.9464
vn 0.9103 -0.1056 0.4003
vn 0.8032 -0.1058 0.5862
vn 0.9717 -0.1056 -0.2112
vn 0.9944 -0.1058 0.0021
vn 0.6620 -0.1056 -0.7420
vn 0.8057 -0.1058 -0.5828
vn 0.0995 -0.1056 -0.9894
vn 0.3092 -0.1058 -0.9451
vn -0.5011 -0.1056 -0.8589
vn -0.3051 -0.1058 -0.9464
vn -0.3052 -0.1058 -0.9464
vn -0.9026 -0.1693 -0.3957
vn -0.9629 -0.1693 0.2104
vn -0.9855 -0.1697 -0.0012
vn -0.7966 -0.1697 -0.5802
vn -0.6554 -0.1693 0.7361
vn -0.7980 -0.1697 0.5783
vn -0.0975 -0.1693 0.9807
vn -0.3056 -0.1697 0.9369
vn 0.4976 -0.1693 0.8507
vn 0.3034 -0.1697 0.9376
vn 0.9026 -0.1693 0.3958
vn 0.7966 -0.1697 0.5802
vn 0.9629 -0.1693 -0.2104
vn 0.9855 -0.1697 0.0012
vn 0.6554 -0.1693 -0.7361
vn 0.7980 -0.1697 -0.5783
vn 0.0975 -0.1693 -0.9807
vn 0.3056 -0.1697 -0.9369
vn -0.4976 -0.1693 -0.8507
vn -0.3034 -0.1697 -0.9376
vn -0.9026 -0.1693 -0.3958
vn -0.8568 -0.1114 -0.5035
vn -0.9948 -0.0528 0.0870
vn -0.9605 -0.2783 0.0008
vn -0.7838 -0.2498 -0.5685
vn -0.7578 -0.0506 0.6505
vn -0.7745 -0.2908 0.5618
vn -0.2406 -0.0985 0.9656
vn -0.2989 -0.2741 0.9141
vn 0.3533 -0.1877 0.9165
vn 0.2978 -0.2501 0.9213
vn 0.7986 -0.2917 0.5265
vn 0.7855 -0.2380 0.5712
vn 0.9284 -0.3673 -0.0570
vn 0.9719 -0.2353 0.0003
vn 0.6939 -0.3785 -0.6125
vn 0.7871 -0.2332 -0.5710
vn 0.1862 -0.3187 -0.9294
vn 0.3017 -0.2295 -0.9254
vn -0.4040 -0.2141 -0.8894
vn -0.3003 -0.2319 -0.9252
vn -0.8934 0.0528 -0.4462
vn -0.9747 0.1829 0.1286
vn -0.7165 0.1823 0.6734
vn -0.2113 0.0498 0.9761
vn 0.3509 -0.1632 0.9221
vn 0.7617 -0.3793 0.5253
vn 0.8533 -0.5160 -0.0754
vn 0.5739 -0.5132 -0.6382
vn 0.0446 -0.3725 -0.9269
vn -0.5109 -0.1567 -0.8452
vn -0.9172 0.1761 -0.3575
vn -0.9248 0.3061 0.2258
vn -0.6181 0.2659 0.7397
vn -0.1194 0.0723 0.9902
vn 0.3878 -0.2070 0.8982
vn 0.7309 -0.4817 0.4835
vn 0.7574 -0.6394 -0.1325
vn 0.4249 -0.5908 -0.6859
vn -0.1049 -0.3655 -0.9249
vn -0.6073 -0.0754 -0.7909
vn -0.1939 0.0767 0.9780
vn -0.2438 0.1389 0.9598
vn -0.1836 0.0640 0.9809
vn 0.4481 -0.5168 0.7295
vn 0.4350 -0.4674 0.7696
vn 0.4481 -0.5167 0.7295
vn 0.4506 -0.5266 0.7208
vn -0.2290 -0.5167 -0.8249
vn -0.2977 -0.4829 -0.8235
vn -0.2290 -0.5168 -0.8249
vn -0.2168 -0.5224 -0.8247
vn -0.8482 0.0767 -0.5240
vn -0.8907 0.1084 -0.4415
vn -0.8400 0.0711 -0.5379
vn 0.6362 0.7200 -0.2772
vn 0.4142 0.0435 0.9092
vn 0.5528 0.0435 0.8321
vn 0.5528 0.0435 0.8322
vn 0.2611 0.0420 0.9644
vn -0.9802 0.0436 -0.1932
vn -0.9961 0.0481 0.0736
vn -0.9959 0.0464 -0.0773
vn -0.9814 0.0406 -0.1876
vn -0.7488 0.0473 0.6611
vn -0.8887 0.0479 0.4559
vn -0.2680 0.0421 0.9625
vn -0.4205 0.0436 0.9063
vn 0.0340 0.0400 0.9986
vn -0.0370 0.0401 0.9985
vn -0.2483 0.0476 0.9675
vn 0.0311 0.0448 0.9985
vn 0.0261 -0.0300 0.9992
vn -0.2590 -0.0322 0.9653
vn -0.7491 0.0563 0.6600
vn -0.7622 -0.0358 0.6464
vn -0.9961 0.0581 0.0663
vn -0.9980 -0.0350 0.0519
vn -0.9873 0.0540 -0.1491
vn -0.9844 -0.0470 -0.1696
vn 0.3836 0.0495 0.9222
vn 0.5416 0.0508 0.8391
vn 0.8597 -0.0494 0.5084
vn 0.3728 -0.0332 0.9273
vn -0.0250 -0.0526 0.9983
vn -0.3700 -0.0580 0.9272
vn -0.8676 -0.0677 0.4926
vn -0.9966 -0.0655 -0.0496
vn -0.9761 -0.0586 -0.2094
vn 0.9941 -0.0654 -0.0862
vn 0.9886 -0.0592 -0.1384
vn 0.9826 -0.0632 -0.1746
vn 0.9959 -0.0683 0.0600
vn 0.7636 -0.0664 0.6423
vn 0.2611 -0.0562 0.9637
vn 0.4142 0.0433 -0.9092
vn 0.2611 0.0420 -0.9644
vn 0.5528 0.0435 -0.8322
vn 0.5528 0.0435 -0.8321
vn -0.9802 0.0436 0.1932
vn -0.9814 0.0406 0.1876
vn -0.9960 0.0452 0.0773
vn -0.9962 0.0476 -0.0736
vn -0.8887 0.0479 -0.4559
vn -0.7488 0.0473 -0.6611
vn -0.4205 0.0434 -0.9063
vn -0.2680 0.0421 -0.9625
vn -0.0370 0.0399 -0.9985
vn 0.0340 0.0399 -0.9986
vn -0.2483 0.0476 -0.9675
vn -0.2590 -0.0322 -0.9653
vn 0.0261 -0.0300 -0.9992
vn 0.0311 0.0447 -0.9985
vn -0.7491 0.0563 -0.6600
vn -0.7622 -0.0358 -0.6464
vn -0.9961 0.0581 -0.0663
vn -0.9980 -0.0350 -0.0519
vn -0.9873 0.0540 0.1491
vn -0.9844 -0.0470 0.1696
vn 0.9970 0.0553 0.0538
vn 0.9980 -0.0380 0.0505
vn 0.9896 -0.0133 0.1430
vn 0.9859 0.0502 0.1597
vn 0.8783 0.0577 -0.4746
vn 0.8707 -0.0409 -0.4901
vn 0.3836 0.0497 -0.9222
vn 0.3728 -0.0332 -0.9273
vn 0.0007 1.0000 0.0002
vn 0.0028 1.0000 0.0014
vn 0.0021 1.0000 0.0009
vn 0.0015 1.0000 0.0002
vn 0.0001 1.0000 0.0003
vn -0.3700 -0.0581 -0.9272
vn -0.0250 -0.0525 -0.9983
vn -0.8676 -0.0677 -0.4926
vn -0.9966 -0.0653 0.0496
vn -0.9761 -0.0586 0.2094
vn 0.9959 -0.0683 -0.0600
vn 0.9826 -0.0632 0.1746
vn 0.7636 -0.0664 -0.6423
vn 0.2611 -0.0562 -0.9637
vn -0.0000 -0.0030 1.0000
vn -0.0000 -0.0025 1.0000
vn -0.0000 -0.0007 1.0000
vn -0.0000 -0.0006 1.0000
vn -0.0000 -0.0023 1.0000
vn 0.0004 1.0000 -0.0003
vn 0.0014 1.0000 0.0003
vn 0.0004 1.0000 0.0002
vn 0.0002 1.0000 0.0005
vn 0.8840 0.0479 0.4650
vn 0.7414 0.0472 0.6694
vn 0.2612 0.0420 0.9644
vn 0.9964 0.0464 -0.0715
vn 0.9957 0.0482 0.0790
vn 0.9792 0.0405 -0.1988
vn 0.9802 0.0437 -0.1932
vn -0.9802 0.0437 -0.1932
vn 0.9970 0.0560 -0.0538
vn 0.9859 0.0502 -0.1597
vn 0.9896 -0.0133 -0.1430
vn 0.9980 -0.0380 -0.0505
vn 0.8782 0.0596 0.4746
vn 0.8707 -0.0409 0.4901
vn 0.0012 1.0000 -0.0003
vn 0.0028 1.0000 -0.0014
vn 0.0024 1.0000 -0.0010
vn 0.0016 1.0000 -0.0010
vn -0.9982 -0.0466 -0.0367
vn -0.9905 -0.1367 0.0157
vn -0.9979 0.0568 0.0299
vn -0.9897 0.1387 -0.0355
vn -0.0091 -0.0462 0.9989
vn 0.0008 -0.1094 0.9940
vn 0.0015 0.0639 0.9980
vn -0.0090 0.1324 0.9912
vn 0.0107 -0.0795 0.9968
vn 0.0107 0.0826 0.9965
vn -0.8978 -0.1027 0.4282
vn -0.8975 0.1066 0.4280
vn -0.9182 0.3960 -0.0050
vn -0.9235 0.3823 -0.0321
vn -0.7979 0.4675 0.3806
vn -0.0024 0.3786 0.9256
vn -0.0084 0.3787 0.9255
vn 0.0099 0.3785 0.9255
vn -0.9209 -0.3883 -0.0329
vn -0.9055 -0.4190 0.0668
vn 0.0041 -0.3786 0.9255
vn 0.0099 -0.3785 0.9255
vn -0.0084 -0.3787 0.9255
vn -0.7979 -0.4675 0.3806
vn -0.9979 -0.0466 -0.0444
vn -0.9906 -0.1356 0.0187
vn -0.9977 0.0581 0.0353
vn -0.9895 0.1379 -0.0432
vn 0.9983 0.0476 -0.0328
vn 0.9899 0.1364 0.0390
vn 0.9965 -0.0599 0.0576
vn 0.9897 -0.1399 -0.0319
vn 0.9015 0.1009 0.4209
vn 0.9011 -0.1048 0.4208
vn -0.9179 0.3968 -0.0061
vn -0.9232 0.3823 -0.0392
vn 0.9195 0.3920 -0.0295
vn 0.8997 0.4248 0.1006
vn -0.0024 0.3786 0.9255
vn 0.8039 0.4613 0.3754
vn -0.9211 -0.3873 -0.0401
vn -0.9035 -0.4215 0.0779
vn 0.9156 -0.4019 0.0096
vn 0.9211 -0.3883 -0.0289
vn 0.8039 -0.4612 0.3754
vn -0.0055 -0.0000 -1.0000
vn -0.0046 -0.0000 -1.0000
vn 0.0049 -0.0000 -1.0000
vn 0.0058 -0.0000 -1.0000
vn -0.0599 -0.0000 -0.9982
vn 0.0610 -0.0000 -0.9981
vn -0.9982 -0.0466 0.0367
vn -0.9897 0.1387 0.0360
vn -0.9979 0.0569 -0.0299
vn -0.9905 -0.1367 -0.0157
vn -0.0091 -0.0462 -0.9989
vn -0.0090 0.1324 -0.9912
vn 0.0015 0.0639 -0.9980
vn 0.0001 -0.1094 -0.9940
vn 0.0107 0.0826 -0.9965
vn 0.0107 -0.0795 -0.9968
vn -0.8975 0.1066 -0.4280
vn -0.8978 -0.1027 -0.4282
vn -0.9235 0.3822 0.0321
vn -0.9182 0.3960 0.0049
vn -0.7979 0.4675 -0.3805
vn -0.0084 0.3787 -0.9255
vn -0.0024 0.3786 -0.9256
vn 0.0099 0.3785 -0.9255
vn -0.9055 -0.4190 -0.0668
vn -0.9210 -0.3883 0.0329
vn 0.0099 -0.3785 -0.9255
vn 0.0041 -0.3786 -0.9256
vn -0.0084 -0.3787 -0.9255
vn -0.7979 -0.4674 -0.3805
vn -0.0046 -0.0000 1.0000
vn -0.0055 -0.0000 1.0000
vn 0.0049 -0.0000 1.0000
vn 0.0058 -0.0000 1.0000
vn -0.0599 -0.0000 0.9982
vn 0.0610 -0.0000 0.9981
vn 0.1658 -0.9862 -0.0000
vn 0.0243 -0.9997 -0.0000
vn 0.0962 -0.9954 -0.0000
vn -0.0489 -0.9988 -0.0000
vn 0.0056 -0.0376 0.9993
vn 0.0066 -0.0382 0.9992
vn 0.0071 -0.0472 0.9989
vn 0.0098 -0.0555 0.9984
vn 0.0166 -0.0694 0.9975
vn -0.0052 -0.1029 0.9947
vn -0.0137 -0.1165 0.9931
vn -0.0697 -0.1827 0.9807
vn 0.0058 -0.0377 -0.9993
vn 0.0079 -0.0511 -0.9987
vn 0.0068 -0.0449 -0.9990
vn 0.0066 -0.0381 -0.9993
vn 0.0083 -0.0893 -0.9960
vn 0.0164 -0.0667 -0.9976
vn -0.0230 -0.1365 -0.9904
vn 0.0073 -0.1004 -0.9949
vn -0.9975 -0.0710 -0.0000
vn -0.8721 -0.4894 -0.0000
vn -0.9567 -0.2909 -0.0000
vn 0.9809 0.1944 -0.0000
vn 0.9997 0.0260 -0.0000
vn 0.9144 0.4047 -0.0000
vn -0.4643 -0.8857 -0.0000
vn -0.6152 -0.7883 -0.0000
vn 0.6299 0.7767 -0.0000
vn 0.4780 0.8784 -0.0000
vn -0.3076 -0.9515 -0.0000
vn 0.3466 0.9380 -0.0000
vn -0.0000 0.9988 0.0483
vn -0.0000 0.9999 -0.0158
vn -0.0000 0.9999 0.0161
vn -0.0000 -0.9972 0.0751
vn -0.0000 -1.0000 0.0001
vn -0.0000 0.9989 -0.0472
vn -0.0000 -0.9973 -0.0736
vn 0.0058 -0.0378 0.9993
vn 0.0098 -0.0556 0.9984
vn -0.0698 -0.1828 0.9807
vn 0.0079 -0.0512 -0.9987
vn 0.0066 -0.0382 -0.9992
vn 0.0165 -0.0667 -0.9976
vn -0.0231 -0.1365 -0.9904
vn 0.1374 -0.9905 -0.0000
vn 0.0200 -0.9998 -0.0000
vn 0.0795 -0.9968 -0.0000
vn -0.0404 -0.9992 -0.0000
vn 0.0065 -0.0492 0.9988
vn 0.0071 -0.0496 0.9987
vn 0.0077 -0.0615 0.9981
vn 0.0106 -0.0724 0.9973
vn 0.0178 -0.0902 0.9958
vn -0.0056 -0.1334 0.9910
vn -0.0147 -0.1509 0.9884
vn -0.0740 -0.2351 0.9692
vn 0.0065 -0.0492 -0.9988
vn 0.0084 -0.0664 -0.9978
vn 0.0073 -0.0582 -0.9983
vn 0.0071 -0.0496 -0.9987
vn 0.0089 -0.1159 -0.9932
vn 0.0174 -0.0864 -0.9961
vn -0.0246 -0.1765 -0.9840
vn 0.0079 -0.1302 -0.9915
vn -0.9963 -0.0859 -0.0000
vn -0.8268 -0.5625 -0.0000
vn -0.9383 -0.3458 -0.0000
vn 0.9723 0.2337 -0.0000
vn 0.9995 0.0315 -0.0000
vn 0.8812 0.4727 -0.0000
vn -0.3970 -0.9178 -0.0000
vn -0.5414 -0.8408 -0.0000
vn 0.5561 0.8311 -0.0000
vn 0.4096 0.9123 -0.0000
vn -0.2577 -0.9662 -0.0000
vn 0.2916 0.9565 -0.0000
vn -0.0000 0.9991 0.0421
vn -0.0000 0.9999 -0.0137
vn -0.0000 0.9999 0.0140
vn -0.0000 -0.9979 0.0655
vn -0.0000 -1.0000 0.0002
vn -0.0000 0.9992 -0.0411
vn -0.0000 -0.9979 -0.0641
vn 0.0201 -0.9998 -0.0000
vn 0.0076 -0.0615 0.9981
vn 0.0105 -0.0723 0.9973
vn 0.0181 -0.0899 0.9958
vn -0.0740 -0.2350 0.9692
vn 0.0083 -0.0662 -0.9978
vn 0.0073 -0.0584 -0.9983
vn 0.0078 -0.1302 -0.9915
vn -0.8268 -0.5624 -0.0000
vn 0.5272 0.1206 0.8411
vn 0.9353 0.1235 0.3315
vn 0.8722 0.0150 0.4889
vn 0.3926 0.0191 0.9195
vn 0.9522 0.1236 -0.2793
vn 0.9930 0.0140 -0.1173
vn 0.6374 0.1261 -0.7601
vn 0.7607 0.0230 -0.6487
vn 0.0936 0.1317 -0.9869
vn 0.2678 0.0356 -0.9628
vn -0.5262 0.1343 -0.8397
vn -0.3675 0.0370 -0.9293
vn -0.9349 0.1276 -0.3313
vn -0.8750 0.0234 -0.4836
vn -0.3675 0.0369 -0.9293
vn -0.9530 0.1170 0.2795
vn -0.9885 0.0116 0.1509
vn -0.6385 0.1117 0.7614
vn -0.7300 0.0116 0.6834
vn -0.0938 0.1144 0.9890
vn -0.2242 0.0173 0.9744
vn -0.6744 -0.2633 0.6899
vn -0.9169 -0.3454 0.2000
vn -0.8161 -0.4107 -0.4065
vn -0.3225 -0.4191 -0.8487
vn 0.3058 -0.3824 -0.8719
vn 0.7781 -0.3259 -0.5370
vn 0.9652 -0.2616 0.0005
vn 0.7999 -0.2062 0.5636
vn 0.3362 -0.1821 0.9240
vn -0.2178 -0.2026 0.9547
vn 0.1793 0.1206 -0.9764
vn -0.4659 0.1235 -0.8762
vn -0.3130 0.0150 -0.9496
vn 0.3315 0.0191 -0.9433
vn -0.8909 0.1236 -0.4371
vn -0.8116 0.0140 -0.5841
vn -0.9835 0.1261 0.1301
vn -0.9991 0.0231 -0.0353
vn -0.7356 0.1317 0.6645
vn -0.8477 0.0357 0.5292
vn -0.1790 0.1343 0.9746
vn -0.3566 0.0369 0.9335
vn 0.4657 0.1276 0.8757
vn 0.3187 0.0234 0.9476
vn 0.8916 0.1170 0.4375
vn 0.8309 0.0116 0.5564
vn 0.9852 0.1117 -0.1303
vn 0.9999 0.0116 -0.0110
vn 0.7371 0.1144 -0.6660
vn 0.8234 0.0173 -0.5671
vn 0.9632 -0.2633 -0.0533
vn 0.8113 -0.3454 0.4717
vn 0.3273 -0.4107 0.8510
vn -0.3354 -0.4191 0.8437
vn -0.8144 -0.3824 0.4365
vn -0.9365 -0.3259 -0.1295
vn -0.7114 -0.2616 -0.6523
vn -0.2092 -0.2062 -0.9559
vn 0.3761 -0.1821 -0.9085
vn 0.8054 -0.2026 -0.5571
vn -0.0000 -0.1139 0.9935
vn 0.8584 -0.4605 0.2261
vn 0.8540 -0.4042 -0.3275
vn 0.9397 -0.2542 -0.2288
vn 0.8789 -0.3140 0.3591
vn 0.5235 -0.3589 -0.7727
vn 0.6416 -0.2022 -0.7399
vn -0.0070 -0.3419 -0.9397
vn 0.0984 -0.1778 -0.9791
vn -0.5349 -0.3597 -0.7645
vn -0.4824 -0.1905 -0.8550
vn -0.8584 -0.4055 -0.3142
vn -0.8789 -0.2352 -0.4150
vn -0.8541 -0.4618 0.2394
vn -0.9397 -0.2950 0.1729
vn -0.5235 -0.5072 0.6846
vn -0.6416 -0.3470 0.6841
vn 0.0070 -0.5241 0.8516
vn -0.0984 -0.3714 0.9233
vn 0.5349 -0.5063 0.6764
vn 0.4824 -0.3587 0.7991
vn 0.8789 -0.3140 0.3592
vn 0.0140 0.9942 0.1062
vn 0.0143 0.9952 0.0969
vn 0.0149 0.9949 0.1001
vn 0.0127 0.9939 0.1091
vn 0.0091 0.9959 0.0895
vn 0.0115 0.9957 0.0916
vn 0.0005 0.9963 0.0864
vn 0.0036 0.9962 0.0868
vn -0.0084 0.9960 0.0889
vn -0.0056 0.9962 0.0874
vn -0.0140 0.9953 0.0962
vn -0.0127 0.9955 0.0934
vn -0.0143 0.9943 0.1055
vn -0.0149 0.9946 0.1023
vn -0.0092 0.9936 0.1129
vn -0.0115 0.9938 0.1107
vn -0.0006 0.9932 0.1160
vn -0.0036 0.9933 0.1157
vn 0.0084 0.9935 0.1135
vn 0.0056 0.9934 0.1150
vn 0.0141 0.9942 0.1062
vn -0.9495 0.0314 -0.3122
vn -0.9530 -0.0290 0.3016
vn -0.9956 -0.0089 0.0928
vn -0.8203 0.1814 -0.5424
vn -0.5955 -0.0759 0.7998
vn -0.7514 -0.0629 0.6568
vn -0.0135 -0.0941 0.9955
vn -0.2234 -0.0919 0.9704
vn 0.1928 -0.0926 0.9769
vn 0.1927 -0.0924 0.9769
vn 0.7885 0.0898 0.6085
vn 0.8944 0.2866 0.3433
vn 0.8654 0.1544 0.4767
vn 0.8499 -0.0497 0.5246
vn 0.8982 0.3721 -0.2341
vn 0.9418 0.3331 -0.0447
vn 0.5616 0.4443 -0.6980
vn 0.7099 0.4144 -0.5695
vn 0.0196 0.4713 -0.8818
vn 0.2192 0.4649 -0.8578
vn -0.5068 0.3317 -0.7957
vn -0.2986 0.4606 -0.8359
vn -0.9495 0.0310 -0.3123
vn -0.8202 0.1820 -0.5424
vn -0.6824 -0.0403 0.7299
vn -0.1228 -0.0668 0.9902
vn -0.2285 0.0817 0.9701
vn -0.7473 0.1138 0.6547
vn -0.9813 0.0144 0.1922
vn -0.9806 0.1706 0.0962
vn -0.9054 0.0765 -0.4176
vn -0.8394 0.2305 -0.4922
vn -0.4836 0.1222 -0.8667
vn -0.3776 0.2705 -0.8856
vn 0.1228 0.1340 -0.9833
vn 0.2285 0.2754 -0.9338
vn 0.6824 0.1075 -0.7231
vn 0.7473 0.2433 -0.6184
vn 0.9813 0.0528 -0.1853
vn 0.9806 0.1865 -0.0598
vn 0.9054 -0.0092 0.4244
vn 0.8394 0.1266 0.5285
vn 0.4837 -0.0549 0.8735
vn 0.9053 -0.0092 0.4246
vn 0.3776 0.0866 0.9219
vn 0.8817 -0.0000 -0.4718
vn 0.8810 0.0389 -0.4715
vn 0.8746 0.1265 -0.4680
vn -0.8810 0.0388 0.4715
vn -0.8746 0.1265 0.4680
vn -0.8817 -0.0000 0.4718
vn -0.3398 -0.0000 -0.9405
vn -0.4718 -0.0000 -0.8817
vn -0.4714 0.0444 -0.8808
vn -0.3363 0.1431 -0.9308
vn 0.5134 -0.0000 0.8582
vn 0.5939 -0.0000 0.8045
vn 0.5934 0.0440 0.8037
vn 0.4367 0.0803 0.8960
vn 0.7242 0.5704 -0.3875
vn -0.3696 0.6216 -0.6906
vn -0.2670 0.6187 -0.7389
vn -0.7242 0.5705 0.3875
vn -0.7241 0.5705 0.3875
vn 0.4666 0.6186 0.6321
vn 0.3345 0.6208 0.7090
vn 0.3417 0.1425 0.9290
vn 0.2717 0.6170 0.7386
vn 0.3452 -0.0000 0.9385
vn -0.5893 -0.0000 -0.8079
vn -0.5833 0.1425 -0.7996
vn -0.4638 0.6171 -0.6357
vn 0.0420 0.9991 -0.0006
vn 0.0150 0.9999 -0.0002
vn -0.0162 0.9999 0.0002
vn -0.0387 0.9993 0.0006
vn -0.0218 0.9998 0.0003
vn 0.0003 0.9993 -0.0373
vn 0.0007 0.9968 -0.0801
vn 0.0004 0.9988 -0.0482
vn -0.0005 0.9985 0.0540
vn -0.0015 0.9833 0.1818
vn -0.9794 -0.0000 -0.2020
vn -0.9787 0.0388 -0.2018
vn -0.9715 0.1265 -0.2003
vn 0.9787 0.0388 0.2018
vn 0.9715 0.1266 0.2003
vn 0.9794 -0.0000 0.2020
vn -0.3410 -0.0000 0.9401
vn -0.2020 -0.0000 0.9794
vn -0.2017 0.0443 0.9784
vn -0.3375 0.1431 0.9304
vn 0.1549 -0.0000 -0.9879
vn 0.0587 -0.0000 -0.9983
vn 0.0587 0.0440 -0.9973
vn 0.2381 0.0803 -0.9679
vn -0.8044 0.5705 -0.1659
vn -0.8044 0.5704 -0.1659
vn -0.1582 0.6216 0.7672
vn -0.2679 0.6187 0.7386
vn 0.8044 0.5705 0.1659
vn 0.0461 0.6187 -0.7843
vn 0.1969 0.6208 -0.7588
vn 0.3322 0.1425 -0.9324
vn 0.2641 0.6170 -0.7413
vn 0.3356 -0.0000 -0.9420
vn -0.0644 -0.0000 0.9979
vn -0.0637 0.1426 0.9877
vn -0.0507 0.6170 0.7854
vn -0.0549 0.9985 -0.0000
vn -0.0196 0.9998 -0.0000
vn 0.0211 0.9998 -0.0000
vn 0.0507 0.9987 -0.0000
vn 0.0284 0.9996 -0.0000
vn -0.5570 -0.0000 0.8305
vn -0.5566 0.0388 0.8299
vn -0.5525 0.1265 0.8239
vn 0.5566 0.0388 -0.8299
vn 0.5525 0.1265 -0.8239
vn 0.5570 -0.0000 -0.8305
vn 0.7416 -0.0000 0.6708
vn 0.8305 -0.0000 0.5570
vn 0.8297 0.0443 0.5564
vn 0.7340 0.1431 0.6639
vn -0.8562 -0.0000 -0.5166
vn -0.9021 -0.0000 -0.4315
vn -0.9012 0.0440 -0.4311
vn -0.8062 0.0804 -0.5861
vn -0.4575 0.5704 0.6822
vn -0.4575 0.5704 0.6821
vn 0.6506 0.6216 0.4363
vn 0.5827 0.6186 0.5271
vn 0.4575 0.5704 -0.6822
vn -0.7088 0.6186 -0.3390
vn -0.6282 0.6208 -0.4690
vn -0.7378 0.1426 -0.6598
vn -0.5867 0.6169 -0.5246
vn -0.7454 -0.0000 -0.6666
vn 0.8996 -0.0000 0.4366
vn 0.8905 0.1425 0.4322
vn 0.7080 0.6170 0.3436
vn -0.0012 0.9974 0.0716
vn -0.0004 0.9997 0.0256
vn 0.0005 0.9996 -0.0276
vn 0.0012 0.9978 -0.0661
vn 0.0006 0.9993 -0.0372
vn 0.7138 -0.0000 0.7003
vn 0.7133 0.0388 0.6998
vn 0.7081 0.1265 0.6947
vn -0.7133 0.0388 -0.6998
vn -0.7081 0.1265 -0.6947
vn -0.7138 -0.0000 -0.7003
vn 0.7959 -0.0000 -0.6055
vn 0.7003 -0.0000 -0.7139
vn 0.6996 0.0444 -0.7131
vn 0.7877 0.1432 -0.5992
vn -0.6654 -0.0000 0.7465
vn -0.5902 -0.0000 0.8073
vn -0.5896 0.0440 0.8065
vn -0.7245 0.0803 0.6846
vn 0.5863 0.5704 0.5752
vn 0.5863 0.5705 0.5752
vn 0.5486 0.6216 -0.5592
vn 0.6253 0.6186 -0.4757
vn -0.5863 0.5705 -0.5752
vn -0.5863 0.5704 -0.5752
vn -0.4637 0.6186 0.6343
vn -0.5766 0.6208 0.5312
vn -0.7843 0.1425 0.6038
vn -0.6236 0.6170 0.4801
vn -0.7924 -0.0000 0.6100
vn 0.5947 -0.0000 -0.8039
vn 0.5887 0.1425 -0.7957
vn 0.4680 0.6170 -0.6327
vn -0.1600 0.9820 -0.1001
vn -0.1607 0.9864 0.0335
vn 0.0540 0.9934 -0.1012
vn -0.1600 0.9820 0.1001
vn -0.0540 0.9934 0.1012
vn 0.1607 0.9864 -0.0335
vn 0.1600 0.9820 -0.1001
vn 0.1600 0.9820 0.1001
vn 0.2391 0.2996 0.9236
vn 0.6532 0.2986 0.6958
vn 0.6061 0.2735 0.7469
vn 0.1749 0.2779 0.9445
vn 0.8956 0.2981 0.3302
vn 0.8849 0.2763 0.3751
vn 0.8956 0.2981 0.3301
vn 0.9317 0.3170 -0.1774
vn 0.9534 0.2861 -0.0954
vn 0.8849 0.2762 0.3751
vn 0.6723 0.3189 -0.6681
vn 0.7319 0.2780 -0.6221
vn 0.1687 0.3084 -0.9362
vn 0.2636 0.2627 -0.9282
vn -0.1585 0.2818 -0.9463
vn -0.1503 0.2728 -0.9503
vn -0.5971 0.3097 -0.7399
vn -0.5026 0.3106 -0.8068
vn -0.9323 0.3098 -0.1868
vn -0.9087 0.2975 -0.2929
vn -0.8915 0.2851 0.3521
vn -0.9206 0.2724 0.2798
vn -0.7632 0.2661 0.5888
vn -0.7716 0.2839 0.5692
vn -0.3168 0.3014 0.8993
vn -0.4231 0.2953 0.8566
vn -0.9455 0.1532 0.2874
vn -0.9808 0.0531 0.1877
vn -0.8197 0.2414 -0.5194
vn -0.8839 0.1072 -0.4553
vn -0.2853 0.2588 -0.9228
vn -0.2112 0.1251 -0.9694
vn -0.2079 0.0022 -0.9781
vn 0.4871 0.1720 -0.8562
vn 0.7601 0.1564 -0.6307
vn 0.8378 0.0824 -0.5397
vn 0.9642 0.2244 0.1413
vn 0.9106 0.1732 0.3753
vn 0.6147 0.1755 0.7690
vn 0.1717 0.1833 0.9679
vn 0.0558 0.1121 0.9921
vn -0.6770 0.2955 0.6741
vn -0.7591 0.1961 0.6207
vn 0.5849 0.0618 -0.8088
vn 0.5590 0.0199 -0.8289
vn 0.6404 0.1621 -0.7507
vn -0.5849 -0.0617 0.8088
vn -0.5590 -0.0199 0.8289
vn -0.6404 -0.1622 0.7507
vn 0.5434 -0.0274 0.8390
vn 0.5728 -0.0660 0.8170
vn 0.4663 0.0660 0.8822
vn -0.5434 0.0274 -0.8390
vn -0.5728 0.0660 -0.8170
vn -0.4663 -0.0660 -0.8822
vn 0.8451 -0.2536 -0.4706
vn 0.8469 -0.2532 -0.4677
vn 0.9043 -0.1525 -0.3988
vn 0.9250 -0.1056 -0.3650
vn 0.5488 -0.7949 0.2589
vn 0.5485 -0.7943 0.2613
vn 0.6071 -0.7125 0.3517
vn 0.6311 -0.6702 0.3906
vn -0.3847 -0.7157 0.5829
vn -0.3835 -0.7174 0.5815
vn -0.3587 -0.6344 0.6848
vn -0.3457 -0.5915 0.7285
vn -0.9767 -0.1219 0.1767
vn -0.9762 -0.1260 0.1764
vn -0.9645 -0.0202 0.2632
vn -0.9531 0.0286 0.3013
vn -0.7067 0.4179 -0.5709
vn -0.7076 0.4164 -0.5709
vn -0.6801 0.5406 -0.4952
vn -0.6634 0.5927 -0.4568
vn 0.2511 0.3464 -0.9039
vn 0.2528 0.3472 -0.9031
vn 0.2979 0.4657 -0.8333
vn 0.3171 0.5158 -0.7959
vn 0.3223 0.5084 0.7986
vn 0.2970 0.5284 0.7954
vn 0.3042 0.5193 0.7986
vn 0.3345 0.5074 0.7941
vn -0.3067 -0.5162 -0.7997
vn -0.3386 -0.5071 -0.7926
vn -0.3263 -0.5081 -0.7971
vn -0.2994 -0.5254 -0.7964
vn 0.3522 0.5129 0.7829
vn 0.3573 0.5210 0.7751
vn -0.3590 -0.5238 -0.7725
vn -0.3539 -0.5156 -0.7803
vn 0.3571 0.5376 0.7639
vn 0.3499 0.5468 0.7606
vn -0.3475 -0.5499 -0.7595
vn -0.3547 -0.5406 -0.7628
vn 0.3319 0.5579 0.7607
vn 0.3196 0.5589 0.7652
vn -0.3154 -0.5592 -0.7667
vn -0.3278 -0.5583 -0.7622
vn 0.3016 0.5533 0.7765
vn 0.2967 0.5450 0.7842
vn -0.2950 -0.5422 -0.7867
vn -0.3000 -0.5506 -0.7790
vn -0.9465 0.0526 0.3185
vn -0.9463 0.0517 0.3191
vn -0.9467 0.0532 0.3177
vn -0.9467 0.0539 0.3174
vn -0.3576 -0.6044 0.7119
vn -0.3468 -0.5886 0.7302
vn -0.3753 -0.6361 0.6742
vn -0.3910 -0.6514 0.6503
vn 0.6278 -0.6844 0.3707
vn 0.6337 -0.6671 0.3916
vn 0.6130 -0.7166 0.3327
vn 0.6071 -0.7344 0.3035
vn 0.9339 -0.0821 -0.3480
vn 0.9341 -0.0824 -0.3474
vn 0.9336 -0.0809 -0.3491
vn 0.9334 -0.0802 -0.3496
vn 0.3454 0.5775 -0.7398
vn 0.3348 0.5596 -0.7582
vn 0.3635 0.6115 -0.7028
vn 0.3796 0.6305 -0.6771
vn -0.6404 0.6561 -0.3992
vn -0.6464 0.6378 -0.4188
vn -0.6255 0.6921 -0.3602
vn -0.6193 0.7114 -0.3322
vn -0.9468 0.0548 0.3172
vn -0.9468 0.0558 0.3169
vn -0.4053 -0.6738 0.6178
vn -0.4101 -0.6696 0.6193
vn 0.5945 -0.7570 0.2712
vn 0.5986 -0.7556 0.2660
vn 0.9334 -0.0792 -0.3499
vn 0.9332 -0.0787 -0.3506
vn 0.3946 0.6548 -0.6446
vn 0.3999 0.6530 -0.6432
vn -0.6063 0.7374 -0.2979
vn -0.6109 0.7343 -0.2961
vn -0.9472 0.1014 0.3041
vn -0.9520 0.1402 0.2720
vn -0.9528 0.1380 0.2703
vn -0.9492 0.1092 0.2950
vn -0.7777 -0.3671 0.5103
vn -0.8945 -0.1114 0.4330
vn -0.8856 -0.1717 0.4315
vn -0.7692 -0.4167 0.4844
vn -0.7547 -0.2633 0.6009
vn -0.8483 -0.1068 0.5186
vn -0.9458 0.0946 0.3108
vn -0.9521 0.1401 0.2720
vn -0.7022 -0.2264 0.6751
vn -0.8892 -0.0355 0.4562
vn -0.9497 0.1200 0.2894
vn -0.9520 0.1402 0.2721
vn 0.9316 -0.0327 -0.3621
vn 0.9283 -0.0248 -0.3709
vn 0.9193 0.0042 -0.3935
vn 0.9200 0.0064 -0.3918
vn 0.8681 -0.4915 -0.0696
vn 0.8377 -0.5400 -0.0817
vn 0.9292 -0.3036 -0.2110
vn 0.9449 -0.2440 -0.2184
vn 0.9220 -0.3870 0.0104
vn 0.9637 -0.2373 -0.1225
vn 0.9337 -0.0395 -0.3558
vn 0.9200 0.0063 -0.3918
vn 0.9329 -0.3461 0.0998
vn 0.9651 -0.1682 -0.2009
vn 0.9265 -0.0140 -0.3759
vn 0.9201 0.0065 -0.3917
vn -0.3440 -0.2992 -0.8900
vn -0.3431 -0.1499 -0.9273
vn -0.3446 -0.2233 -0.9118
vn 0.2506 0.8394 0.4823
vn 0.2757 0.7736 0.5705
vn 0.2244 0.8910 0.3947
vn 0.5897 0.7861 0.1851
vn -0.0604 0.9432 0.3267
vn 0.1817 0.9377 0.2962
vn 0.7498 0.6523 0.1111
vn -0.6726 0.6802 0.2914
vn -0.4921 0.8086 0.3225
vn -0.9703 0.2047 0.1290
vn -0.9057 0.3772 0.1936
vn -0.9492 -0.3015 -0.0897
vn -0.9915 -0.1298 -0.0107
vn -0.5995 -0.7335 -0.3203
vn -0.7591 -0.6035 -0.2441
vn 0.0429 -0.8850 -0.4637
vn -0.1959 -0.8798 -0.4331
vn 0.6504 -0.6308 -0.4232
vn 0.4703 -0.7557 -0.4558
vn 0.9528 -0.1635 -0.2557
vn 0.8860 -0.3341 -0.3216
vn 0.9381 0.3442 -0.0389
vn 0.9784 0.1709 -0.1165
vn 0.6663 0.6821 0.3012
vn 0.0947 0.7597 0.6433
vn 0.2017 0.8351 0.5118
vn 0.7502 0.6395 0.1681
vn -0.5086 0.5447 0.6668
vn -0.4377 0.6713 0.5981
vn -0.8932 0.1673 0.4174
vn -0.8671 0.2854 0.4083
vn -0.9719 -0.2355 -0.0018
vn -0.9850 -0.1646 0.0512
vn -0.7030 -0.5321 -0.4718
vn -0.7504 -0.5567 -0.3563
vn -0.1556 -0.5860 -0.7953
vn -0.2079 -0.7264 -0.6551
vn 0.4188 -0.3806 -0.8245
vn 0.3950 -0.5839 -0.7092
vn 0.8059 -0.0295 -0.5913
vn 0.8102 -0.2267 -0.5405
vn 0.9142 0.3622 -0.1818
vn 0.9487 0.2188 -0.2284
vn 0.9142 0.3622 -0.1819
vn 0.6601 0.5907 0.4640
vn 0.1586 0.5273 0.8347
vn -0.4015 0.3112 0.8614
vn -0.8240 0.0326 0.5657
vn -0.9761 -0.2144 0.0344
vn -0.7674 -0.3308 -0.5492
vn -0.2735 -0.2639 -0.9250
vn 0.2882 -0.0543 -0.9560
vn 0.7227 0.2194 -0.6554
vn 0.8760 0.4680 -0.1165
vn 0.6898 0.3811 0.6156
vn 0.2231 0.2085 0.9522
vn -0.3243 0.0239 0.9457
vn -0.7846 -0.1160 0.6091
vn -0.9876 -0.1532 0.0339
vn -0.8300 -0.0649 -0.5540
vn -0.3844 0.1078 -0.9168
vn 0.1803 0.2992 -0.9370
vn 0.6729 0.4435 -0.5921
vn 0.8789 0.4767 0.0162
vn -0.7089 -0.1543 0.6882
vn -0.6447 -0.1789 0.7432
vn -0.7089 -0.1534 0.6884
vn -0.7213 -0.1481 0.6766
vn -0.9797 0.0886 -0.1798
vn -0.9902 0.0484 -0.1312
vn -0.9771 0.0968 -0.1897
vn 0.5265 0.7037 -0.4770
vn 0.5712 0.7113 -0.4095
vn 0.5183 0.7019 -0.4886
vn 0.7933 0.4274 0.4336
vn 0.7513 0.4032 0.5225
vn 0.7998 0.4312 0.4175
vn 0.5897 0.7861 -0.1851
vn 0.7498 0.6523 -0.1111
vn 0.1816 0.9380 -0.2953
vn -0.0605 0.9433 -0.3263
vn -0.4921 0.8086 -0.3225
vn -0.6726 0.6803 -0.2913
vn -0.9057 0.3772 -0.1936
vn -0.9703 0.2047 -0.1290
vn -0.9915 -0.1298 0.0107
vn -0.9492 -0.3015 0.0897
vn -0.7591 -0.6035 0.2441
vn -0.5995 -0.7335 0.3203
vn -0.1959 -0.8798 0.4331
vn 0.0429 -0.8850 0.4637
vn 0.4701 -0.7552 0.4568
vn 0.6504 -0.6308 0.4232
vn 0.8860 -0.3341 0.3215
vn 0.9528 -0.1635 0.2557
vn 0.9784 0.1708 0.1164
vn 0.9381 0.3442 0.0389
vn 0.9381 0.3442 0.0388
vn 0.9784 0.1708 0.1165
vn 0.6663 0.6822 -0.3012
vn 0.7502 0.6395 -0.1681
vn 0.2017 0.8351 -0.5118
vn 0.0947 0.7597 -0.6433
vn -0.4377 0.6713 -0.5981
vn -0.5086 0.5447 -0.6668
vn -0.8671 0.2854 -0.4083
vn -0.8932 0.1673 -0.4174
vn -0.9850 -0.1646 -0.0512
vn -0.9719 -0.2355 0.0018
vn -0.7504 -0.5567 0.3563
vn -0.7030 -0.5321 0.4718
vn -0.2079 -0.7264 0.6551
vn -0.1556 -0.5859 0.7953
vn 0.3950 -0.5839 0.7092
vn 0.4188 -0.3806 0.8245
vn 0.8102 -0.2267 0.5406
vn 0.8059 -0.0295 0.5913
vn 0.9487 0.2188 0.2284
vn 0.9142 0.3621 0.1820
vn 0.9142 0.3622 0.1818
vn 0.1586 0.5273 -0.8347
vn 0.6601 0.5907 -0.4640
vn -0.4015 0.3112 -0.8614
vn -0.8240 0.0326 -0.5657
vn -0.9761 -0.2144 -0.0344
vn -0.7674 -0.3308 0.5492
vn -0.2735 -0.2639 0.9250
vn 0.2882 -0.0543 0.9560
vn 0.7227 0.2194 0.6554
vn 0.8760 0.4680 0.1165
vn 0.2231 0.2084 -0.9522
vn 0.6898 0.3811 -0.6155
vn -0.3243 0.0239 -0.9457
vn -0.7846 -0.1160 -0.6090
vn -0.9876 -0.1532 -0.0339
vn -0.8300 -0.0649 0.5540
vn -0.3844 0.1078 0.9168
vn 0.1802 0.2992 0.9370
vn 0.6729 0.4435 0.5921
vn 0.8789 0.4767 -0.0163
vn 0.8789 0.4767 -0.0162
vn -0.7089 -0.1534 -0.6884
vn -0.7213 -0.1481 -0.6767
vn -0.7088 -0.1534 -0.6885
vn -0.6446 -0.1789 -0.7433
vn -0.9797 0.0886 0.1798
vn -0.9771 0.0968 0.1897
vn -0.9902 0.0484 0.1313
vn 0.5265 0.7037 0.4770
vn 0.5183 0.7019 0.4886
vn 0.5714 0.7113 0.4093
vn 0.7933 0.4274 -0.4336
vn 0.7999 0.4312 -0.4174
vn 0.7513 0.4032 -0.5225
vt 0.198708 0.637534
vt 0.234555 0.810452
vt 0.237885 0.660782
vt 0.156512 0.657538
vt 0.157310 0.809737
vt 0.032586 0.305514
vt 0.138994 0.214943
vt 0.032703 0.214805
vt 0.344498 0.305514
vt 0.344615 0.215210
vt 0.226915 0.215057
vt 0.344863 0.024180
vt 0.227035 0.122413
vt 0.344735 0.122566
vt 0.555366 0.620808
vt 0.525425 0.621990
vt 0.545979 0.640150
vt 0.703497 0.632040
vt 0.703766 0.644967
vt 0.709725 0.620711
vt 0.751722 0.631037
vt 0.745762 0.655292
vt 0.751990 0.643963
vt 0.408401 0.317210
vt 0.426405 0.315345
vt 0.390399 0.315345
vt 0.408393 0.317216
vt 0.426397 0.315351
vt 0.390392 0.315351
vt 0.627038 0.072824
vt 0.629668 0.078340
vt 0.650736 0.078532
vt 0.675500 0.071756
vt 0.672445 0.078298
vt 0.600993 0.074672
vt 0.579813 0.068877
vt 0.582426 0.074473
vt 0.621262 0.069791
vt 0.619012 0.074508
vt 0.220644 0.128904
vt 0.207065 0.139746
vt 0.220956 0.139618
vt 0.220638 0.128912
vt 0.220949 0.139623
vt 0.207062 0.139750
vt 0.949122 0.597231
vt 0.955406 0.598935
vt 0.961638 0.596347
vt 0.961430 0.578168
vt 0.955147 0.576465
vt 0.948914 0.579054
vt 0.949123 0.597232
vt 0.961638 0.596348
vt 0.860312 0.451857
vt 0.874741 0.453387
vt 0.868700 0.443409
vt 0.537019 0.284964
vt 0.536350 0.273283
vt 0.546464 0.281809
vt 0.204156 0.857615
vt 0.271518 0.856214
vt 0.271518 0.901396
vt 0.204156 0.899995
vt 0.010645 0.858310
vt 0.010645 0.899297
vt 0.008767 0.853584
vt 0.152514 0.854868
vt 0.147622 0.650113
vt 0.012735 0.644234
vt 0.059247 0.588517
vt 0.087227 0.575408
vt 0.204111 0.622597
vt 0.204330 0.573554
vt 0.009995 0.569599
vt 0.316824 0.570065
vt 0.316985 0.334568
vt 0.010155 0.334103
vt 0.566967 0.211539
vt 0.566967 0.239347
vt 0.629407 0.242384
vt 0.629108 0.214280
vt 0.705424 0.239521
vt 0.705742 0.213331
vt 0.773908 0.241927
vt 0.774203 0.215096
vt 0.822129 0.240247
vt 0.822129 0.214523
vt 0.514444 0.402537
vt 0.514444 0.415372
vt 0.526844 0.415372
vt 0.526844 0.402537
vt 0.551999 0.402537
vt 0.551999 0.415372
vt 0.564669 0.415372
vt 0.564669 0.402537
vt 0.481995 0.432843
vt 0.471706 0.449305
vt 0.481995 0.454792
vt 0.492285 0.449305
vt 0.492285 0.438331
vt 0.627840 0.440285
vt 0.649325 0.454437
vt 0.638135 0.450043
vt 0.587934 0.407259
vt 0.582871 0.420766
vt 0.588185 0.439122
vt 0.595805 0.411663
vt 0.576238 0.424739
vt 0.583448 0.435461
vt 0.645320 0.565656
vt 0.663068 0.565657
vt 0.663068 0.557037
vt 0.628080 0.565656
vt 0.645320 0.557037
vt 0.611505 0.565656
vt 0.628080 0.557037
vt 0.611503 0.557037
vt 0.595075 0.565662
vt 0.595073 0.557045
vt 0.579433 0.565670
vt 0.579431 0.557052
vt 0.682203 0.565656
vt 0.682203 0.557036
vt 0.680069 0.478679
vt 0.687342 0.468265
vt 0.658207 0.468260
vt 0.665470 0.478685
vt 0.665506 0.457893
vt 0.680029 0.457886
vt 0.616080 0.372041
vt 0.619967 0.373248
vt 0.622910 0.364541
vt 0.619586 0.360479
vt 0.576422 0.367054
vt 0.572607 0.369039
vt 0.574931 0.380349
vt 0.579220 0.380289
vt 0.618617 0.383510
vt 0.573607 0.390062
vt 0.578360 0.393861
vt 0.614474 0.383641
vt 0.615443 0.396067
vt 0.620348 0.393075
vt 0.573305 0.354868
vt 0.576423 0.367054
vt 0.569637 0.359136
vt 0.614475 0.383641
vt 0.573306 0.354868
vt 0.595079 0.577424
vt 0.611507 0.577419
vt 0.628080 0.577419
vt 0.645320 0.577419
vt 0.663068 0.577419
vt 0.579439 0.577431
vt 0.475770 0.455325
vt 0.466987 0.462784
vt 0.468340 0.475726
vt 0.478477 0.481208
vt 0.347338 0.540059
vt 0.364235 0.537567
vt 0.361352 0.520540
vt 0.342683 0.476976
vt 0.361217 0.475862
vt 0.362972 0.459025
vt 0.344748 0.457135
vt 0.344424 0.520271
vt 0.220222 0.595179
vt 0.232442 0.591968
vt 0.233884 0.586760
vt 0.219438 0.583879
vt 0.235697 0.577649
vt 0.221250 0.574774
vt 0.222594 0.604159
vt 0.234799 0.600948
vt 0.210959 0.595820
vt 0.210177 0.584519
vt 0.308714 0.586081
vt 0.310371 0.601710
vt 0.315830 0.600895
vt 0.317127 0.586207
vt 0.325129 0.601731
vt 0.326425 0.587016
vt 0.299412 0.587062
vt 0.301074 0.602722
vt 0.311744 0.611057
vt 0.317252 0.610242
vt 0.308859 0.577039
vt 0.317253 0.577163
vt 0.358855 0.609095
vt 0.358383 0.584027
vt 0.338193 0.584865
vt 0.338663 0.609932
vt 0.414243 0.614163
vt 0.418771 0.594355
vt 0.399013 0.589480
vt 0.394498 0.609284
vt 0.748398 0.675457
vt 0.748784 0.691477
vt 0.659783 0.688498
vt 0.660428 0.678715
vt 0.578565 0.691342
vt 0.579945 0.676595
vt 0.735680 0.392351
vt 0.834453 0.392351
vt 0.835030 0.382989
vt 0.735271 0.377828
vt 0.836912 0.346779
vt 0.737131 0.341597
vt 0.735672 0.428636
vt 0.834459 0.428636
vt 0.358854 0.609097
vt 0.338661 0.609932
vt 0.338191 0.584864
vt 0.358382 0.584027
vt 0.414245 0.614164
vt 0.394499 0.609285
vt 0.399014 0.589479
vt 0.418774 0.594355
vt 0.139115 0.122299
vt 0.032824 0.122161
vt 0.367259 0.122595
vt 0.367259 0.024180
vt 0.367259 0.215239
vt 0.367259 0.305514
vt 0.010555 0.024180
vt 0.010428 0.122132
vt 0.032951 0.024180
vt 0.010307 0.214776
vt 0.032980 0.001349
vt 0.344892 0.001754
vt 0.032557 0.327476
vt 0.344469 0.327881
vt 0.362282 0.405026
vt 0.362002 0.420574
vt 0.366540 0.420627
vt 0.366819 0.405137
vt 0.330516 0.419972
vt 0.344622 0.438430
vt 0.364777 0.424145
vt 0.373688 0.436665
vt 0.353504 0.450978
vt 0.330767 0.404645
vt 0.366541 0.420627
vt 0.364778 0.424144
vt 0.579622 0.625485
vt 0.557362 0.640988
vt 0.564761 0.662583
vt 0.580476 0.661685
vt 0.535133 0.601239
vt 0.526845 0.603327
vt 0.515615 0.633980
vt 0.533779 0.656167
vt 0.523988 0.718247
vt 0.550740 0.718669
vt 0.576483 0.581689
vt 0.554962 0.581699
vt 0.554955 0.597452
vt 0.576476 0.597484
vt 0.588662 0.581696
vt 0.588654 0.597490
vt 0.678338 0.581744
vt 0.669282 0.581740
vt 0.669273 0.597537
vt 0.678328 0.597542
vt 0.636647 0.581726
vt 0.608401 0.581707
vt 0.608393 0.597502
vt 0.636638 0.597515
vt 0.487466 0.581644
vt 0.487458 0.597440
vt 0.769639 0.651693
vt 0.776566 0.655127
vt 0.776876 0.635825
vt 0.767555 0.635563
vt 0.786196 0.636039
vt 0.769050 0.656354
vt 0.776390 0.660423
vt 0.783467 0.656971
vt 0.783360 0.652036
vt 0.789129 0.652754
vt 0.791961 0.636729
vt 0.763891 0.652210
vt 0.761781 0.636010
vt 0.721785 0.662257
vt 0.745028 0.619977
vt 0.733703 0.613746
vt 0.720782 0.614015
vt 0.710460 0.656026
vt 0.734706 0.661988
vt 0.600539 0.939346
vt 0.600318 0.907033
vt 0.611602 0.906953
vt 0.611815 0.939264
vt 0.918026 0.263616
vt 0.931187 0.286410
vt 0.957508 0.286196
vt 0.970667 0.263616
vt 0.957508 0.240822
vt 0.931187 0.240822
vt 0.239664 0.713314
vt 0.258710 0.746302
vt 0.296801 0.745992
vt 0.315846 0.713314
vt 0.296801 0.680327
vt 0.258710 0.680327
vt 0.621440 0.720752
vt 0.616770 0.720752
vt 0.616770 0.727266
vt 0.621440 0.727266
vt 0.982500 0.722041
vt 0.989364 0.722142
vt 0.988048 0.694953
vt 0.981184 0.694852
vt 0.995131 0.718586
vt 0.994168 0.698683
vt 0.975416 0.698408
vt 0.976380 0.718311
vt 0.972290 0.704667
vt 0.998258 0.712327
vt 0.997905 0.705042
vt 0.632629 0.660273
vt 0.632629 0.652215
vt 0.585126 0.652215
vt 0.632629 0.644505
vt 0.585126 0.644505
vt 0.632629 0.636445
vt 0.585126 0.636445
vt 0.632629 0.628080
vt 0.632629 0.620657
vt 0.585126 0.620657
vt 0.585126 0.628079
vt 0.632629 0.612305
vt 0.585126 0.612305
vt 0.664117 0.425566
vt 0.656733 0.437835
vt 0.664181 0.450016
vt 0.679015 0.449938
vt 0.686402 0.437669
vt 0.678953 0.425479
vt 0.862652 0.294818
vt 0.900958 0.295147
vt 0.901080 0.287611
vt 0.862738 0.287145
vt 0.900850 0.261062
vt 0.862513 0.260394
vt 0.901105 0.248424
vt 0.862745 0.247734
vt 0.908542 0.288975
vt 0.913220 0.263350
vt 0.850116 0.262865
vt 0.855231 0.288633
vt 0.968933 0.438529
vt 0.968933 0.541315
vt 0.990302 0.541315
vt 0.990302 0.438529
vt 0.990302 0.377804
vt 0.990301 0.275017
vt 0.968932 0.275017
vt 0.968933 0.377804
vt 0.838109 0.242946
vt 0.882559 0.242946
vt 0.882627 0.220025
vt 0.838109 0.220025
vt 0.882559 0.214516
vt 0.838109 0.214516
vt 0.761114 0.125281
vt 0.793028 0.125281
vt 0.793028 0.108849
vt 0.761162 0.108849
vt 0.888136 0.242947
vt 0.888136 0.220025
vt 0.755083 0.109138
vt 0.731835 0.108988
vt 0.729677 0.121890
vt 0.757076 0.122066
vt 0.919081 0.230139
vt 0.919296 0.175990
vt 0.893660 0.179994
vt 0.893562 0.225961
vt 0.891819 0.169066
vt 0.917552 0.164869
vt 0.891845 0.236798
vt 0.917357 0.240962
vt 0.743574 0.104480
vt 0.850272 0.102825
vt 0.850272 0.088665
vt 0.743574 0.088665
vt 0.850272 0.020501
vt 0.743574 0.020501
vt 0.850272 0.003030
vt 0.865709 0.090825
vt 0.865709 0.015405
vt 0.728224 0.016685
vt 0.727304 0.092105
vt 0.983460 0.080071
vt 0.883113 0.080071
vt 0.883113 0.088298
vt 0.983460 0.088298
vt 0.883113 0.147522
vt 0.983460 0.147522
vt 0.883113 0.154776
vt 0.983460 0.155066
vt 0.873752 0.076169
vt 0.992940 0.076169
vt 0.992940 0.005826
vt 0.873752 0.005826
vt 0.991462 0.147522
vt 0.991462 0.088298
vt 0.952457 0.996821
vt 0.970560 0.997140
vt 0.970981 0.973276
vt 0.955902 0.974128
vt 0.624658 0.959808
vt 0.613835 0.988165
vt 0.623014 0.991721
vt 0.633890 0.963368
vt 0.639268 0.971669
vt 0.632533 0.989195
vt 0.615092 0.962349
vt 0.608834 0.970042
vt 0.608284 0.979956
vt 0.223918 0.910653
vt 0.233000 0.910653
vt 0.233000 0.907305
vt 0.223918 0.907305
vt 0.242220 0.910653
vt 0.242220 0.907305
vt 0.251161 0.910653
vt 0.251160 0.907305
vt 0.260035 0.910653
vt 0.260035 0.907305
vt 0.268544 0.910653
vt 0.268544 0.907305
vt 0.277163 0.910653
vt 0.277163 0.907305
vt 0.207906 0.910653
vt 0.215683 0.910653
vt 0.215683 0.907305
vt 0.207906 0.907305
vt 0.853675 0.858557
vt 0.855302 0.845863
vt 0.843172 0.844352
vt 0.841518 0.857027
vt 0.649959 0.965912
vt 0.696430 0.965912
vt 0.696430 0.952047
vt 0.649959 0.952047
vt 0.696430 0.972673
vt 0.649959 0.972673
vt 0.649959 0.984788
vt 0.696430 0.984788
vt 0.649959 0.991922
vt 0.696430 0.991922
vt 0.958798 0.528001
vt 0.958798 0.513416
vt 0.892225 0.513416
vt 0.892225 0.528002
vt 0.892225 0.495377
vt 0.892225 0.507565
vt 0.958798 0.507565
vt 0.958798 0.495376
vt 0.958798 0.490659
vt 0.892225 0.490659
vt 0.650085 0.965852
vt 0.696430 0.965852
vt 0.650085 0.952047
vt 0.696430 0.972605
vt 0.650085 0.972605
vt 0.650085 0.984705
vt 0.696430 0.984705
vt 0.650085 0.991922
vt 0.958798 0.513415
vt 0.892225 0.513415
vt 0.892225 0.528001
vt 0.958798 0.490658
vt 0.892225 0.490658
vt 0.592711 0.965417
vt 0.588222 0.951603
vt 0.550219 0.951608
vt 0.545739 0.965419
vt 0.550215 0.979216
vt 0.588215 0.979224
vt 0.576476 0.987751
vt 0.561961 0.987757
vt 0.576475 0.943077
vt 0.561967 0.943074
vt 0.797692 0.676526
vt 0.795813 0.667596
vt 0.772302 0.670825
vt 0.773357 0.675835
vt 0.792431 0.659122
vt 0.770406 0.666076
vt 0.791452 0.693604
vt 0.795301 0.685331
vt 0.772017 0.680774
vt 0.769856 0.685414
vt 0.797702 0.676526
vt 0.795820 0.667591
vt 0.772294 0.670822
vt 0.773350 0.675834
vt 0.792437 0.659110
vt 0.770398 0.666069
vt 0.791458 0.693615
vt 0.795308 0.685336
vt 0.772010 0.680776
vt 0.769848 0.685420
vt 0.792437 0.659111
vt 0.791457 0.693615
vt 0.743085 0.844945
vt 0.745467 0.860837
vt 0.760808 0.858542
vt 0.758528 0.842570
vt 0.853675 0.858558
vt 0.452325 0.997102
vt 0.468568 0.991563
vt 0.467918 0.946644
vt 0.451523 0.941579
vt 0.435280 0.947116
vt 0.435936 0.992037
vt 0.478205 0.960378
vt 0.478449 0.977536
vt 0.425400 0.961144
vt 0.425649 0.978301
vt 0.397306 0.942556
vt 0.382211 0.947218
vt 0.381609 0.988578
vt 0.396562 0.993678
vt 0.412259 0.947656
vt 0.411657 0.989014
vt 0.421357 0.960570
vt 0.421130 0.976369
vt 0.372738 0.959864
vt 0.372511 0.975662
vt 0.798102 0.885738
vt 0.814208 0.917624
vt 0.826405 0.906006
vt 0.789242 0.887569
vt 0.786081 0.886458
vt 0.767554 0.919929
vt 0.782798 0.925228
vt 0.173513 0.155390
vt 0.183231 0.155676
vt 0.188423 0.147431
vt 0.168910 0.146914
vt 0.183467 0.139131
vt 0.174377 0.138546
vt 0.194991 0.179274
vt 0.207891 0.172147
vt 0.207779 0.158104
vt 0.194765 0.151186
vt 0.181864 0.158313
vt 0.181977 0.172356
vt 0.795787 0.887974
vt 0.456386 0.334431
vt 0.433241 0.334431
vt 0.433241 0.347763
vt 0.351838 0.334431
vt 0.325524 0.334431
vt 0.325524 0.347763
vt 0.351838 0.347763
vt 0.371053 0.334431
vt 0.371053 0.347763
vt 0.390364 0.334431
vt 0.390364 0.347763
vt 0.412002 0.334431
vt 0.412002 0.347763
vt 0.377220 0.266889
vt 0.372396 0.289371
vt 0.444407 0.289371
vt 0.439584 0.266889
vt 0.439584 0.306837
vt 0.377220 0.306837
vt 0.390363 0.347763
vt 0.390363 0.334431
vt 0.456386 0.347763
vt 0.478889 0.347763
vt 0.478889 0.334431
vt 0.559262 0.348354
vt 0.505244 0.347769
vt 0.505244 0.397436
vt 0.559262 0.397062
vt 0.456379 0.334437
vt 0.433234 0.334437
vt 0.433234 0.347769
vt 0.351830 0.334437
vt 0.325517 0.334437
vt 0.325517 0.347769
vt 0.351830 0.347769
vt 0.371046 0.334437
vt 0.390356 0.334437
vt 0.371046 0.347769
vt 0.390356 0.347769
vt 0.411994 0.334437
vt 0.411994 0.347769
vt 0.377213 0.266895
vt 0.372389 0.289377
vt 0.444399 0.289377
vt 0.439576 0.266895
vt 0.439576 0.306843
vt 0.377213 0.306843
vt 0.628535 0.029757
vt 0.650762 0.029757
vt 0.600970 0.032956
vt 0.619981 0.032956
vt 0.674432 0.029758
vt 0.580727 0.032956
vt 0.174822 0.136832
vt 0.189025 0.136979
vt 0.191327 0.128441
vt 0.176133 0.126594
vt 0.212013 0.185213
vt 0.222181 0.184952
vt 0.174829 0.136837
vt 0.176141 0.126603
vt 0.191329 0.128449
vt 0.189029 0.136985
vt 0.222174 0.184944
vt 0.212009 0.185205
vt 0.223976 0.196470
vt 0.213034 0.197378
vt 0.213019 0.206849
vt 0.223957 0.207798
vt 0.186358 0.196200
vt 0.152191 0.196168
vt 0.152185 0.207900
vt 0.186344 0.207939
vt 0.143715 0.195955
vt 0.143715 0.208114
vt 0.029076 0.989527
vt 0.085869 0.982982
vt 0.085950 0.973428
vt 0.028546 0.972752
vt 0.029073 0.919083
vt 0.086440 0.919348
vt 0.086530 0.909799
vt 0.029941 0.902334
vt 0.160624 0.973789
vt 0.161108 0.920146
vt 0.144866 0.920019
vt 0.144381 0.973663
vt 0.012803 0.918944
vt 0.012275 0.972612
vt 0.144329 0.903285
vt 0.143542 0.990387
vt 0.223956 0.207798
vt 0.223974 0.196470
vt 0.029941 0.902335
vt 0.945111 0.584944
vt 0.945189 0.591887
vt 0.965441 0.590457
vt 0.965362 0.583513
vt 0.965441 0.590458
vt 0.432887 0.915098
vt 0.447248 0.915094
vt 0.448154 0.849959
vt 0.431404 0.851894
vt 0.448393 0.833024
vt 0.533533 0.849959
vt 0.533772 0.833024
vt 0.535639 0.764845
vt 0.450253 0.764845
vt 0.450110 0.828183
vt 0.535500 0.828183
vt 0.432886 0.915347
vt 0.431404 0.851905
vt 0.532626 0.915094
vt 0.535638 0.764845
vt 0.535498 0.828183
vt 0.450254 0.764845
vt 0.549546 0.839804
vt 0.686557 0.839804
vt 0.686557 0.766420
vt 0.549546 0.766420
vt 0.551589 0.891219
vt 0.684735 0.891406
vt 0.728195 0.378410
vt 0.728242 0.345495
vt 0.712121 0.343125
vt 0.712069 0.380736
vt 0.695325 0.345451
vt 0.695278 0.378366
vt 0.940809 0.297498
vt 0.899813 0.300379
vt 0.899998 0.325679
vt 0.900832 0.373884
vt 0.939885 0.344344
vt 0.900142 0.343649
vt 0.868001 0.372721
vt 0.868660 0.345654
vt 0.866602 0.297789
vt 0.843504 0.298977
vt 0.844879 0.325713
vt 0.868319 0.324892
vt 0.844917 0.372430
vt 0.845249 0.345712
vt 0.939386 0.324138
vt 0.941715 0.371086
vt 0.944090 0.643423
vt 0.949905 0.657973
vt 0.988907 0.652063
vt 0.997019 0.642184
vt 0.941174 0.629693
vt 0.996136 0.628493
vt 0.947399 0.616345
vt 0.987859 0.615844
vt 0.975149 0.609363
vt 0.959784 0.608446
vt 0.977305 0.661967
vt 0.913207 0.453729
vt 0.911983 0.462700
vt 0.956080 0.463603
vt 0.957304 0.454633
vt 0.956794 0.479568
vt 0.913946 0.417646
vt 0.913480 0.437172
vt 0.957577 0.438075
vt 0.958044 0.418549
vt 0.912697 0.478665
vt 0.852377 0.444507
vt 0.844290 0.440132
vt 0.843951 0.458750
vt 0.836033 0.445066
vt 0.835864 0.454375
vt 0.993792 0.684717
vt 0.994203 0.671255
vt 0.983798 0.664368
vt 0.972933 0.670948
vt 0.972512 0.684500
vt 0.982962 0.691383
vt 0.726423 0.719640
vt 0.736393 0.719640
vt 0.736392 0.711134
vt 0.726423 0.711134
vt 0.717259 0.719640
vt 0.717259 0.711134
vt 0.706925 0.719640
vt 0.706925 0.711134
vt 0.696485 0.719640
vt 0.696485 0.711134
vt 0.685626 0.719640
vt 0.685627 0.711134
vt 0.746240 0.719640
vt 0.746240 0.711134
vt 0.962377 0.382209
vt 0.953389 0.409837
vt 0.962378 0.409832
vt 0.917808 0.382206
vt 0.908728 0.382209
vt 0.908733 0.409840
vt 0.917813 0.409832
vt 0.926084 0.382207
vt 0.926087 0.409835
vt 0.934492 0.382204
vt 0.934492 0.409835
vt 0.943949 0.382205
vt 0.943950 0.409833
vt 0.953388 0.382203
vt 0.765355 0.668489
vt 0.766762 0.663419
vt 0.756110 0.656121
vt 0.752188 0.659469
vt 0.761434 0.671836
vt 0.750782 0.664539
vt 0.756496 0.672182
vt 0.752426 0.669395
vt 0.765117 0.658563
vt 0.761048 0.655775
vt 0.755030 0.690070
vt 0.755121 0.691118
vt 0.767342 0.693549
vt 0.766882 0.688114
vt 0.752680 0.687988
vt 0.753539 0.688588
vt 0.761753 0.678759
vt 0.757282 0.675638
vt 0.929129 0.616217
vt 0.921653 0.618887
vt 0.920002 0.626975
vt 0.935022 0.621201
vt 0.925710 0.632243
vt 0.933476 0.629371
vt 0.857028 0.645947
vt 0.846384 0.658935
vt 0.853634 0.664879
vt 0.862578 0.661358
vt 0.864277 0.651892
vt 0.848080 0.649470
vt 0.836061 0.189941
vt 0.871098 0.177117
vt 0.853693 0.205576
vt 0.835760 0.168035
vt 0.848132 0.147715
vt 0.862902 0.142782
vt 0.852146 0.130615
vt 0.529300 0.311967
vt 0.529108 0.297958
vt 0.551706 0.303766
vt 0.540575 0.321965
vt 0.527892 0.933630
vt 0.538348 0.933583
vt 0.538309 0.923126
vt 0.527846 0.923165
vt 0.625545 0.417834
vt 0.616979 0.448089
vt 0.594928 0.445071
vt 0.655666 0.463990
vt 0.654573 0.448402
vt 0.565258 0.430230
vt 0.560053 0.438792
vt 0.569873 0.436974
vt 0.474983 0.279034
vt 0.497509 0.277984
vt 0.487295 0.270060
vt 0.476619 0.318946
vt 0.486572 0.327711
vt 0.494340 0.318109
vt 0.413139 0.551358
vt 0.417025 0.526779
vt 0.430646 0.563410
vt 0.389300 0.557957
vt 0.388884 0.402444
vt 0.421084 0.413119
vt 0.396349 0.432831
vt 0.468690 0.743511
vt 0.475418 0.747458
vt 0.478038 0.731446
vt 0.510176 0.746045
vt 0.501252 0.732821
vt 0.502587 0.749301
vt 0.506222 0.709553
vt 0.498085 0.704042
vt 0.499863 0.717505
vt 0.474427 0.709006
vt 0.480238 0.716706
vt 0.482262 0.703522
vt 0.502117 0.686692
vt 0.495074 0.681746
vt 0.496119 0.691673
vt 0.477232 0.686534
vt 0.483963 0.691341
vt 0.484430 0.681347
vt 0.500697 0.658278
vt 0.494735 0.654680
vt 0.494075 0.664108
vt 0.478454 0.657938
vt 0.485060 0.663744
vt 0.484474 0.654310
vt 0.500532 0.639841
vt 0.496369 0.635093
vt 0.494899 0.644346
vt 0.478967 0.639371
vt 0.484513 0.643967
vt 0.483350 0.634710
vt 0.503024 0.617634
vt 0.498736 0.615408
vt 0.497418 0.625613
vt 0.477373 0.617081
vt 0.482697 0.625220
vt 0.481834 0.614997
vt 0.481508 0.413066
vt 0.480532 0.414847
vt 0.480974 0.416919
vt 0.564173 0.517083
vt 0.559639 0.500179
vt 0.530028 0.514377
vt 0.551360 0.487118
vt 0.532862 0.478079
vt 0.523434 0.483948
vt 0.510684 0.484103
vt 0.498154 0.500666
vt 0.495473 0.519836
vt 0.501886 0.533329
vt 0.509988 0.544475
vt 0.525011 0.551055
vt 0.546770 0.546941
vt 0.559945 0.535375
vt 0.534909 0.661859
vt 0.534258 0.665116
vt 0.551174 0.674648
vt 0.532890 0.668571
vt 0.532254 0.671591
vt 0.532811 0.675943
vt 0.534498 0.679799
vt 0.552799 0.652439
vt 0.550855 0.652380
vt 0.547589 0.652918
vt 0.543878 0.653910
vt 0.540716 0.655090
vt 0.539240 0.656581
vt 0.536769 0.659202
vt 0.877978 0.856483
vt 0.877232 0.872658
vt 0.889929 0.851614
vt 0.905011 0.870715
vt 0.902126 0.972930
vt 0.877310 0.972490
vt 0.890365 0.983221
vt 0.878460 0.981310
vt 0.905096 0.852899
vt 0.901777 0.982274
vt 0.723741 0.946973
vt 0.722927 0.960191
vt 0.736016 0.945534
vt 0.736322 0.974965
vt 0.725525 0.973947
vt 0.828994 0.946923
vt 0.845428 0.959954
vt 0.843442 0.947405
vt 0.831004 0.976284
vt 0.844607 0.974824
vt 0.972286 0.964119
vt 0.943732 0.957997
vt 0.944710 0.863614
vt 0.970146 0.858760
vt 0.955654 0.852027
vt 0.968477 0.850066
vt 0.945665 0.969435
vt 0.945065 0.855897
vt 0.260362 0.824402
vt 0.258718 0.830026
vt 0.255089 0.827156
vt 0.256301 0.820871
vt 0.250601 0.822925
vt 0.248926 0.828532
vt 0.252981 0.832101
vt 0.252928 0.820876
vt 0.254644 0.815113
vt 0.248278 0.816496
vt 0.250476 0.811502
vt 0.244596 0.813614
vt 0.242846 0.819357
vt 0.247009 0.823010
vt 0.275191 0.846095
vt 0.272207 0.849169
vt 0.274373 0.844567
vt 0.276356 0.841025
vt 0.274536 0.839067
vt 0.271571 0.842145
vt 0.270407 0.847178
vt 0.259081 0.843251
vt 0.262060 0.840121
vt 0.259253 0.837672
vt 0.263258 0.834998
vt 0.261475 0.833043
vt 0.258515 0.836177
vt 0.257318 0.841262
vt 0.503285 0.920274
vt 0.497208 0.920274
vt 0.502118 0.935389
vt 0.492432 0.920274
vt 0.486946 0.920274
vt 0.492081 0.935389
vt 0.524836 0.920274
vt 0.519326 0.920274
vt 0.524730 0.935389
vt 0.480603 0.979707
vt 0.491431 0.994171
vt 0.506829 0.968376
vt 0.508694 0.999504
vt 0.525797 0.993671
vt 0.536202 0.978901
vt 0.535943 0.960833
vt 0.525109 0.946372
vt 0.507847 0.941039
vt 0.490749 0.946871
vt 0.480338 0.961641
vt 0.684567 0.662749
vt 0.696486 0.646341
vt 0.665273 0.636200
vt 0.696486 0.626060
vt 0.684567 0.609652
vt 0.665273 0.603384
vt 0.648314 0.612855
vt 0.637833 0.627283
vt 0.637833 0.645118
vt 0.648314 0.659545
vt 0.665273 0.665057
vt 0.850508 0.375082
vt 0.838249 0.383533
vt 0.850252 0.386839
vt 0.842025 0.128282
vt 0.850396 0.112569
vt 0.235704 0.841928
vt 0.156016 0.842307
vt 0.838848 0.293986
vt 0.836522 0.271306
vt 0.789349 0.276038
vt 0.788994 0.292912
vt 0.836139 0.250269
vt 0.790060 0.252294
vt 0.839620 0.315037
vt 0.790838 0.315774
vt 0.703195 0.252538
vt 0.701350 0.278026
vt 0.702717 0.294367
vt 0.705239 0.318423
vt 0.609743 0.278209
vt 0.612827 0.250235
vt 0.566104 0.247960
vt 0.561762 0.274868
vt 0.613589 0.295274
vt 0.561153 0.299301
vt 0.565614 0.326142
vt 0.617149 0.323913
vt 0.629533 0.183466
vt 0.566967 0.182011
vt 0.566967 0.126163
vt 0.566967 0.155223
vt 0.630310 0.156081
vt 0.631134 0.127271
vt 0.705984 0.185397
vt 0.706103 0.159074
vt 0.706733 0.130212
vt 0.774444 0.185479
vt 0.774579 0.158897
vt 0.775057 0.130741
vt 0.822129 0.186534
vt 0.822129 0.160647
vt 0.822129 0.132483
vt 0.577174 0.415372
vt 0.577174 0.402537
vt 0.502859 0.402537
vt 0.502859 0.415372
vt 0.539672 0.415372
vt 0.539672 0.402537
vt 0.471706 0.438331
vt 0.636580 0.476711
vt 0.635402 0.463953
vt 0.618635 0.472311
vt 0.617759 0.484532
vt 0.586407 0.477005
vt 0.589872 0.463947
vt 0.577521 0.450616
vt 0.570367 0.459338
vt 0.603285 0.468937
vt 0.600916 0.483027
vt 0.606649 0.448516
vt 0.610875 0.414923
vt 0.644722 0.427325
vt 0.626988 0.414531
vt 0.651492 0.439741
vt 0.526991 0.426368
vt 0.517179 0.429381
vt 0.520509 0.440363
vt 0.526439 0.438091
vt 0.508314 0.436417
vt 0.515598 0.445643
vt 0.501521 0.444148
vt 0.512137 0.450798
vt 0.550834 0.446378
vt 0.544670 0.438003
vt 0.536515 0.446600
vt 0.539503 0.452135
vt 0.536437 0.430110
vt 0.532131 0.440845
vt 0.596075 0.350114
vt 0.595279 0.364093
vt 0.596663 0.387825
vt 0.596749 0.401610
vt 0.596662 0.387825
vt 0.663136 0.518737
vt 0.663623 0.527478
vt 0.682644 0.526379
vt 0.682199 0.518654
vt 0.664859 0.537528
vt 0.683664 0.535253
vt 0.665810 0.546416
vt 0.684821 0.542976
vt 0.665566 0.491283
vt 0.664716 0.500080
vt 0.683415 0.502134
vt 0.684459 0.494459
vt 0.663572 0.510028
vt 0.682527 0.510949
vt 0.650936 0.398976
vt 0.674530 0.408171
vt 0.677767 0.395266
vt 0.652159 0.388592
vt 0.648781 0.407089
vt 0.670365 0.420597
vt 0.648387 0.353084
vt 0.650319 0.360342
vt 0.670686 0.351762
vt 0.666825 0.341071
vt 0.651689 0.369751
vt 0.674400 0.363557
vt 0.652289 0.378723
vt 0.676921 0.372844
vt 0.592214 0.524960
vt 0.590939 0.534915
vt 0.621449 0.540027
vt 0.620558 0.528554
vt 0.589752 0.547128
vt 0.622143 0.550196
vt 0.594670 0.490345
vt 0.594752 0.498591
vt 0.622521 0.497268
vt 0.623368 0.487949
vt 0.594036 0.507860
vt 0.621199 0.507995
vt 0.593124 0.516304
vt 0.620347 0.518145
vt 0.504364 0.430179
vt 0.515502 0.422763
vt 0.495900 0.438403
vt 0.549155 0.432091
vt 0.556986 0.441053
vt 0.538674 0.423660
vt 0.527252 0.419817
vt 0.682203 0.577419
vt 0.631173 0.386461
vt 0.628519 0.386594
vt 0.627696 0.394707
vt 0.630349 0.395717
vt 0.678766 0.408335
vt 0.682670 0.395377
vt 0.625912 0.401585
vt 0.628684 0.404191
vt 0.675939 0.418930
vt 0.629771 0.355089
vt 0.627119 0.357395
vt 0.628511 0.363821
vt 0.631029 0.362969
vt 0.674262 0.351414
vt 0.671635 0.342403
vt 0.628946 0.371478
vt 0.631482 0.371692
vt 0.678063 0.361880
vt 0.628892 0.378943
vt 0.631482 0.378980
vt 0.682244 0.374159
vt 0.645908 0.527751
vt 0.646756 0.537356
vt 0.647554 0.545266
vt 0.647633 0.492680
vt 0.646885 0.500323
vt 0.646005 0.509698
vt 0.645609 0.518685
vt 0.487257 0.473748
vt 0.485903 0.460807
vt 0.449069 0.329959
vt 0.448603 0.316962
vt 0.448902 0.277481
vt 0.450991 0.265335
vt 0.514716 0.278513
vt 0.512667 0.266454
vt 0.512826 0.330007
vt 0.514338 0.317901
vt 0.358009 0.500349
vt 0.344818 0.501772
vt 0.378054 0.519648
vt 0.377081 0.501295
vt 0.324464 0.502603
vt 0.324714 0.520542
vt 0.322774 0.478356
vt 0.378120 0.476568
vt 0.222063 0.640983
vt 0.232602 0.641656
vt 0.229869 0.626101
vt 0.224076 0.625716
vt 0.242917 0.638984
vt 0.237795 0.625314
vt 0.211398 0.638579
vt 0.216061 0.625036
vt 0.231040 0.609000
vt 0.223056 0.609127
vt 0.215592 0.609352
vt 0.238469 0.609318
vt 0.241387 0.594449
vt 0.242833 0.589244
vt 0.324357 0.638458
vt 0.323444 0.627585
vt 0.312039 0.627996
vt 0.311729 0.634709
vt 0.321996 0.615624
vt 0.311409 0.619644
vt 0.303156 0.626893
vt 0.301772 0.638365
vt 0.303036 0.619791
vt 0.302390 0.645062
vt 0.310686 0.643271
vt 0.321144 0.647155
vt 0.380656 0.590156
vt 0.378793 0.606734
vt 0.012612 0.615551
vt 0.032947 0.613055
vt 0.032996 0.596849
vt 0.016472 0.597515
vt 0.304228 0.684120
vt 0.324279 0.687030
vt 0.320886 0.671506
vt 0.304361 0.670512
vt 0.324497 0.651731
vt 0.304580 0.655376
vt 0.033075 0.578771
vt 0.013316 0.574716
vt 0.748480 0.702196
vt 0.659803 0.698968
vt 0.747992 0.664740
vt 0.660352 0.668247
vt 0.580222 0.666178
vt 0.578935 0.701757
vt 0.378793 0.606735
vt 0.380656 0.590154
vt 0.012613 0.615550
vt 0.016473 0.597515
vt 0.032945 0.613053
vt 0.304227 0.684121
vt 0.304360 0.670511
vt 0.324279 0.687032
vt 0.304578 0.655375
vt 0.324496 0.651730
vt 0.013317 0.574717
vt 0.033075 0.578772
vt 0.397326 0.525455
vt 0.377378 0.549829
vt 0.382728 0.483359
vt 0.404267 0.484518
vt 0.391658 0.460595
vt 0.412854 0.460201
vt 0.375531 0.411402
vt 0.379646 0.431434
vt 0.464447 0.403667
vt 0.464447 0.422788
vt 0.464447 0.453096
vt 0.464447 0.481306
vt 0.464447 0.522919
vt 0.464447 0.569581
vt 0.010190 0.305514
vt 0.460008 0.693674
vt 0.460009 0.657172
vt 0.442813 0.657173
vt 0.442813 0.693674
vt 0.460009 0.632714
vt 0.442813 0.632714
vt 0.460009 0.612313
vt 0.442813 0.612313
vt 0.651918 0.581730
vt 0.651909 0.597528
vt 0.460008 0.751131
vt 0.442812 0.751130
vt 0.812776 0.683445
vt 0.813882 0.685355
vt 0.818483 0.683168
vt 0.816824 0.680039
vt 0.814511 0.687440
vt 0.819374 0.686466
vt 0.814662 0.689588
vt 0.819492 0.689809
vt 0.814439 0.691373
vt 0.818891 0.692930
vt 0.813712 0.693053
vt 0.817568 0.695812
vt 0.812567 0.694474
vt 0.815588 0.698344
vt 0.811143 0.695494
vt 0.813017 0.700465
vt 0.809581 0.695998
vt 0.809852 0.702204
vt 0.808041 0.695903
vt 0.805861 0.703835
vt 0.805637 0.680477
vt 0.807485 0.680282
vt 0.807391 0.672942
vt 0.802386 0.671108
vt 0.809413 0.680776
vt 0.811276 0.674891
vt 0.811241 0.681879
vt 0.814402 0.677265
vt 0.823809 0.680791
vt 0.821558 0.676344
vt 0.824941 0.685510
vt 0.824999 0.690208
vt 0.824005 0.694745
vt 0.822035 0.698904
vt 0.819161 0.702605
vt 0.815456 0.705788
vt 0.810935 0.708504
vt 0.805497 0.710831
vt 0.808411 0.665482
vt 0.801715 0.662733
vt 0.813854 0.668651
vt 0.818242 0.672245
vt 0.830202 0.678209
vt 0.827367 0.672210
vt 0.831594 0.684488
vt 0.831524 0.690843
vt 0.830086 0.696914
vt 0.827377 0.702496
vt 0.823544 0.707391
vt 0.818698 0.711590
vt 0.812929 0.715186
vt 0.806296 0.718397
vt 0.810670 0.657642
vt 0.802657 0.653692
vt 0.817509 0.661920
vt 0.823095 0.666781
vt 0.838055 0.675248
vt 0.834566 0.667575
vt 0.839666 0.683448
vt 0.839417 0.691721
vt 0.837409 0.699631
vt 0.833841 0.706759
vt 0.828920 0.712903
vt 0.822842 0.718003
vt 0.815778 0.722248
vt 0.808002 0.726193
vt 0.814102 0.649457
vt 0.804901 0.644510
vt 0.822376 0.654653
vt 0.829290 0.660653
vt 0.847724 0.671826
vt 0.843520 0.662151
vt 0.849553 0.682315
vt 0.849007 0.692983
vt 0.846253 0.703090
vt 0.841608 0.712018
vt 0.835426 0.719424
vt 0.827944 0.725250
vt 0.819320 0.729601
vt 0.809824 0.732673
vt 0.818443 0.641044
vt 0.807332 0.637017
vt 0.828578 0.646584
vt 0.837071 0.653672
vt 0.494638 0.672668
vt 0.484639 0.672262
vt 0.500869 0.672188
vt 0.478404 0.671920
vt 0.882516 0.759686
vt 0.897602 0.759686
vt 0.894575 0.739550
vt 0.880596 0.739550
vt 0.912157 0.759686
vt 0.908064 0.739550
vt 0.926600 0.759686
vt 0.921447 0.739550
vt 0.939670 0.759686
vt 0.933559 0.739550
vt 0.772985 0.759686
vt 0.786521 0.759686
vt 0.791639 0.739550
vt 0.779096 0.739550
vt 0.800131 0.759686
vt 0.804252 0.739550
vt 0.812358 0.759686
vt 0.815583 0.739550
vt 0.825814 0.759686
vt 0.828051 0.739550
vt 0.839090 0.759686
vt 0.840355 0.739550
vt 0.853467 0.759686
vt 0.853677 0.739550
vt 0.868155 0.759686
vt 0.867288 0.739550
vt 0.492522 0.405842
vt 0.488491 0.410470
vt 0.490537 0.415106
vt 0.495655 0.414867
vt 0.483134 0.401702
vt 0.483671 0.408808
vt 0.473015 0.405270
vt 0.478481 0.409747
vt 0.469851 0.414277
vt 0.476164 0.414487
vt 0.472516 0.422852
vt 0.477526 0.419689
vt 0.479280 0.427938
vt 0.481529 0.422787
vt 0.487217 0.427894
vt 0.486123 0.422698
vt 0.493431 0.422925
vt 0.489479 0.419817
vt 0.485389 0.413277
vt 0.486353 0.415094
vt 0.483464 0.412509
vt 0.482561 0.418274
vt 0.484524 0.418317
vt 0.485997 0.417071
vt 0.588463 0.518375
vt 0.582757 0.491275
vt 0.570695 0.495881
vt 0.575900 0.516719
vt 0.566828 0.468381
vt 0.559197 0.477783
vt 0.535401 0.454759
vt 0.532256 0.465815
vt 0.516879 0.456777
vt 0.518735 0.470859
vt 0.499636 0.466084
vt 0.505757 0.472895
vt 0.473138 0.492132
vt 0.487052 0.495200
vt 0.470232 0.524442
vt 0.483049 0.521494
vt 0.481714 0.551020
vt 0.492030 0.541298
vt 0.495590 0.565471
vt 0.502472 0.553718
vt 0.521148 0.577834
vt 0.523453 0.564415
vt 0.558234 0.570570
vt 0.554978 0.558762
vt 0.580638 0.549861
vt 0.570313 0.541447
vt 0.564829 0.497612
vt 0.569874 0.516277
vt 0.555378 0.482994
vt 0.532035 0.473987
vt 0.522213 0.478517
vt 0.508946 0.479077
vt 0.495046 0.497752
vt 0.489829 0.519888
vt 0.496198 0.535370
vt 0.506121 0.548829
vt 0.524733 0.556142
vt 0.550366 0.551457
vt 0.565224 0.537461
vt 0.367978 0.622362
vt 0.370326 0.670884
vt 0.354199 0.672557
vt 0.349318 0.623464
vt 0.375342 0.711606
vt 0.360147 0.711872
vt 0.358820 0.757868
vt 0.345021 0.748431
vt 0.342426 0.802453
vt 0.325386 0.791696
vt 0.765206 0.813032
vt 0.741407 0.764660
vt 0.727179 0.778369
vt 0.746954 0.819947
vt 0.641326 0.908115
vt 0.641490 0.939059
vt 0.420575 0.670676
vt 0.420456 0.622477
vt 0.666350 0.911004
vt 0.666413 0.938950
vt 0.420661 0.711339
vt 0.687944 0.900943
vt 0.687880 0.938966
vt 0.420681 0.757066
vt 0.714393 0.889311
vt 0.714168 0.939083
vt 0.420616 0.803564
vt 0.726912 0.840712
vt 0.693998 0.819251
vt 0.843397 0.766143
vt 0.842668 0.814157
vt 0.420952 0.813491
vt 0.420519 0.919310
vt 0.342421 0.919310
vt 0.342421 0.813491
vt 0.325579 0.919310
vt 0.325562 0.813491
vt 0.321004 0.848879
vt 0.320796 0.903364
vt 0.278067 0.903008
vt 0.278421 0.848669
vt 0.367977 0.622359
vt 0.360147 0.711871
vt 0.375344 0.711606
vt 0.342426 0.802456
vt 0.741407 0.764661
vt 0.325574 0.813491
vt 0.325591 0.919310
vt 0.928846 0.238454
vt 0.955163 0.238449
vt 0.958342 0.201882
vt 0.925667 0.201882
vt 0.928846 0.238452
vt 0.955163 0.238456
vt 0.955119 0.169575
vt 0.928798 0.169575
vt 0.293485 0.577328
vt 0.255393 0.577328
vt 0.250861 0.624083
vt 0.298149 0.624083
vt 0.255462 0.677010
vt 0.293548 0.677003
vt 0.595373 0.720752
vt 0.595373 0.727266
vt 0.599532 0.727266
vt 0.599532 0.720752
vt 0.599532 0.713925
vt 0.595373 0.713925
vt 0.856994 0.676371
vt 0.856994 0.692316
vt 0.865952 0.692316
vt 0.865952 0.676370
vt 0.856993 0.669547
vt 0.865952 0.669547
vt 0.561124 0.713515
vt 0.561124 0.720739
vt 0.566061 0.720739
vt 0.566062 0.713515
vt 0.561124 0.707194
vt 0.566061 0.707194
vt 0.603626 0.727267
vt 0.603626 0.720752
vt 0.603626 0.713925
vt 0.874771 0.692316
vt 0.874771 0.676370
vt 0.874771 0.669547
vt 0.570922 0.720739
vt 0.570922 0.713515
vt 0.570922 0.707194
vt 0.607882 0.727266
vt 0.607882 0.720752
vt 0.607882 0.713925
vt 0.883941 0.692316
vt 0.883941 0.676370
vt 0.883941 0.669547
vt 0.575975 0.720739
vt 0.575975 0.713515
vt 0.575975 0.707194
vt 0.612524 0.713925
vt 0.612524 0.720752
vt 0.612524 0.727266
vt 0.893936 0.692316
vt 0.893938 0.676370
vt 0.893936 0.669547
vt 0.581485 0.720739
vt 0.581485 0.713515
vt 0.581485 0.707194
vt 0.616770 0.713925
vt 0.903084 0.692316
vt 0.903084 0.676370
vt 0.903084 0.669547
vt 0.586525 0.720739
vt 0.586525 0.713515
vt 0.586526 0.707194
vt 0.621440 0.713925
vt 0.913145 0.676371
vt 0.913145 0.692316
vt 0.913145 0.669547
vt 0.592071 0.713515
vt 0.592071 0.720739
vt 0.592071 0.707194
vt 0.561124 0.726221
vt 0.566062 0.726221
vt 0.586526 0.726221
vt 0.592071 0.726221
vt 0.581485 0.726221
vt 0.575975 0.726221
vt 0.570922 0.726221
vt 0.592071 0.705581
vt 0.586525 0.705581
vt 0.566061 0.705580
vt 0.561124 0.705581
vt 0.570922 0.705581
vt 0.575975 0.705580
vt 0.581485 0.705581
vt 0.561124 0.727869
vt 0.566062 0.727869
vt 0.586525 0.727869
vt 0.592071 0.727869
vt 0.581485 0.727869
vt 0.575975 0.727869
vt 0.570922 0.727869
vt 0.747637 0.758623
vt 0.756599 0.758623
vt 0.756599 0.747687
vt 0.747637 0.747687
vt 0.634474 0.758623
vt 0.645304 0.758623
vt 0.645304 0.747687
vt 0.634474 0.747687
vt 0.654934 0.758623
vt 0.654934 0.747687
vt 0.665270 0.758623
vt 0.665270 0.747687
vt 0.675491 0.758623
vt 0.675491 0.747687
vt 0.685636 0.758623
vt 0.685636 0.747687
vt 0.695509 0.758623
vt 0.695509 0.747687
vt 0.705178 0.758623
vt 0.705178 0.747687
vt 0.716021 0.758623
vt 0.716021 0.747687
vt 0.726917 0.758623
vt 0.726917 0.747687
vt 0.737640 0.758623
vt 0.737640 0.747687
vt 0.699611 0.737629
vt 0.709390 0.737629
vt 0.709390 0.728639
vt 0.699611 0.728639
vt 0.690890 0.737629
vt 0.690890 0.728639
vt 0.681985 0.737629
vt 0.681985 0.728639
vt 0.672836 0.737629
vt 0.672836 0.728639
vt 0.663617 0.737629
vt 0.663617 0.728639
vt 0.654295 0.737629
vt 0.654295 0.728639
vt 0.645609 0.737629
vt 0.645609 0.728639
vt 0.635841 0.737629
vt 0.635841 0.728639
vt 0.737905 0.737629
vt 0.745988 0.737629
vt 0.745988 0.728639
vt 0.737905 0.728639
vt 0.728889 0.737629
vt 0.728889 0.728639
vt 0.719217 0.737629
vt 0.719217 0.728639
vt 0.586105 0.759121
vt 0.595477 0.759121
vt 0.595477 0.731390
vt 0.586105 0.731390
vt 0.577747 0.759121
vt 0.577747 0.731390
vt 0.569212 0.759121
vt 0.569212 0.731390
vt 0.560443 0.759121
vt 0.560443 0.731390
vt 0.551607 0.759121
vt 0.551607 0.731390
vt 0.542673 0.759121
vt 0.542673 0.731390
vt 0.534348 0.759121
vt 0.534348 0.731390
vt 0.524987 0.759121
vt 0.524987 0.731390
vt 0.622807 0.759121
vt 0.630554 0.759121
vt 0.630554 0.731390
vt 0.622807 0.731390
vt 0.614165 0.759121
vt 0.614165 0.731390
vt 0.604896 0.759121
vt 0.604896 0.731390
vt 0.756599 0.743685
vt 0.747637 0.743685
vt 0.645304 0.743685
vt 0.634474 0.743685
vt 0.654934 0.743685
vt 0.665270 0.743685
vt 0.675491 0.743685
vt 0.685636 0.743685
vt 0.695509 0.743685
vt 0.705178 0.743685
vt 0.716021 0.743685
vt 0.726917 0.743685
vt 0.737640 0.743685
vt 0.699611 0.740018
vt 0.709390 0.740018
vt 0.690890 0.740018
vt 0.681985 0.740018
vt 0.672836 0.740018
vt 0.663617 0.740018
vt 0.654295 0.740018
vt 0.645609 0.740018
vt 0.635841 0.740018
vt 0.737905 0.740018
vt 0.745988 0.740018
vt 0.728889 0.740018
vt 0.719217 0.740018
vt 0.745988 0.723912
vt 0.737905 0.723912
vt 0.645609 0.723912
vt 0.635841 0.723912
vt 0.654295 0.723912
vt 0.663617 0.723912
vt 0.672836 0.723912
vt 0.681985 0.723912
vt 0.690890 0.723912
vt 0.699611 0.723912
vt 0.709390 0.723912
vt 0.719217 0.723912
vt 0.728889 0.723912
vt 0.972643 0.711952
vt 0.585126 0.660273
vt 0.968933 0.602040
vt 0.990302 0.602040
vt 0.832599 0.220025
vt 0.832599 0.242946
vt 0.743574 0.004685
vt 0.874107 0.088298
vt 0.874107 0.147522
vt 0.887681 0.834634
vt 0.872827 0.839011
vt 0.877263 0.993981
vt 0.889869 0.995168
vt 0.862885 0.858991
vt 0.868188 0.873530
vt 0.914042 0.872083
vt 0.920439 0.856190
vt 0.914115 0.980316
vt 0.911058 0.972195
vt 0.868396 0.971865
vt 0.865750 0.979998
vt 0.905493 0.835033
vt 0.902012 0.994943
vt 0.875440 0.921242
vt 0.903952 0.919621
vt 0.913021 0.919889
vt 0.866390 0.921260
vt 0.699648 0.948281
vt 0.703024 0.963093
vt 0.862856 0.959286
vt 0.861806 0.945918
vt 0.730020 0.993369
vt 0.738191 0.987277
vt 0.738020 0.932516
vt 0.729094 0.925627
vt 0.862882 0.974810
vt 0.705509 0.977442
vt 0.778391 0.975353
vt 0.779001 0.945164
vt 0.779225 0.932086
vt 0.778187 0.988191
vt 0.840872 0.929298
vt 0.827900 0.934040
vt 0.829627 0.988919
vt 0.842546 0.993311
vt 0.964984 0.833800
vt 0.951820 0.836633
vt 0.990713 0.968848
vt 0.984178 0.962364
vt 0.932031 0.956549
vt 0.925678 0.966767
vt 0.928983 0.858811
vt 0.933210 0.865106
vt 0.981805 0.859541
vt 0.985608 0.851314
vt 0.938975 0.992992
vt 0.940448 0.839911
vt 0.932698 0.907687
vt 0.944597 0.907822
vt 0.983276 0.912869
vt 0.971340 0.913129
vt 0.263387 0.820968
vt 0.260536 0.830772
vt 0.256313 0.814849
vt 0.246400 0.818415
vt 0.243450 0.828163
vt 0.250511 0.834400
vt 0.263341 0.817739
vt 0.260016 0.829144
vt 0.255109 0.810639
vt 0.243571 0.814783
vt 0.240112 0.826113
vt 0.248325 0.833374
vt 0.260162 0.815582
vt 0.257240 0.825524
vt 0.252981 0.809384
vt 0.242889 0.813007
vt 0.239864 0.822891
vt 0.247031 0.829211
vt 0.273779 0.846308
vt 0.268600 0.851651
vt 0.275811 0.837484
vt 0.272655 0.834114
vt 0.267535 0.839468
vt 0.265509 0.848181
vt 0.270482 0.845127
vt 0.264499 0.851328
vt 0.272847 0.834896
vt 0.269220 0.831016
vt 0.263314 0.837231
vt 0.260958 0.847313
vt 0.266182 0.842857
vt 0.261006 0.848258
vt 0.268246 0.833980
vt 0.265129 0.830614
vt 0.260012 0.836023
vt 0.257954 0.844789
vt 0.610201 0.993026
vt 0.622646 0.997530
vt 0.635725 0.994072
vt 0.644223 0.983536
vt 0.638750 0.981532
vt 0.644854 0.970053
vt 0.637480 0.958808
vt 0.624946 0.954015
vt 0.611984 0.957453
vt 0.603448 0.967843
vt 0.602536 0.981548
vt 0.223917 0.932574
vt 0.232999 0.932574
vt 0.233000 0.920753
vt 0.223917 0.920753
vt 0.242220 0.932574
vt 0.242221 0.920753
vt 0.251160 0.932574
vt 0.251160 0.920753
vt 0.260035 0.932574
vt 0.260035 0.920753
vt 0.268544 0.932574
vt 0.268544 0.920753
vt 0.277163 0.932574
vt 0.277163 0.920753
vt 0.207906 0.932574
vt 0.215683 0.932574
vt 0.215684 0.920753
vt 0.207906 0.920753
vt 0.515161 0.920274
vt 0.508480 0.920274
vt 0.513159 0.935389
vt 0.482685 0.920274
vt 0.482685 0.935389
vt 0.843661 0.831557
vt 0.819500 0.827674
vt 0.819713 0.842626
vt 0.821588 0.854563
vt 0.820635 0.869631
vt 0.838933 0.868515
vt 0.783801 0.855202
vt 0.763696 0.873734
vt 0.786416 0.871830
vt 0.782820 0.842597
vt 0.783786 0.825691
vt 0.759320 0.826753
vt 0.802566 0.854047
vt 0.803938 0.869997
vt 0.801575 0.826974
vt 0.800737 0.842863
vt 0.542787 0.946218
vt 0.536571 0.965426
vt 0.542788 0.984598
vt 0.559123 0.996488
vt 0.579316 0.996466
vt 0.595626 0.984618
vt 0.601901 0.965425
vt 0.595647 0.946198
vt 0.579308 0.934361
vt 0.559139 0.934348
vt 0.782819 0.842597
vt 0.224206 0.989148
vt 0.238950 0.989148
vt 0.238950 0.961720
vt 0.224206 0.961720
vt 0.255949 0.989148
vt 0.255949 0.961720
vt 0.272788 0.989148
vt 0.272788 0.961720
vt 0.288974 0.989148
vt 0.288974 0.961720
vt 0.306463 0.989148
vt 0.306463 0.961720
vt 0.323231 0.989148
vt 0.323231 0.961720
vt 0.339239 0.989148
vt 0.339239 0.961720
vt 0.355049 0.989148
vt 0.355049 0.961720
vt 0.368223 0.989148
vt 0.368223 0.961720
vt 0.207121 0.989148
vt 0.207121 0.961720
vt 0.207395 0.958377
vt 0.221277 0.958377
vt 0.221277 0.940272
vt 0.207395 0.940272
vt 0.236980 0.958377
vt 0.236980 0.940272
vt 0.252534 0.958377
vt 0.252534 0.940272
vt 0.267492 0.958377
vt 0.267492 0.940272
vt 0.282960 0.958377
vt 0.282960 0.940272
vt 0.297506 0.958377
vt 0.297506 0.940272
vt 0.312107 0.958377
vt 0.312107 0.940272
vt 0.326609 0.958377
vt 0.326609 0.940272
vt 0.340477 0.958377
vt 0.340477 0.940272
vt 0.353511 0.958377
vt 0.353511 0.940272
vt 0.244109 0.761706
vt 0.254564 0.761442
vt 0.254755 0.752994
vt 0.243283 0.752660
vt 0.265432 0.762039
vt 0.265848 0.753583
vt 0.276282 0.763408
vt 0.277002 0.753908
vt 0.286803 0.765604
vt 0.288526 0.754549
vt 0.296804 0.768765
vt 0.300125 0.756467
vt 0.246936 0.782374
vt 0.254690 0.781015
vt 0.262737 0.781821
vt 0.270448 0.784814
vt 0.277369 0.789342
vt 0.283527 0.794494
vt 0.248280 0.806800
vt 0.253085 0.805996
vt 0.257812 0.806614
vt 0.262222 0.808685
vt 0.266210 0.811780
vt 0.269832 0.815302
vt 0.792508 0.888345
vt 0.799010 0.924296
vt 0.783049 0.885021
vt 0.755406 0.909143
vt 0.780759 0.882646
vt 0.747574 0.894536
vt 0.433241 0.397430
vt 0.456386 0.397430
vt 0.325524 0.397430
vt 0.351838 0.397430
vt 0.371053 0.397430
vt 0.390364 0.397430
vt 0.412002 0.397430
vt 0.433587 0.254843
vt 0.445877 0.254833
vt 0.445709 0.192432
vt 0.434165 0.192550
vt 0.422955 0.254845
vt 0.424181 0.192806
vt 0.410655 0.254588
vt 0.412743 0.193408
vt 0.390056 0.254089
vt 0.391217 0.194966
vt 0.458216 0.255010
vt 0.468927 0.254922
vt 0.467250 0.192560
vt 0.457255 0.192394
vt 0.444716 0.005849
vt 0.427037 0.006031
vt 0.411726 0.006585
vt 0.394088 0.008055
vt 0.371787 0.010630
vt 0.478706 0.193054
vt 0.500278 0.194393
vt 0.517699 0.009834
vt 0.495369 0.007501
vt 0.477713 0.006223
vt 0.462396 0.005837
vt 0.390363 0.397430
vt 0.505253 0.397430
vt 0.505253 0.347763
vt 0.478889 0.397430
vt 0.458216 0.255011
vt 0.467249 0.192560
vt 0.481304 0.254550
vt 0.502013 0.253817
vt 0.500278 0.194392
vt 0.325523 0.334431
vt 0.325523 0.347763
vt 0.505253 0.334431
vt 0.517699 0.009835
vt 0.573963 0.010867
vt 0.546586 0.196227
vt 0.546586 0.196228
vt 0.546788 0.255153
vt 0.559262 0.334313
vt 0.505244 0.334437
vt 0.433234 0.397436
vt 0.456379 0.397436
vt 0.456379 0.347769
vt 0.478881 0.397436
vt 0.478881 0.347769
vt 0.325517 0.397436
vt 0.351830 0.397436
vt 0.371046 0.397436
vt 0.390356 0.397436
vt 0.411994 0.397436
vt 0.433579 0.254849
vt 0.445870 0.254839
vt 0.445702 0.192438
vt 0.434159 0.192556
vt 0.422947 0.254850
vt 0.424174 0.192811
vt 0.410648 0.254593
vt 0.412736 0.193413
vt 0.390049 0.254094
vt 0.391210 0.194972
vt 0.481297 0.254555
vt 0.502006 0.253823
vt 0.500270 0.194399
vt 0.478698 0.193060
vt 0.468920 0.254927
vt 0.467242 0.192566
vt 0.458209 0.255016
vt 0.457247 0.192400
vt 0.478881 0.334437
vt 0.444709 0.005856
vt 0.427029 0.006038
vt 0.411720 0.006592
vt 0.394081 0.008062
vt 0.371780 0.010637
vt 0.517692 0.009840
vt 0.495361 0.007508
vt 0.477706 0.006230
vt 0.462389 0.005844
vt 0.573080 0.111794
vt 0.617867 0.111794
vt 0.617853 0.089806
vt 0.573071 0.089806
vt 0.623897 0.111794
vt 0.647030 0.111794
vt 0.647029 0.089806
vt 0.623887 0.089806
vt 0.670910 0.111794
vt 0.670920 0.089806
vt 0.616463 0.083451
vt 0.573144 0.083451
vt 0.624826 0.083451
vt 0.647085 0.083451
vt 0.669990 0.083451
vt 0.573159 0.118205
vt 0.616489 0.118205
vt 0.647086 0.118205
vt 0.669977 0.118205
vt 0.624841 0.118205
vt 0.721801 0.089806
vt 0.678175 0.089806
vt 0.678162 0.111794
vt 0.721792 0.111794
vt 0.721708 0.083451
vt 0.679462 0.083451
vt 0.679434 0.118205
vt 0.721693 0.118205
vt 0.715725 0.056066
vt 0.715723 0.032352
vt 0.682043 0.032352
vt 0.682041 0.056066
vt 0.715726 0.078252
vt 0.682040 0.078251
vt 0.710043 0.029956
vt 0.687722 0.029957
vt 0.687718 0.080599
vt 0.710048 0.080599
vt 0.715724 0.056066
vt 0.682043 0.032353
vt 0.715722 0.032353
vt 0.715725 0.078251
vt 0.710043 0.029957
vt 0.687723 0.029957
vt 0.202559 0.197150
vt 0.202544 0.207042
vt 0.180225 0.157496
vt 0.168351 0.158737
vt 0.169209 0.175931
vt 0.179621 0.174454
vt 0.181754 0.189784
vt 0.187389 0.183595
vt 0.203120 0.194920
vt 0.202461 0.187693
vt 0.180231 0.157515
vt 0.179629 0.174456
vt 0.169227 0.175931
vt 0.168368 0.158755
vt 0.187388 0.183587
vt 0.181758 0.189769
vt 0.202444 0.187681
vt 0.203102 0.194901
vt 0.144716 0.126890
vt 0.143601 0.143303
vt 0.153187 0.143957
vt 0.155341 0.127980
vt 0.166833 0.147117
vt 0.167453 0.130088
vt 0.156468 0.130088
vt 0.157086 0.147117
vt 0.143677 0.162180
vt 0.151780 0.162337
vt 0.166138 0.159930
vt 0.157899 0.159930
vt 0.145001 0.185061
vt 0.150461 0.185078
vt 0.164736 0.176598
vt 0.157603 0.176598
vt 0.166909 0.908600
vt 0.166909 0.944868
vt 0.201591 0.944868
vt 0.201591 0.908600
vt 0.166909 0.981830
vt 0.201591 0.981830
vt 0.168368 0.158754
vt 0.151778 0.162337
vt 0.157900 0.159930
vt 0.890755 0.733858
vt 0.898922 0.733858
vt 0.898869 0.702745
vt 0.891741 0.702745
vt 0.907283 0.733858
vt 0.906193 0.702745
vt 0.915853 0.733858
vt 0.913663 0.702745
vt 0.924218 0.733858
vt 0.920871 0.702745
vt 0.932056 0.733858
vt 0.927442 0.702745
vt 0.849772 0.733858
vt 0.857324 0.733858
vt 0.862545 0.702745
vt 0.856201 0.702745
vt 0.865355 0.733858
vt 0.869515 0.702745
vt 0.873860 0.733858
vt 0.876967 0.702745
vt 0.882431 0.733858
vt 0.884482 0.702745
vt 0.877212 0.695801
vt 0.869967 0.695801
vt 0.863093 0.695801
vt 0.855827 0.695801
vt 0.927610 0.695801
vt 0.919918 0.695801
vt 0.912946 0.695801
vt 0.906382 0.695801
vt 0.899676 0.695801
vt 0.892485 0.695801
vt 0.884848 0.695801
vt 0.890755 0.733859
vt 0.898921 0.733859
vt 0.898869 0.702746
vt 0.891741 0.702746
vt 0.907283 0.733859
vt 0.906193 0.702746
vt 0.915852 0.733859
vt 0.913663 0.702746
vt 0.924219 0.733859
vt 0.920872 0.702746
vt 0.932056 0.733859
vt 0.927442 0.702746
vt 0.849772 0.733859
vt 0.857325 0.733859
vt 0.862545 0.702746
vt 0.856201 0.702746
vt 0.865356 0.733859
vt 0.869515 0.702746
vt 0.873860 0.733859
vt 0.876967 0.702746
vt 0.882430 0.733859
vt 0.884482 0.702746
vt 0.877212 0.695802
vt 0.869967 0.695802
vt 0.863093 0.695802
vt 0.855827 0.695802
vt 0.927610 0.695802
vt 0.919918 0.695802
vt 0.912946 0.695802
vt 0.906382 0.695802
vt 0.899675 0.695802
vt 0.892485 0.695802
vt 0.884849 0.695802
vt 0.532627 0.915094
vt 0.692740 0.609015
vt 0.717206 0.609015
vt 0.717206 0.593044
vt 0.692740 0.593044
vt 0.742813 0.609015
vt 0.742813 0.593044
vt 0.765585 0.609015
vt 0.765585 0.593044
vt 0.790694 0.609015
vt 0.790694 0.593044
vt 0.814694 0.609015
vt 0.814694 0.593044
vt 0.842015 0.609015
vt 0.842015 0.593044
vt 0.867997 0.609015
vt 0.867997 0.593044
vt 0.893928 0.609015
vt 0.893928 0.593044
vt 0.918320 0.609015
vt 0.918320 0.593044
vt 0.939929 0.609015
vt 0.939929 0.593044
vt 0.692740 0.557075
vt 0.717206 0.557075
vt 0.717206 0.549366
vt 0.692740 0.549445
vt 0.742813 0.557075
vt 0.742813 0.549430
vt 0.765585 0.557075
vt 0.765585 0.549427
vt 0.790694 0.557075
vt 0.790694 0.549449
vt 0.814694 0.557075
vt 0.814694 0.549420
vt 0.842015 0.557075
vt 0.842015 0.549403
vt 0.867997 0.557075
vt 0.867997 0.549417
vt 0.893928 0.557075
vt 0.893928 0.549408
vt 0.918320 0.557075
vt 0.918320 0.549438
vt 0.939929 0.557075
vt 0.939929 0.549388
vt 0.717206 0.539500
vt 0.692740 0.539500
vt 0.742813 0.539500
vt 0.765585 0.539500
vt 0.790694 0.539500
vt 0.814694 0.539500
vt 0.842015 0.539500
vt 0.867997 0.539500
vt 0.893928 0.539500
vt 0.918320 0.539500
vt 0.939929 0.539500
vt 0.867997 0.575341
vt 0.893928 0.575341
vt 0.842015 0.575341
vt 0.814694 0.575341
vt 0.790694 0.575341
vt 0.765585 0.575341
vt 0.742813 0.575341
vt 0.717206 0.575341
vt 0.692740 0.575341
vt 0.918320 0.575341
vt 0.939929 0.575341
vt 0.692520 0.407616
vt 0.692520 0.438477
vt 0.725542 0.438477
vt 0.725542 0.407616
vt 0.725542 0.502057
vt 0.725542 0.470710
vt 0.692520 0.470710
vt 0.692520 0.502057
vt 0.692520 0.453555
vt 0.725542 0.453555
vt 0.692520 0.518117
vt 0.692520 0.533770
vt 0.725542 0.533770
vt 0.725542 0.518117
vt 0.729861 0.438477
vt 0.729861 0.407616
vt 0.729861 0.453555
vt 0.729861 0.502057
vt 0.729861 0.470710
vt 0.729861 0.533770
vt 0.729861 0.518117
vt 0.734306 0.534676
vt 0.783426 0.534676
vt 0.783469 0.485554
vt 0.734878 0.485438
vt 0.832497 0.535082
vt 0.832123 0.485559
vt 0.783453 0.436543
vt 0.734464 0.436118
vt 0.832472 0.436098
vt 0.872792 0.613786
vt 0.853734 0.612237
vt 0.853944 0.628134
vt 0.870679 0.629661
vt 0.835799 0.613290
vt 0.838282 0.628773
vt 0.967861 0.746371
vt 0.969147 0.727937
vt 0.954108 0.728889
vt 0.952982 0.745012
vt 0.967303 0.710321
vt 0.952588 0.713255
vt 0.962781 0.693028
vt 0.948703 0.697853
vt 0.955664 0.677432
vt 0.942633 0.684041
vt 0.946876 0.660263
vt 0.935073 0.669134
vt 0.935251 0.646255
vt 0.924899 0.657066
vt 0.921006 0.634921
vt 0.912418 0.647359
vt 0.904397 0.625334
vt 0.897971 0.639224
vt 0.889902 0.617976
vt 0.885409 0.633104
vt 0.901593 0.655573
vt 0.912975 0.663108
vt 0.922153 0.673181
vt 0.928680 0.686158
vt 0.933454 0.698178
vt 0.936531 0.711408
vt 0.937902 0.724912
vt 0.937623 0.739175
vt 0.835075 0.645702
vt 0.848902 0.644436
vt 0.863596 0.644341
vt 0.876775 0.645744
vt 0.888347 0.649729
vt 0.962965 0.664735
vt 0.886088 0.455685
vt 0.908393 0.456087
vt 0.905257 0.438109
vt 0.894941 0.438976
vt 0.887521 0.462014
vt 0.884886 0.480072
vt 0.907170 0.479053
vt 0.897857 0.462595
vt 0.847207 0.533353
vt 0.855382 0.534309
vt 0.855548 0.527683
vt 0.848043 0.526833
vt 0.862861 0.534750
vt 0.862763 0.528041
vt 0.870463 0.534212
vt 0.870024 0.527636
vt 0.878425 0.532921
vt 0.877410 0.526607
vt 0.886229 0.530982
vt 0.884225 0.525367
vt 0.838944 0.531680
vt 0.840988 0.525864
vt 0.852208 0.453817
vt 0.962381 0.379198
vt 0.953391 0.379190
vt 0.953390 0.413333
vt 0.962382 0.413326
vt 0.917809 0.379193
vt 0.908728 0.379195
vt 0.908738 0.413338
vt 0.917814 0.413327
vt 0.926085 0.379194
vt 0.926086 0.413331
vt 0.934492 0.379190
vt 0.934492 0.413330
vt 0.943951 0.379193
vt 0.943950 0.413327
vt 0.868850 0.504464
vt 0.875480 0.503975
vt 0.874188 0.479446
vt 0.868089 0.479673
vt 0.862513 0.504601
vt 0.862369 0.479702
vt 0.856262 0.504404
vt 0.856737 0.479596
vt 0.849604 0.504006
vt 0.850631 0.479418
vt 0.843080 0.503581
vt 0.844681 0.479216
vt 0.881858 0.503313
vt 0.880025 0.479065
vt 0.873834 0.461243
vt 0.867888 0.461225
vt 0.862304 0.461148
vt 0.856808 0.461156
vt 0.850857 0.461215
vt 0.845260 0.461190
vt 0.879332 0.461065
vt 0.869830 0.402958
vt 0.889269 0.401140
vt 0.887019 0.394049
vt 0.865905 0.392227
vt 0.838928 0.405387
vt 0.852082 0.404251
vt 0.842487 0.424429
vt 0.855934 0.421234
vt 0.874402 0.417067
vt 0.892210 0.410176
vt 0.879060 0.431597
vt 0.896100 0.422242
vt 0.874402 0.417068
vt 0.888298 0.385681
vt 0.868699 0.380390
vt 0.886975 0.440720
vt 0.900786 0.429337
vt 0.633364 0.720187
vt 0.638579 0.720186
vt 0.638579 0.712444
vt 0.633364 0.712444
vt 0.644023 0.720186
vt 0.644023 0.712444
vt 0.649218 0.720186
vt 0.649218 0.712444
vt 0.654439 0.720187
vt 0.654439 0.712444
vt 0.659886 0.720187
vt 0.659886 0.712444
vt 0.664767 0.720187
vt 0.664767 0.712444
vt 0.669811 0.720187
vt 0.669811 0.712444
vt 0.674133 0.720187
vt 0.674133 0.712444
vt 0.678858 0.720187
vt 0.678858 0.712444
vt 0.628491 0.720187
vt 0.628491 0.712444
vt 0.792183 0.720849
vt 0.787280 0.722822
vt 0.792578 0.733394
vt 0.798474 0.732060
vt 0.781962 0.724601
vt 0.783205 0.735394
vt 0.776964 0.725977
vt 0.777420 0.736479
vt 0.772509 0.726942
vt 0.772195 0.738293
vt 0.768639 0.727374
vt 0.767334 0.739780
vt 0.765173 0.727165
vt 0.762744 0.740196
vt 0.761857 0.726292
vt 0.758332 0.739158
vt 0.758568 0.724783
vt 0.754157 0.736648
vt 0.755269 0.722753
vt 0.750471 0.733127
vt 0.796793 0.718681
vt 0.804814 0.731182
vt 0.784474 0.708630
vt 0.781942 0.710985
vt 0.778738 0.712706
vt 0.775456 0.713462
vt 0.772572 0.713380
vt 0.770099 0.712831
vt 0.767818 0.712139
vt 0.765544 0.711481
vt 0.763215 0.710934
vt 0.760759 0.710454
vt 0.786309 0.706096
vt 0.778292 0.701635
vt 0.777305 0.703052
vt 0.775945 0.704020
vt 0.774335 0.704328
vt 0.772685 0.704039
vt 0.771079 0.703415
vt 0.769474 0.702737
vt 0.767834 0.702192
vt 0.766168 0.701851
vt 0.764476 0.701658
vt 0.779008 0.700064
vt 0.754541 0.691970
vt 0.765745 0.698617
vt 0.751732 0.687455
vt 0.751968 0.674424
vt 0.754373 0.689200
vt 0.764915 0.683031
s 1
f 1/1/1 2/2/1 3/3/1
f 4/4/1 5/5/1 1/1/1
f 1/1/1 5/5/1 2/2/1
f 44/6/2 45/7/2 46/8/2
f 50/9/2 51/10/2 52/11/2
f 53/12/2 54/13/2 55/14/2
f 56/15/1 57/16/1 58/17/1
f 59/15/1 60/17/1 61/16/1
f 98/18/3 99/19/3 100/20/4
f 101/21/3 102/22/4 103/23/4
f 224/24/2 225/25/2 226/26/2
f 227/24/2 228/25/2 229/26/2
f 230/27/2 231/28/2 232/29/2
f 233/30/2 234/31/2 235/32/2
f 236/33/2 235/32/2 237/34/2
f 238/35/5 239/36/5 240/37/5
f 241/38/5 238/35/5 242/39/5
f 243/30/2 244/31/2 245/32/2
f 246/33/2 245/32/2 247/34/2
f 248/35/5 249/36/5 250/37/5
f 251/38/5 248/35/5 252/39/5
f 253/30/2 254/32/2 255/31/2
f 256/33/2 257/34/2 254/32/2
f 258/35/5 259/37/5 260/36/5
f 261/38/5 262/39/5 258/35/5
f 263/40/6 264/41/6 265/42/6
f 266/43/7 267/44/7 268/45/7
f 269/40/6 270/41/6 271/42/6
f 272/43/7 273/44/7 274/45/7
f 275/40/6 276/41/6 277/42/6
f 278/40/7 279/42/7 280/41/7
f 281/40/6 282/41/6 283/42/6
f 284/40/7 285/42/7 286/41/7
f 287/46/8 288/47/9 289/48/8
f 290/49/8 291/50/10 292/51/8
f 293/52/11 294/47/12 295/53/11
f 296/49/13 297/50/13 298/51/11
f 313/54/14 314/55/14 315/56/14
f 328/57/15 329/58/16 330/59/16
f 334/57/17 335/58/18 336/59/19
f 337/57/20 338/59/21 339/58/22
f 344/60/23 4311/61/23 4310/62/23
f 344/60/23 4310/62/23 345/63/23
f 346/64/24 4476/60/24 4475/63/24
f 346/64/24 4475/63/24 347/65/24
f 4106/60/25 348/64/25 349/65/25
f 4106/60/25 349/65/25 4105/63/25
f 350/66/1 351/67/1 352/68/1
f 350/66/1 352/68/1 353/69/1
f 354/68/1 355/67/1 356/66/1
f 354/68/1 357/69/1 360/70/1
f 354/68/1 360/70/1 361/71/1
f 362/72/1 354/68/1 361/71/1
f 362/72/1 361/71/1 363/73/1
f 353/69/1 352/68/1 364/71/1
f 352/68/1 362/72/1 363/73/1
f 352/68/1 363/73/1 364/71/1
f 366/74/6 367/75/6 368/76/6
f 366/74/6 368/76/6 369/77/6
f 3602/78/6 398/79/6 399/80/6
f 3602/78/6 399/80/6 3599/81/6
f 3599/81/6 399/80/6 404/82/6
f 3599/81/6 404/82/6 3601/83/6
f 3601/83/6 404/82/6 409/84/6
f 3601/83/6 409/84/6 3603/85/6
f 3603/85/6 414/86/6 3600/87/6
f 4193/88/26 4191/89/26 423/90/26
f 4193/88/26 423/90/26 424/91/26
f 4240/92/27 4218/93/27 4217/94/27
f 4240/92/27 4217/94/27 4239/95/27
f 429/96/28 431/97/29 432/98/28
f 429/96/28 432/98/28 433/99/28
f 429/96/28 433/99/28 434/100/28
f 4200/101/30 4234/102/30 447/103/30
f 4199/101/31 458/103/31 4232/102/31
f 462/104/32 463/105/32 4138/106/32
f 462/104/32 4138/106/32 4174/107/32
f 4137/105/33 465/108/33 4127/109/33
f 4137/105/33 4127/109/33 4139/106/33
f 466/110/34 467/111/34 468/112/34
f 470/113/35 4456/110/35 4473/114/35
f 472/115/36 4448/113/36 4472/116/36
f 472/115/36 4472/116/36 473/117/36
f 474/118/37 4459/115/37 4474/117/37
f 474/118/37 4474/117/37 475/119/37
f 476/120/38 4465/118/39 4478/119/38
f 476/120/38 4478/119/38 477/121/40
f 4462/111/41 478/122/41 479/123/41
f 4462/111/41 479/123/41 4477/112/41
f 480/124/42 481/125/42 482/126/42
f 480/124/42 482/126/42 483/127/42
f 484/128/42 482/126/42 481/125/42
f 484/128/42 481/125/42 485/129/42
f 4238/130/43 558/131/43 559/132/44
f 4238/130/43 559/132/44 4246/133/44
f 560/134/45 561/135/46 562/136/45
f 560/134/45 562/136/45 563/137/45
f 4238/130/43 564/138/43 558/131/43
f 563/137/45 562/136/45 565/139/45
f 563/137/45 565/139/45 566/140/45
f 4222/141/43 4213/142/43 567/143/43
f 4222/141/43 567/143/43 564/138/43
f 568/133/45 570/131/46 571/130/46
f 4214/144/43 4224/145/43 572/135/43
f 4214/144/43 572/135/43 573/146/47
f 571/130/46 570/131/46 574/138/45
f 571/130/46 574/138/45 575/147/45
f 4224/145/43 4236/137/43 576/136/43
f 575/147/45 574/138/45 577/143/48
f 575/147/45 577/143/48 578/142/48
f 4236/137/43 4247/140/44 579/139/44
f 4236/137/43 579/139/44 576/136/43
f 560/134/45 580/148/48 581/146/48
f 560/134/45 581/146/48 561/135/46
f 589/149/49 4460/115/49 4466/118/49
f 4430/150/50 591/151/50 4449/113/50
f 4430/150/50 4449/113/50 4461/115/50
f 4426/151/51 592/152/51 4457/110/51
f 4426/151/51 4457/110/51 4450/113/51
f 4429/152/52 593/153/52 4463/111/52
f 4429/152/52 4463/111/52 4458/110/52
f 4435/153/53 4469/122/53 4464/111/54
f 595/154/55 4436/149/56 4467/118/55
f 627/155/57 628/156/57 629/157/57
f 627/155/57 629/157/57 624/158/57
f 638/159/58 639/160/58 640/161/58
f 644/162/59 645/163/59 646/164/59
f 644/162/59 646/164/59 647/165/59
f 654/160/60 655/159/61 656/166/62
f 654/160/60 656/166/62 657/161/63
f 660/163/64 662/165/65 663/164/66
f 682/167/1 683/168/1 684/169/1
f 4248/170/67 4291/169/67 686/171/67
f 4248/170/67 686/171/67 687/172/67
f 688/173/68 689/174/68 4278/168/68
f 688/173/68 4278/168/68 4244/167/68
f 692/175/69 4245/167/69 4249/170/69
f 692/175/69 4249/170/69 693/176/69
f 694/177/1 695/178/1 696/179/1
f 694/177/1 696/179/1 697/180/1
f 4341/180/70 4377/179/70 698/181/70
f 4341/180/70 698/181/70 699/182/70
f 700/183/71 701/184/71 4379/178/71
f 700/183/71 4379/178/71 4339/177/71
f 4380/178/72 702/185/72 703/186/72
f 4380/178/72 703/186/72 4378/179/72
f 704/187/73 4342/180/73 705/188/73
f 722/189/74 723/190/74 724/191/74
f 722/189/74 724/191/74 725/192/74
f 726/193/75 727/194/75 4494/195/75
f 726/193/75 4494/195/75 4425/196/75
f 740/197/1 741/198/1 742/199/1
f 740/197/1 742/199/1 743/200/1
f 743/200/1 742/199/1 748/201/1
f 743/200/1 748/201/1 749/202/1
f 752/197/1 753/200/1 754/199/1
f 753/200/1 760/202/1 761/201/1
f 764/203/1 765/204/1 766/205/1
f 764/203/1 766/205/1 767/206/1
f 4110/206/76 4471/205/76 768/207/76
f 4110/206/76 768/207/76 769/208/76
f 770/209/77 771/210/77 4468/204/77
f 770/209/77 4468/204/77 4115/203/77
f 776/211/78 777/212/78 778/213/78
f 776/211/78 778/213/78 779/214/78
f 780/215/79 4123/216/79 4087/217/79
f 780/215/79 4087/217/79 781/218/79
f 46/8/2 45/7/2 48/219/2
f 46/8/2 48/219/2 47/220/2
f 822/221/6 823/222/6 4670/12/6
f 822/221/6 4670/12/6 4672/14/6
f 824/223/6 822/221/6 4672/14/6
f 824/223/6 4672/14/6 4673/10/6
f 825/224/6 824/223/6 4673/10/6
f 825/224/6 4673/10/6 4674/9/6
f 826/225/7 827/226/7 3575/220/7
f 826/225/7 3575/220/7 3573/227/7
f 827/226/7 828/228/7 3576/8/7
f 827/226/7 3576/8/7 3575/220/7
f 828/228/7 3577/6/7 3576/8/7
f 44/6/2 50/9/2 52/11/2
f 49/227/2 48/219/2 54/13/2
f 49/227/2 54/13/2 53/12/2
f 830/229/80 3574/227/80 4671/12/80
f 830/229/80 4671/12/80 831/230/80
f 3578/6/1 832/231/1 833/232/1
f 3578/6/1 833/232/1 4675/9/1
f 54/13/2 52/11/2 51/10/2
f 54/13/2 51/10/2 55/14/2
f 834/233/81 835/234/81 836/235/81
f 834/233/81 836/235/81 837/236/81
f 4525/234/1 838/237/1 839/238/1
f 4525/234/1 839/238/1 840/239/1
f 841/240/82 4523/239/82 4500/238/82
f 841/240/82 4500/238/82 842/241/82
f 843/242/83 4515/237/83 4526/234/83
f 843/242/83 4526/234/83 4524/233/83
f 844/233/84 845/236/84 846/243/84
f 844/233/84 846/243/84 847/234/84
f 4063/234/1 848/244/1 849/238/1
f 4063/234/1 849/238/1 850/237/1
f 851/240/85 852/241/85 4083/238/85
f 851/240/85 4083/238/85 4067/244/85
f 853/242/86 4062/233/86 4064/234/86
f 853/242/86 4064/234/86 4071/237/86
f 854/245/1 855/246/1 856/247/1
f 854/245/1 856/247/1 857/248/1
f 56/15/1 58/17/1 855/246/1
f 56/15/1 858/249/1 859/250/1
f 56/15/1 859/250/1 57/16/1
f 57/16/1 860/251/1 861/252/1
f 862/245/1 863/248/1 864/247/1
f 862/245/1 864/247/1 865/246/1
f 59/15/1 862/245/1 865/246/1
f 59/15/1 865/246/1 60/17/1
f 59/15/1 61/16/1 866/250/1
f 61/16/1 60/17/1 868/252/1
f 61/16/1 868/252/1 869/251/1
f 857/248/1 856/247/1 870/253/1
f 864/247/1 863/248/1 871/254/1
f 864/247/1 871/254/1 870/253/1
f 872/255/87 873/256/87 874/257/87
f 872/255/87 874/257/87 875/258/87
f 880/259/88 4479/255/88 4480/258/88
f 880/259/88 4480/258/88 881/260/88
f 886/261/89 887/262/89 888/263/89
f 886/261/89 888/263/89 889/264/89
f 4492/265/90 894/266/90 895/267/90
f 4492/265/90 895/267/90 4493/268/90
f 4427/266/91 4481/259/91 4482/260/91
f 4427/266/91 4482/260/91 4428/267/91
f 4408/256/92 896/269/92 897/270/92
f 4408/256/92 897/270/92 4409/257/92
f 904/256/93 905/255/93 906/258/93
f 904/256/93 906/258/93 907/257/93
f 4068/262/94 916/261/94 917/264/94
f 4068/262/94 917/264/94 4069/263/94
f 4102/259/95 920/266/95 921/267/95
f 4102/259/95 921/267/95 4103/260/95
f 4135/266/96 922/265/96 923/268/96
f 4135/266/96 923/268/96 4136/267/96
f 924/271/97 925/272/97 926/273/97
f 924/271/97 926/273/97 927/274/97
f 925/272/97 929/275/97 926/273/97
f 930/276/98 931/277/98 4299/272/98
f 930/276/98 4299/272/98 4273/271/98
f 4298/277/99 932/278/99 4323/279/99
f 4298/277/99 4323/279/99 4300/272/99
f 4324/279/100 933/280/100 934/281/100
f 4324/279/100 934/281/100 4329/275/100
f 935/282/101 4274/271/101 4266/274/101
f 935/282/101 4266/274/101 936/283/101
f 1051/284/4 1053/285/4 1054/286/4
f 1054/286/4 1055/287/4 1056/288/4
f 1054/286/4 1056/288/4 1051/284/4
f 1052/289/3 102/22/4 101/21/3
f 1052/289/3 101/21/3 1053/285/4
f 1055/287/4 100/20/4 99/19/3
f 1055/287/4 99/19/3 1056/288/4
f 1134/290/5 1135/291/5 1136/292/5
f 1134/290/5 1136/292/5 1137/293/5
f 1179/290/5 1180/293/5 1181/292/5
f 1179/290/5 1181/292/5 1182/291/5
f 1230/294/2 1231/295/2 1232/296/2
f 1230/294/2 1232/296/2 1233/297/2
f 1230/294/2 1233/297/2 1234/298/2
f 1230/294/2 1234/298/2 1235/299/2
f 1270/300/2 1271/301/2 1272/302/2
f 1270/300/2 1272/302/2 1273/303/2
f 1270/300/2 1273/303/2 1274/304/2
f 1270/300/2 1274/304/2 1275/305/2
f 1342/306/102 4026/307/103 4009/308/104
f 1342/306/102 4009/308/104 1343/309/104
f 1489/310/105 1490/311/105 1491/312/106
f 1489/310/105 1491/312/106 1492/313/106
f 1490/311/105 1493/314/106 1494/315/105
f 1490/311/105 1494/315/105 1491/312/106
f 1492/313/106 1495/316/105 1496/317/105
f 1497/318/105 1496/317/105 1495/316/105
f 1494/315/105 1493/314/106 1499/319/106
f 1494/315/105 1499/319/106 1500/320/106
f 1501/321/107 1502/322/107 1503/323/107
f 4280/322/108 1505/324/108 1506/325/108
f 4280/322/108 1506/325/108 4253/323/108
f 4265/324/109 1507/326/109 1508/327/109
f 4265/324/109 1508/327/109 4227/325/109
f 4294/328/110 1511/329/110 1512/330/110
f 4294/328/110 1512/330/110 4259/331/110
f 4309/329/111 1513/332/111 1514/333/111
f 4309/329/111 1514/333/111 4284/330/111
f 1515/334/112 1516/335/112 1517/336/112
f 1515/334/112 1517/336/112 1518/337/112
f 1515/334/112 1518/337/112 1519/338/112
f 1515/334/112 1519/338/112 1520/339/112
f 1521/340/113 1522/341/113 1523/342/113
f 1521/340/113 1523/342/113 1524/343/113
f 4595/343/114 1525/344/114 1526/345/114
f 4602/345/115 4636/344/115 1527/346/115
f 4602/345/115 1527/346/115 1528/347/115
f 1529/348/116 1530/349/116 4637/344/116
f 1529/348/116 4637/344/116 4630/342/116
f 1531/350/117 1532/351/117 4596/343/117
f 1531/350/117 4596/343/117 4603/345/117
f 1533/352/117 1534/353/117 1535/354/117
f 1533/352/117 1535/354/117 1536/355/117
f 1537/356/118 1538/357/118 1539/358/118
f 1537/356/118 1539/358/118 1540/359/118
f 4648/359/115 4582/352/115 4583/355/115
f 4648/359/115 4583/355/115 4649/356/115
f 1543/360/119 1544/361/119 1545/362/119
f 1543/360/119 1545/362/119 1546/363/119
f 4662/363/118 4656/362/118 1547/364/118
f 4662/363/118 1547/364/118 1548/365/118
f 1549/366/120 1550/367/120 1551/368/120
f 1549/366/120 1551/368/120 1552/369/120
f 1553/370/113 1554/371/113 4657/362/113
f 1553/370/113 4657/362/113 4628/361/113
f 1557/372/117 1558/373/117 1559/374/117
f 1557/372/117 1559/374/117 1560/375/117
f 1561/376/118 1562/377/118 1563/378/118
f 1561/376/118 1563/378/118 1564/379/118
f 1565/380/121 4654/378/121 4651/377/122
f 1565/380/121 4651/377/122 1566/381/122
f 4660/379/123 1567/382/123 1568/383/123
f 4660/379/123 1568/383/123 4661/376/123
f 1569/384/124 1570/385/124 1571/386/124
f 1569/384/124 1571/386/124 1572/387/124
f 4576/387/2 4550/386/2 1573/388/2
f 4576/387/2 1573/388/2 1574/389/2
f 4658/389/125 4632/388/125 1575/390/125
f 1577/391/113 1578/392/113 4633/388/113
f 1577/391/113 4633/388/113 4551/386/113
f 1579/393/115 1580/394/115 4577/387/115
f 1579/393/115 4577/387/115 4659/389/115
f 1581/395/117 1582/396/117 1583/397/117
f 4580/398/2 4553/397/2 1585/399/2
f 4580/398/2 1585/399/2 1586/400/2
f 4652/400/118 4626/399/118 1587/401/118
f 4652/400/118 1587/401/118 1588/402/118
f 1589/403/126 1590/404/126 1591/405/126
f 1589/403/126 1591/405/126 1592/406/126
f 1595/407/115 1596/408/115 4581/398/115
f 1595/407/115 4581/398/115 4653/400/115
f 1633/409/127 1634/410/127 3607/411/127
f 1633/409/127 3607/411/127 3596/412/127
f 3742/413/128 3846/414/128 3858/415/128
f 3858/415/128 3759/416/128 3742/413/128
f 3788/417/128 3759/416/128 3848/418/128
f 3758/419/128 3785/420/128 3816/421/128
f 3758/419/128 3816/421/128 3846/414/128
f 1725/422/2 1726/423/2 1727/424/2
f 1725/422/2 1727/424/2 1728/425/2
f 1726/423/2 1729/426/2 1730/427/2
f 1726/423/2 1730/427/2 1727/424/2
f 1729/426/2 1731/428/2 1732/429/2
f 1729/426/2 1732/429/2 1730/427/2
f 1731/428/2 1733/430/2 1734/431/2
f 1731/428/2 1734/431/2 1732/429/2
f 1733/430/2 1735/432/2 1736/433/2
f 1733/430/2 1736/433/2 1734/431/2
f 1735/432/2 1737/434/2 1738/435/2
f 1735/432/2 1738/435/2 1736/433/2
f 1739/436/2 1740/437/2 1741/438/2
f 1739/436/2 1741/438/2 1742/439/2
f 1740/437/2 1725/422/2 1728/425/2
f 1740/437/2 1728/425/2 1741/438/2
f 1760/440/129 1761/441/129 3834/442/129
f 1760/440/129 3834/442/129 3890/443/129
f 1772/444/130 1773/445/130 1774/446/130
f 1772/444/130 1774/446/130 1775/447/130
f 1776/448/131 1777/449/131 1778/450/131
f 1776/448/131 1778/450/131 1779/451/132
f 3900/450/133 1780/452/133 1781/453/133
f 3900/450/133 1781/453/133 3868/451/133
f 3887/448/134 3853/445/134 3870/444/134
f 3887/448/134 3870/444/134 3920/449/134
f 1782/454/135 1783/455/135 1784/456/135
f 1782/454/135 1784/456/135 1785/457/135
f 1786/458/136 1787/459/136 1788/460/136
f 1786/458/136 1788/460/136 1789/461/136
f 3885/460/137 3912/459/137 3879/456/137
f 3885/460/137 3879/456/137 3855/455/137
f 3897/458/138 3872/461/138 1790/462/138
f 3897/458/138 1790/462/138 1791/463/138
f 1792/464/139 1793/465/140 1794/446/139
f 1792/464/139 1794/446/139 1795/466/139
f 1796/467/141 1797/468/141 1798/469/141
f 1796/467/141 1798/469/141 1799/470/141
f 3695/469/142 1800/471/142 1801/453/142
f 3695/469/142 1801/453/142 3669/470/142
f 3685/467/143 3644/465/143 3671/464/143
f 3685/467/143 3671/464/143 3712/468/143
f 1802/454/144 1803/472/144 1804/473/144
f 1802/454/144 1804/473/144 1805/474/144
f 1806/458/145 1807/459/145 1808/460/145
f 1806/458/145 1808/460/145 1809/461/145
f 3682/460/146 3706/459/146 3679/473/146
f 3682/460/146 3679/473/146 3652/472/146
f 3692/458/147 3670/461/147 1810/475/147
f 3692/458/147 1810/475/147 1811/476/147
f 3810/477/2 3825/478/2 3995/479/2
f 3810/477/2 3995/479/2 4011/480/2
f 4011/480/2 3996/481/2 3827/482/2
f 4011/480/2 3827/482/2 3810/477/2
f 3867/483/2 3827/482/2 3996/481/2
f 3867/483/2 3996/481/2 3946/484/2
f 3825/478/2 3861/485/2 3939/486/2
f 3825/478/2 3939/486/2 3995/479/2
f 1832/487/148 1833/488/148 1834/489/148
f 1832/487/148 1834/489/148 1835/490/148
f 3979/488/149 1836/491/149 1837/492/149
f 3979/488/149 1837/492/149 3959/489/149
f 1838/493/150 1839/494/150 1840/495/150
f 1838/493/150 1840/495/150 1841/496/150
f 3998/494/151 3981/490/152 3972/495/152
f 1842/497/153 1843/498/153 1844/499/154
f 1842/497/153 1844/499/154 1845/500/154
f 3843/498/155 1846/501/155 1847/502/155
f 1848/503/156 1849/504/156 1850/505/156
f 1848/503/156 1850/505/156 1851/506/156
f 3903/504/157 3860/497/157 3869/500/157
f 3903/504/157 3869/500/157 3896/505/157
f 1852/497/158 1853/498/159 1854/499/158
f 1852/497/158 1854/499/158 1855/500/158
f 3963/498/160 1856/507/160 1857/502/160
f 1858/508/161 1859/504/161 1860/505/161
f 1858/508/161 1860/505/161 1861/506/161
f 3891/504/162 3940/497/162 3926/500/162
f 3891/504/162 3926/500/162 3899/505/162
f 1862/487/163 1863/488/163 1864/489/164
f 1862/487/163 1864/489/164 1865/490/164
f 3831/488/165 1866/491/165 1867/492/165
f 3831/488/165 1867/492/165 3847/489/165
f 1868/493/166 1870/495/166 1871/496/166
f 3821/494/167 3801/487/167 3830/490/167
f 3821/494/167 3830/490/167 3837/495/167
f 1872/487/159 1873/488/168 1874/489/159
f 1872/487/159 1874/489/159 1875/490/159
f 3722/488/169 1876/491/169 1877/492/169
f 3722/488/169 1877/492/169 3711/489/169
f 1878/493/161 1879/494/161 1880/495/161
f 1878/493/161 1880/495/161 1881/496/170
f 3680/494/171 3707/487/171 3697/490/162
f 3621/477/2 3632/478/2 3728/479/2
f 3621/477/2 3728/479/2 3734/480/2
f 3734/480/2 3729/481/2 3633/482/2
f 3734/480/2 3633/482/2 3621/477/2
f 3663/483/2 3633/482/2 3729/481/2
f 3663/483/2 3729/481/2 3710/484/2
f 3632/478/2 3658/485/2 3705/486/2
f 3632/478/2 3705/486/2 3728/479/2
f 1902/487/154 1903/488/154 1904/489/172
f 1902/487/154 1904/489/172 1905/490/172
f 3643/488/155 1906/491/173 1907/492/155
f 3643/488/155 1907/492/155 3656/489/155
f 1908/493/156 1910/495/156 1911/496/156
f 3688/494/157 3657/487/157 3664/490/157
f 3688/494/157 3664/490/157 3683/495/174
f 1912/487/148 1913/488/175 1914/489/176
f 1912/487/148 1914/489/176 1915/490/176
f 3725/488/177 1917/492/177 3715/489/177
f 1918/493/150 1919/494/150 1920/495/150
f 1918/493/150 1920/495/150 1921/496/150
f 3730/494/152 3735/487/152 3726/490/152
f 3730/494/152 3726/490/152 3723/495/152
f 1922/487/164 1923/488/164 1924/489/178
f 1922/487/164 1924/489/178 1925/490/179
f 3641/488/165 1926/491/165 1927/492/165
f 3641/488/165 1927/492/165 3649/489/165
f 1928/493/166 1929/494/166 1930/495/166
f 1928/493/166 1930/495/166 1931/496/166
f 3629/494/180 3620/487/180 3640/490/181
f 3629/494/180 3640/490/181 3642/495/182
f 1940/509/183 1941/510/183 1942/511/183
f 1940/509/183 1942/511/183 1943/512/183
f 1944/513/184 1945/441/184 3638/442/184
f 1944/513/184 3638/442/184 3704/443/184
f 1978/514/2 1979/515/2 1980/516/2
f 1978/514/2 1980/516/2 1981/517/2
f 1981/517/2 1982/518/2 1983/519/2
f 1984/520/2 1980/516/2 1979/515/2
f 1984/520/2 1979/515/2 1985/521/2
f 1982/518/2 1986/522/2 1987/523/2
f 1982/518/2 1987/523/2 1983/519/2
f 1988/524/5 1989/525/5 1990/526/5
f 1988/524/5 1990/526/5 1991/527/5
f 1992/528/5 1988/524/5 1991/527/5
f 1992/528/5 1991/527/5 1993/529/5
f 1994/530/5 1992/528/5 1993/529/5
f 1994/530/5 1993/529/5 1995/531/5
f 1989/525/5 1996/532/5 1997/533/5
f 1989/525/5 1997/533/5 1990/526/5
f 2060/534/185 2062/535/185 2063/536/185
f 4643/537/186 2068/538/186 2069/539/186
f 4643/537/186 2069/539/186 4650/540/186
f 2074/541/187 2075/542/188 2076/543/189
f 2074/541/187 2076/543/189 2077/544/190
f 2078/545/191 2079/546/191 2077/544/190
f 2078/545/191 2077/544/190 2076/543/189
f 2080/547/192 2081/548/193 2082/549/193
f 2080/547/192 2083/550/193 2084/551/192
f 2080/547/192 2084/551/192 2085/552/194
f 2108/514/2 2109/515/2 2110/516/2
f 2108/514/2 2110/516/2 2111/517/2
f 2111/517/2 2112/518/2 2113/519/2
f 2111/517/2 2113/519/2 2108/514/2
f 2114/520/2 2110/516/2 2109/515/2
f 2114/520/2 2109/515/2 2115/521/2
f 2112/518/2 2116/522/2 2117/523/2
f 2112/518/2 2117/523/2 2113/519/2
f 2118/524/5 2120/526/5 2121/527/5
f 2122/528/5 2118/524/5 2121/527/5
f 2122/528/5 2121/527/5 2123/529/5
f 2124/530/5 2122/528/5 2123/529/5
f 2119/525/5 2126/532/5 2127/533/5
f 2119/525/5 2127/533/5 2120/526/5
f 2190/534/195 2191/553/195 2192/535/196
f 2190/534/195 2192/535/196 2193/536/196
f 3691/537/197 2198/538/197 2199/539/197
f 3691/537/197 2199/539/197 3672/540/197
f 2204/541/198 2205/542/199 2206/543/198
f 2204/541/198 2206/543/198 2207/544/198
f 2208/545/200 2207/544/198 2206/543/198
f 2210/547/201 2213/550/201 2214/551/202
f 2244/554/2 2245/555/2 3665/556/2
f 2246/557/2 2247/558/2 3580/559/2
f 2246/557/2 3580/559/2 3583/560/2
f 2248/561/2 2246/557/2 3583/560/2
f 2248/561/2 3583/560/2 3624/562/2
f 2249/563/2 2248/561/2 3624/562/2
f 2249/563/2 3624/562/2 3666/564/2
f 2250/565/2 2249/563/2 3666/564/2
f 2250/565/2 3666/564/2 3677/566/2
f 2245/555/2 2250/565/2 3677/566/2
f 2245/555/2 3677/566/2 3665/556/2
f 2262/567/2 2263/568/2 2264/569/2
f 2262/567/2 2264/569/2 2265/570/2
f 2266/571/2 2264/569/2 2263/568/2
f 2266/571/2 2263/568/2 2267/572/2
f 225/25/2 2266/571/2 2267/572/2
f 225/25/2 2267/572/2 226/26/2
f 2300/561/2 4621/573/2 2301/574/2
f 2308/554/2 4625/575/2 4647/576/2
f 2308/554/2 4647/576/2 2306/577/2
f 2309/555/2 4622/556/2 4625/575/2
f 2309/555/2 4625/575/2 2308/554/2
f 2310/565/2 4618/566/2 4622/556/2
f 2310/565/2 4622/556/2 2309/555/2
f 2301/574/2 4621/573/2 4618/566/2
f 2301/574/2 4618/566/2 2310/565/2
f 4667/578/203 4669/579/203 2326/580/203
f 4667/578/203 2326/580/203 2327/581/203
f 2330/570/2 2331/567/2 2332/568/2
f 2330/570/2 2332/568/2 2333/569/2
f 2334/572/2 2335/571/2 2333/569/2
f 2334/572/2 2333/569/2 2332/568/2
f 229/26/2 228/25/2 2335/571/2
f 229/26/2 2335/571/2 2334/572/2
f 2372/582/2 2373/583/2 3667/584/2
f 2376/585/2 2377/586/2 3581/587/2
f 2376/585/2 3581/587/2 3584/588/2
f 2378/589/2 2376/585/2 3584/588/2
f 2379/590/2 2378/589/2 3626/591/2
f 2379/590/2 3626/591/2 3668/592/2
f 2380/593/2 2379/590/2 3668/592/2
f 2380/593/2 3668/592/2 3678/594/2
f 2373/583/2 2380/593/2 3678/594/2
f 2373/583/2 3678/594/2 3667/584/2
f 2390/595/2 2391/596/2 2392/597/2
f 2390/595/2 2392/597/2 2393/598/2
f 2394/599/2 2392/597/2 2391/596/2
f 231/28/2 2394/599/2 2395/600/2
f 231/28/2 2395/600/2 232/29/2
f 2400/601/2 233/30/2 235/32/2
f 2400/601/2 235/32/2 2401/602/2
f 2402/603/5 238/35/5 241/38/5
f 2402/603/5 241/38/5 2403/604/5
f 2401/602/2 235/32/2 236/33/2
f 2401/602/2 236/33/2 2408/605/2
f 2409/606/5 239/36/5 238/35/5
f 2409/606/5 238/35/5 2402/603/5
f 2426/601/2 243/30/2 245/32/2
f 2426/601/2 245/32/2 2427/602/2
f 2432/603/5 248/35/5 251/38/5
f 2432/603/5 251/38/5 2433/604/5
f 2427/602/2 245/32/2 246/33/2
f 2427/602/2 246/33/2 2438/605/2
f 2439/606/5 249/36/5 248/35/5
f 2439/606/5 248/35/5 2432/603/5
f 2470/601/2 2471/602/2 254/32/2
f 2470/601/2 254/32/2 253/30/2
f 2472/603/5 2473/604/5 261/38/5
f 2472/603/5 261/38/5 258/35/5
f 2471/602/2 2478/605/2 256/33/2
f 2479/606/5 2472/603/5 258/35/5
f 2479/606/5 258/35/5 260/36/5
f 2502/607/6 2503/608/6 2504/609/6
f 2502/607/6 2504/609/6 2505/610/6
f 2504/609/6 2503/608/6 264/41/6
f 2504/609/6 264/41/6 263/40/6
f 265/42/6 264/41/6 2506/611/6
f 265/42/6 2506/611/6 2507/612/6
f 2508/613/7 2509/614/7 2510/615/7
f 2508/613/7 2510/615/7 2511/616/7
f 2510/615/7 266/43/7 268/45/7
f 2510/615/7 268/45/7 2511/616/7
f 267/44/7 2512/617/7 2513/618/7
f 267/44/7 2513/618/7 268/45/7
f 2518/619/204 3749/620/204 3778/621/204
f 2518/619/204 3778/621/204 2519/622/204
f 3750/623/205 2522/624/205 2523/625/205
f 3750/623/205 2523/625/205 3779/626/205
f 3748/624/5 2524/627/5 2525/628/5
f 3748/624/5 2525/628/5 3777/625/5
f 2558/629/1 2559/630/1 2560/631/1
f 2558/629/1 2560/631/1 2561/632/1
f 3718/633/80 3877/634/80 2564/635/80
f 3718/633/80 2564/635/80 2565/636/80
f 2570/637/6 2571/638/6 2572/639/6
f 2570/637/6 2572/639/6 2573/640/6
f 2574/641/7 2575/642/7 3721/632/7
f 2574/641/7 3721/632/7 3719/633/7
f 2564/635/80 3877/634/80 4076/639/80
f 2564/635/80 4076/639/80 2576/643/80
f 2560/631/1 2559/630/1 2579/644/1
f 2560/631/1 2579/644/1 4078/640/1
f 2580/607/6 2581/608/6 2582/609/6
f 2580/607/6 2582/609/6 2583/610/6
f 2582/609/6 2581/608/6 270/41/6
f 2582/609/6 270/41/6 269/40/6
f 271/42/6 270/41/6 2584/611/6
f 271/42/6 2584/611/6 2585/612/6
f 2586/613/7 2587/614/7 2588/615/7
f 2586/613/7 2588/615/7 2589/616/7
f 2588/615/7 272/43/7 274/45/7
f 2588/615/7 274/45/7 2589/616/7
f 273/44/7 2590/617/7 2591/618/7
f 273/44/7 2591/618/7 274/45/7
f 2596/619/204 4023/620/204 4060/621/204
f 2596/619/204 4060/621/204 2597/645/204
f 4024/623/205 2600/624/205 2601/625/205
f 4024/623/205 2601/625/205 4061/626/205
f 4022/624/5 2602/627/5 2603/628/5
f 4022/624/5 2603/628/5 4059/625/5
f 2636/607/6 2637/608/6 2638/609/6
f 2636/607/6 2638/609/6 2639/610/6
f 2638/609/6 2637/608/6 276/41/6
f 2638/609/6 276/41/6 275/40/6
f 277/42/6 276/41/6 2640/618/6
f 2642/607/7 2643/610/7 2644/609/7
f 2642/607/7 2644/609/7 2645/608/7
f 2644/609/7 278/40/7 280/41/7
f 2644/609/7 280/41/7 2645/608/7
f 279/42/7 2647/618/7 280/41/7
f 2652/646/206 4518/620/206 4534/621/206
f 2652/646/206 4534/621/206 2653/645/206
f 4519/623/207 2656/624/207 2657/625/207
f 4519/623/207 2657/625/207 4535/626/207
f 4517/624/5 2658/627/5 2659/628/5
f 4517/624/5 2659/628/5 4533/625/5
f 2692/629/1 2693/630/1 2694/631/1
f 2692/629/1 2694/631/1 2695/632/1
f 4505/633/80 4563/634/80 2698/635/80
f 4505/633/80 2698/635/80 2699/647/80
f 2704/637/6 2705/638/6 2706/639/6
f 2704/637/6 2706/639/6 2707/640/6
f 2708/641/7 2709/642/7 4508/632/7
f 2708/641/7 4508/632/7 4506/633/7
f 2698/635/80 4563/634/80 4611/639/80
f 2698/635/80 4611/639/80 2710/643/80
f 2694/631/1 2693/630/1 2713/644/1
f 2694/631/1 2713/644/1 4613/640/1
f 2714/607/6 2715/608/6 2716/609/6
f 2714/607/6 2716/609/6 2717/610/6
f 2716/609/6 2715/608/6 282/41/6
f 2716/609/6 282/41/6 281/40/6
f 283/42/6 282/41/6 2718/618/6
f 2720/607/7 2721/610/7 2722/609/7
f 2720/607/7 2722/609/7 2723/608/7
f 2722/609/7 284/40/7 286/41/7
f 2722/609/7 286/41/7 2723/608/7
f 285/42/7 2725/618/7 286/41/7
f 4590/623/207 2734/624/207 2735/625/207
f 4590/623/207 2735/625/207 4606/626/207
f 4588/624/5 2736/627/5 2737/628/5
f 4588/624/5 2737/628/5 4604/625/5
f 2803/648/8 2804/649/8 2805/650/8
f 2803/648/8 2805/650/8 2806/651/8
f 2804/649/8 287/46/8 289/48/8
f 2804/649/8 289/48/8 2805/650/8
f 292/51/8 2803/648/8 2806/651/8
f 292/51/8 2806/651/8 290/49/8
f 2840/648/11 2841/649/11 2842/652/11
f 2840/648/11 2842/652/11 2843/651/11
f 2841/649/11 293/52/11 295/53/11
f 2841/649/11 295/53/11 2842/652/11
f 298/51/11 2840/648/11 2843/651/11
f 298/51/11 2843/651/11 296/49/13
f 2844/653/1 2845/654/1 2846/655/1
f 2844/653/1 2846/655/1 2847/656/1
f 2848/657/208 4510/655/208 2849/658/208
f 2848/657/208 2849/658/208 2850/659/209
f 2852/660/210 2853/661/210 2854/662/210
f 2852/660/210 2854/662/210 2855/663/210
f 2856/664/1 2857/665/1 2858/655/1
f 2860/657/211 2861/659/212 2862/658/211
f 2860/657/211 2862/658/211 4073/655/211
f 4079/654/213 4074/655/213 4072/658/213
f 4079/654/213 4072/658/213 2863/666/213
f 2864/667/214 2865/668/214 2866/662/214
f 2864/667/214 2866/662/214 2867/669/214
f 2868/670/215 2869/671/215 2870/672/215
f 2868/670/215 2870/672/215 2871/673/215
f 4088/670/1 2872/674/1 2873/675/1
f 4088/670/1 2873/675/1 4495/671/1
f 2944/676/2 2945/677/2 2946/678/2
f 2944/676/2 2946/678/2 2947/679/2
f 2947/679/2 2946/678/2 2965/680/2
f 2947/679/2 2965/680/2 2966/681/2
f 2971/682/216 2972/683/216 4447/684/216
f 2973/685/217 4501/686/217 4502/687/217
f 2978/688/217 2973/685/217 4502/687/217
f 2978/688/217 4502/687/217 4503/689/217
f 2975/690/216 2979/691/216 2980/692/216
f 2975/690/216 2980/692/216 2976/693/216
f 2982/694/217 2978/688/217 4503/689/217
f 2982/694/217 4503/689/217 4504/695/217
f 2988/683/218 2991/690/218 2992/693/218
f 2988/683/218 2992/693/218 4252/684/218
f 2994/688/219 4254/687/219 4368/689/219
f 2991/690/218 2995/691/218 2996/692/218
f 2998/694/219 2994/688/219 4368/689/219
f 2998/694/219 4368/689/219 4445/695/219
f 3003/676/2 3004/677/2 3005/678/2
f 3003/676/2 3005/678/2 3006/679/2
f 3006/679/2 3005/678/2 3024/680/2
f 3006/679/2 3024/680/2 3025/681/2
f 3030/682/6 3031/683/6 4096/684/6
f 3030/682/6 4096/684/6 4095/696/6
f 3032/685/7 4057/686/7 4058/687/7
f 3031/683/6 3034/690/6 3035/693/6
f 3031/683/6 3035/693/6 4096/684/6
f 3037/688/7 3032/685/7 4058/687/7
f 3037/688/7 4058/687/7 4056/689/7
f 3046/676/2 3047/677/2 3048/678/2
f 3046/676/2 3048/678/2 3049/679/2
f 3049/679/2 3048/678/2 3067/680/2
f 3049/679/2 3067/680/2 3068/681/2
f 3073/682/220 3074/683/220 4318/684/220
f 3073/682/220 4318/684/220 4452/696/220
f 3075/685/221 3076/697/221 4446/686/221
f 3075/685/221 4446/686/221 4316/687/221
f 3074/683/220 3077/690/220 3078/693/220
f 3074/683/220 3078/693/220 4318/684/220
f 3080/688/221 4316/687/221 4186/689/221
f 3077/690/220 3081/691/220 3082/692/220
f 3077/690/220 3082/692/220 3078/693/220
f 3084/694/221 3080/688/221 4186/689/221
f 3084/694/221 4186/689/221 4091/695/221
f 3089/676/2 3090/677/2 3091/678/2
f 3089/676/2 3091/678/2 3092/679/2
f 3092/679/2 3091/678/2 3110/680/2
f 3092/679/2 3110/680/2 3111/681/2
f 3160/698/222 3161/699/222 3162/700/222
f 3160/698/222 3162/700/222 3163/701/222
f 3164/702/222 3160/698/222 3163/701/222
f 3164/702/222 3163/701/222 3165/703/222
f 3166/704/222 3164/702/222 3165/703/222
f 3166/704/222 3165/703/222 3167/705/222
f 3166/704/222 3167/705/222 3168/706/222
f 3166/704/222 3168/706/222 3169/707/222
f 3161/699/222 3171/708/222 3162/700/222
f 3172/709/223 3173/710/223 3174/711/223
f 3172/709/223 3174/711/223 3175/712/223
f 3774/710/224 3177/713/224 3932/711/224
f 3178/714/225 3179/715/225 3180/716/225
f 3178/714/225 3180/716/225 3181/717/225
f 3812/715/226 3799/709/227 3961/712/226
f 3812/715/226 3961/712/226 3980/716/226
f 3190/709/228 3191/710/228 3192/711/229
f 3906/710/230 3194/718/230 3195/713/230
f 3906/710/230 3195/713/230 3765/711/230
f 3196/714/231 3197/715/231 3198/716/231
f 3196/714/231 3198/716/231 3199/717/231
f 3953/715/232 3775/712/232 3795/716/232
f 3222/719/233 3223/720/233 3224/721/233
f 3226/722/234 3227/723/234 3224/721/233
f 3226/722/234 3224/721/233 3223/720/233
f 3228/724/235 3229/725/235 3230/726/235
f 3228/724/235 3231/727/235 3232/728/235
f 3228/724/235 3232/728/235 3233/729/235
f 3234/730/236 3235/731/236 3236/732/236
f 3234/730/236 3236/732/236 3237/733/236
f 3238/734/237 3767/730/238 3754/733/237
f 3238/734/237 3754/733/237 3239/735/237
f 3240/736/239 3764/734/240 3741/735/239
f 3240/736/239 3741/735/239 3241/737/241
f 3242/738/242 3752/736/242 3736/737/242
f 3242/738/242 3736/737/242 3243/739/243
f 3244/740/244 3753/738/244 3737/739/245
f 3244/740/244 3737/739/245 3245/741/246
f 3768/731/247 3246/742/247 3247/743/247
f 3768/731/247 3247/743/247 3755/732/248
f 3248/744/249 3250/745/249 3251/746/249
f 3252/747/250 3253/748/250 3254/749/250
f 3252/747/250 3254/749/250 3255/750/250
f 3256/751/251 3803/747/252 3760/750/251
f 3256/751/251 3760/750/251 3257/752/251
f 3258/753/253 3791/751/253 3744/752/253
f 3258/753/253 3744/752/253 3259/754/253
f 3260/755/254 3793/753/254 3746/754/255
f 3260/755/254 3746/754/255 3261/756/256
f 3819/757/257 3805/755/257 3762/756/257
f 3819/757/257 3762/756/257 3772/745/258
f 3347/758/259 3348/759/259 3349/760/259
f 3347/758/259 3349/760/259 3350/761/259
f 3351/762/259 3347/758/259 3350/761/259
f 3351/762/259 3350/761/259 3352/763/259
f 3353/764/259 3351/762/259 3352/763/259
f 3353/764/259 3352/763/259 3354/765/259
f 3348/759/259 3355/766/259 3356/767/260
f 3401/768/261 3402/769/262 3403/770/263
f 3401/768/261 3403/770/263 3404/771/263
f 4157/772/264 3411/773/265 3412/774/265
f 4157/772/264 3412/774/265 4140/775/266
f 3415/776/267 3416/777/267 3417/778/268
f 3415/776/267 3417/778/268 3418/779/269
f 3419/780/270 3420/781/271 3418/779/269
f 3419/780/270 3418/779/269 3417/778/268
f 3421/782/272 3423/783/273 3424/784/273
f 3421/782/272 3424/784/273 3425/785/274
f 3421/782/272 3425/785/274 3426/786/275
f 3449/758/276 3450/761/276 3451/760/276
f 3449/758/276 3451/760/276 3452/759/276
f 3453/762/276 3454/763/276 3450/761/276
f 3453/762/276 3450/761/276 3449/758/276
f 3455/764/276 3454/763/276 3453/762/276
f 3452/759/276 3451/760/276 3457/767/277
f 3452/759/276 3457/767/277 3458/766/276
f 3503/768/278 3504/771/279 3505/770/279
f 3503/768/278 3505/770/279 3506/769/280
f 4403/772/281 4416/775/282 3513/774/283
f 4403/772/281 3513/774/283 3514/773/281
f 3517/776/284 3518/779/284 3519/778/284
f 3517/776/284 3519/778/284 3520/777/285
f 3521/780/284 3519/778/284 3518/779/284
f 3521/780/284 3518/779/284 3522/781/286
f 3523/782/287 3525/783/287 3526/787/288
f 3523/782/287 3527/786/287 3528/785/289
f 3523/782/287 3528/785/289 3524/784/289
f 3529/788/290 3531/789/290 3532/790/290
f 3530/791/290 3533/792/291 3534/793/291
f 3530/791/290 3534/793/291 3531/789/290
f 3535/788/292 3536/790/292 3537/789/292
f 3535/788/292 3537/789/292 3538/791/292
f 3538/791/292 3537/789/292 3539/793/292
f 3538/791/292 3539/793/292 3540/792/292
f 3540/792/292 3539/793/292 320/794/293
f 3541/788/294 3542/791/294 3543/789/294
f 3542/791/294 3545/792/295 3546/793/295
f 3542/791/294 3546/793/295 3543/789/294
f 3547/788/296 3549/789/297 3550/791/297
f 3550/791/297 3551/793/298 3552/792/298
f 3552/792/298 3551/793/298 326/794/299
f 3553/795/16 3554/796/16 3555/797/16
f 3553/795/16 3555/797/16 3556/798/300
f 3554/796/16 328/57/15 330/59/16
f 3554/796/16 330/59/16 3555/797/16
f 3557/795/301 3558/798/301 3559/797/301
f 3557/795/301 3559/797/301 3560/796/301
f 3560/796/301 3559/797/301 332/59/301
f 3560/796/301 332/59/301 331/57/302
f 3561/795/303 3562/796/304 3563/797/303
f 3561/795/303 3563/797/303 3564/798/303
f 3562/796/304 334/57/17 336/59/19
f 3562/796/304 336/59/19 3563/797/303
f 3565/795/21 3566/798/21 3567/797/21
f 3565/795/21 3567/797/21 3568/796/21
f 3568/796/21 3567/797/21 338/59/21
f 3568/796/21 338/59/21 337/57/20
f 3569/799/2 3570/800/2 3571/801/2
f 3569/799/2 3571/801/2 3572/802/2
f 6/101/305 7/803/306 8/804/307
f 9/106/308 10/805/309 11/107/310
f 12/101/311 13/804/312 14/803/313
f 15/106/314 16/107/315 17/805/316
f 18/806/317 19/807/318 20/102/319
f 21/808/320 22/809/321 23/810/320
f 24/811/322 25/812/323 26/813/324
f 27/814/325 28/815/326 29/816/327
f 30/817/328 31/818/329 32/819/330
f 33/820/331 31/818/329 30/817/328
f 34/821/332 35/822/333 36/823/334
f 37/817/335 38/819/336 39/818/337
f 40/820/338 37/817/335 39/818/337
f 41/821/339 42/823/340 43/822/341
f 47/220/2 48/219/2 49/227/2
f 62/824/342 63/825/343 64/826/344
f 65/827/345 66/828/346 67/829/347
f 68/830/348 69/831/349 70/832/350
f 71/833/351 72/834/352 73/835/353
f 74/836/354 75/837/355 76/838/356
f 77/839/357 78/840/358 79/841/359
f 80/842/360 81/843/361 82/844/362
f 83/845/363 84/846/364 85/847/365
f 86/848/366 87/849/367 88/850/368
f 89/851/369 90/852/370 91/853/371
f 92/854/372 93/855/373 94/856/374
f 95/857/375 96/858/376 97/859/377
f 104/860/378 105/861/379 106/862/380
f 107/863/381 108/864/382 109/865/383
f 108/864/382 110/866/384 109/865/383
f 110/866/384 111/867/385 109/865/383
f 111/867/385 112/868/386 109/865/383
f 112/868/386 113/869/387 109/865/383
f 113/869/387 114/870/388 109/865/383
f 114/870/388 115/871/389 109/865/383
f 115/871/389 116/872/390 109/865/383
f 116/872/390 117/873/391 109/865/383
f 117/873/391 118/874/392 109/865/383
f 118/874/392 119/875/393 109/865/383
f 119/875/393 120/876/394 109/865/383
f 120/876/394 107/863/381 109/865/383
f 121/877/395 122/878/396 123/879/397
f 122/878/396 124/880/398 123/879/397
f 124/880/398 125/881/399 123/879/397
f 125/881/399 126/882/400 123/879/397
f 126/882/400 127/883/401 123/879/397
f 128/884/402 129/885/403 123/879/397
f 129/885/403 130/886/404 123/879/397
f 130/886/404 131/887/405 123/879/397
f 131/887/405 132/888/406 123/879/397
f 132/888/406 133/889/407 123/879/397
f 133/889/407 134/890/408 123/879/397
f 134/890/408 121/877/395 123/879/397
f 135/891/409 136/892/410 137/893/411
f 137/893/411 136/892/410 138/894/412
f 139/895/413 140/896/414 141/897/415
f 141/897/415 140/896/414 142/898/416
f 143/899/417 137/893/411 138/894/412
f 139/895/413 141/897/415 144/900/418
f 145/901/419 146/902/420 147/903/421
f 147/903/421 146/902/420 148/904/422
f 148/904/422 146/902/420 149/905/423
f 150/906/424 151/907/425 152/908/426
f 150/906/424 153/909/427 151/907/425
f 151/907/425 153/909/427 154/910/428
f 155/411/429 156/911/430 157/412/431
f 157/412/431 156/911/430 158/912/432
f 159/913/433 160/914/434 161/915/435
f 161/915/435 160/914/434 162/916/436
f 163/917/437 157/412/431 158/912/432
f 159/913/433 161/915/435 164/918/438
f 165/919/439 166/920/440 167/921/441
f 168/922/442 165/919/439 167/921/441
f 169/923/443 168/922/442 167/921/441
f 170/924/444 169/923/443 167/921/441
f 171/925/445 170/924/444 167/921/441
f 166/920/440 171/925/445 167/921/441
f 172/926/446 173/927/447 174/928/448
f 173/927/447 175/929/449 174/928/448
f 175/929/449 176/930/450 174/928/448
f 176/930/450 177/931/451 174/928/448
f 177/931/451 178/932/452 174/928/448
f 178/932/452 172/926/446 174/928/448
f 179/933/453 180/934/454 181/935/455
f 182/936/456 179/933/453 181/935/455
f 183/937/457 182/936/456 181/935/455
f 184/938/458 183/937/457 181/935/455
f 185/939/459 184/938/458 181/935/455
f 180/934/454 185/939/459 181/935/455
f 186/940/460 187/941/461 188/942/462
f 187/941/461 189/943/463 188/942/462
f 189/943/463 190/944/464 188/942/462
f 190/944/464 191/945/465 188/942/462
f 191/945/465 192/946/466 188/942/462
f 192/946/466 186/940/460 188/942/462
f 193/947/467 194/948/468 195/949/469
f 196/950/470 197/951/471 198/952/472
f 199/953/473 200/954/474 201/955/475
f 202/956/476 203/957/477 204/958/2
f 203/957/477 205/959/478 204/958/2
f 205/959/478 206/960/479 204/958/2
f 206/960/479 207/961/480 204/958/2
f 207/961/480 208/962/481 204/958/2
f 208/962/481 209/963/482 204/958/2
f 209/963/482 210/964/483 204/958/2
f 210/964/483 211/965/484 204/958/2
f 211/965/484 212/966/485 204/958/2
f 212/966/485 202/956/476 204/958/2
f 213/956/486 214/957/487 215/958/2
f 214/957/487 216/959/488 215/958/2
f 216/959/488 217/960/489 215/958/2
f 217/960/489 218/961/490 215/958/2
f 218/961/490 219/962/491 215/958/2
f 219/962/491 220/963/492 215/958/2
f 220/963/492 221/964/493 215/958/2
f 221/964/493 222/965/494 215/958/2
f 222/965/494 223/966/495 215/958/2
f 223/966/495 213/956/486 215/958/2
f 299/967/496 300/968/497 301/969/498
f 300/968/497 302/970/499 301/969/498
f 302/970/499 303/971/500 301/969/498
f 303/971/500 304/972/501 301/969/498
f 304/972/501 305/973/502 301/969/498
f 305/973/502 306/974/503 301/969/498
f 306/974/503 307/975/504 301/969/498
f 307/975/504 308/976/505 301/969/498
f 308/976/505 309/977/506 301/969/498
f 309/977/506 299/967/496 301/969/498
f 310/978/507 311/979/507 312/980/507
f 316/981/508 317/982/509 318/794/510
f 319/981/511 320/794/293 321/982/512
f 322/981/513 323/982/514 324/794/515
f 325/981/516 326/794/299 327/982/517
f 331/57/302 332/59/301 333/58/301
f 340/61/518 341/60/518 342/63/518
f 340/61/518 342/63/518 343/62/518
f 354/68/1 356/66/1 357/69/1
f 358/983/2 4453/2/2 4118/5/2
f 358/983/2 4118/5/2 359/984/2
f 353/69/1 364/71/1 365/70/1
f 370/985/519 371/986/520 372/987/521
f 370/985/519 372/987/521 373/988/522
f 3588/986/523 374/989/523 375/990/524
f 3588/986/523 375/990/524 3586/987/525
f 376/991/526 3587/985/526 3585/988/527
f 376/991/526 3585/988/527 377/992/528
f 3586/987/525 375/990/524 378/993/529
f 3586/987/525 378/993/529 379/994/530
f 3585/988/527 380/995/531 381/996/532
f 3585/988/527 381/996/532 377/992/528
f 372/987/521 3590/994/533 3589/995/534
f 372/987/521 3589/995/534 373/988/522
f 382/997/535 383/998/536 384/999/537
f 382/997/535 384/999/537 385/1000/538
f 386/1001/539 387/1002/540 388/1003/541
f 386/1001/539 388/1003/541 389/1004/542
f 3591/997/543 3594/1000/544 3593/1002/545
f 3591/997/543 3593/1002/545 3592/1001/546
f 379/994/530 378/993/529 383/998/536
f 379/994/530 383/998/536 382/997/535
f 380/995/531 386/1001/539 389/1004/542
f 380/995/531 389/1004/542 381/996/532
f 3590/994/533 3591/997/543 3592/1001/546
f 3590/994/533 3592/1001/546 3589/995/534
f 390/78/547 391/81/548 392/1005/549
f 390/78/547 392/1005/549 393/1006/547
f 394/1007/550 395/1008/550 396/1009/551
f 394/1007/550 396/1009/551 397/1010/552
f 391/81/548 400/83/553 401/1011/554
f 391/81/548 401/1011/554 392/1005/549
f 397/1010/552 396/1009/551 402/1012/555
f 397/1010/552 402/1012/555 403/1013/556
f 400/83/553 405/85/557 406/1014/558
f 400/83/553 406/1014/558 401/1011/554
f 403/1013/556 402/1012/555 407/1015/559
f 403/1013/556 407/1015/559 408/1016/560
f 405/85/557 410/87/561 411/1017/561
f 405/85/557 411/1017/561 406/1014/558
f 408/1016/560 407/1015/559 412/1018/562
f 408/1016/560 412/1018/562 413/1019/562
f 3603/85/6 409/84/6 414/86/6
f 415/95/563 416/94/564 417/1020/565
f 415/95/563 417/1020/565 418/1021/566
f 419/1022/567 420/1023/568 421/89/567
f 419/1022/567 421/89/567 422/88/569
f 4194/91/570 4192/90/571 425/1024/570
f 4194/91/570 425/1024/570 426/1025/572
f 4215/1025/573 4202/1024/574 427/93/573
f 4215/1025/573 427/93/573 428/92/575
f 429/96/28 430/1026/29 431/97/29
f 435/1027/576 436/1028/577 437/1029/578
f 435/1027/576 437/1029/578 438/1030/579
f 439/1031/580 440/1032/581 441/1033/582
f 439/1031/580 441/1033/582 442/1034/583
f 438/1030/579 437/1029/578 443/1035/584
f 438/1030/579 443/1035/584 444/1036/585
f 444/1036/585 443/1035/584 440/1032/581
f 444/1036/585 440/1032/581 439/1031/580
f 445/1037/586 8/804/307 7/803/306
f 445/1037/586 7/803/306 446/1038/587
f 10/805/309 445/1037/586 446/1038/587
f 10/805/309 446/1038/587 11/107/310
f 436/1028/577 435/1027/576 4242/806/588
f 436/1028/577 4242/806/588 4233/102/589
f 442/1034/583 441/1033/582 4116/810/590
f 442/1034/583 4116/810/590 4100/809/591
f 6/101/305 436/1028/577 4233/102/589
f 437/1029/578 436/1028/577 6/101/305
f 437/1029/578 6/101/305 8/804/307
f 443/1035/584 437/1029/578 8/804/307
f 443/1035/584 8/804/307 445/1037/586
f 440/1032/581 443/1035/584 445/1037/586
f 440/1032/581 445/1037/586 10/805/309
f 441/1033/582 440/1032/581 10/805/309
f 441/1033/582 10/805/309 9/106/308
f 4116/810/590 441/1033/582 9/106/308
f 4116/810/590 9/106/308 448/109/592
f 4196/1027/593 4177/1030/594 449/1029/595
f 4196/1027/593 449/1029/595 450/1028/596
f 4117/1031/597 4104/1034/598 451/1033/599
f 4117/1031/597 451/1033/599 452/1032/600
f 4177/1030/594 4134/1036/601 453/1035/602
f 4177/1030/594 453/1035/602 449/1029/595
f 4134/1036/601 4117/1031/597 452/1032/600
f 4134/1036/601 452/1032/600 453/1035/602
f 454/1037/603 455/1038/604 14/803/313
f 454/1037/603 14/803/313 13/804/312
f 17/805/316 16/107/315 455/1038/604
f 17/805/316 455/1038/604 454/1037/603
f 450/1028/596 456/102/605 4243/806/606
f 450/1028/596 4243/806/606 4196/1027/593
f 4104/1034/598 4101/809/607 457/810/608
f 4104/1034/598 457/810/608 451/1033/599
f 12/101/311 456/102/605 450/1028/596
f 449/1029/595 13/804/312 12/101/311
f 449/1029/595 12/101/311 450/1028/596
f 453/1035/602 454/1037/603 13/804/312
f 453/1035/602 13/804/312 449/1029/595
f 452/1032/600 17/805/316 454/1037/603
f 452/1032/600 454/1037/603 453/1035/602
f 451/1033/599 15/106/314 17/805/316
f 451/1033/599 17/805/316 452/1032/600
f 457/810/608 459/109/609 15/106/314
f 457/810/608 15/106/314 451/1033/599
f 460/1039/610 461/1040/611 4208/803/611
f 460/1039/610 4208/803/611 4201/101/612
f 19/807/318 464/1041/613 4216/103/614
f 19/807/318 4216/103/614 20/102/319
f 464/1041/613 460/1039/610 4201/101/612
f 464/1041/613 4201/101/612 4216/103/614
f 4126/108/320 21/808/320 23/810/320
f 4126/108/320 23/810/320 4128/109/320
f 466/110/34 468/112/34 469/114/34
f 470/113/35 4473/114/35 471/116/615
f 486/1042/616 487/1043/617 488/1044/618
f 486/1042/616 488/1044/618 489/1045/619
f 4148/1043/620 490/1046/621 491/1047/622
f 4148/1043/620 491/1047/622 4176/1044/623
f 4142/1046/624 492/1048/625 493/1049/626
f 4142/1046/624 493/1049/626 4173/1047/627
f 494/1050/628 495/1051/629 496/1052/630
f 494/1050/628 496/1052/630 497/1053/631
f 4141/1051/632 498/1054/633 499/1055/634
f 4141/1051/632 499/1055/634 4172/1052/635
f 4147/1054/636 4149/1042/637 4182/1045/638
f 4147/1054/636 4182/1045/638 4175/1055/639
f 500/1056/640 501/1057/641 502/130/642
f 500/1056/640 502/130/642 503/133/643
f 4198/1057/644 504/1058/645 505/141/646
f 4198/1057/644 505/141/646 4237/130/647
f 4189/1058/648 506/1059/649 507/142/650
f 4189/1058/648 507/142/650 4221/141/651
f 508/1056/652 509/1057/653 510/145/654
f 508/1056/652 510/145/654 511/144/655
f 4188/1057/656 512/1060/657 513/137/658
f 4188/1057/656 513/137/658 4223/145/659
f 4197/1060/660 514/1059/661 515/140/662
f 4197/1060/660 515/140/662 4235/137/663
f 516/1061/664 517/1062/665 518/1063/666
f 516/1061/664 518/1063/666 519/1064/667
f 4333/1062/668 520/1065/669 521/1066/670
f 4333/1062/668 521/1066/670 4352/1063/670
f 4331/1065/671 522/1067/672 523/1068/673
f 4331/1065/671 523/1068/673 4348/1066/673
f 524/1069/674 525/1070/675 526/1071/676
f 524/1069/674 526/1071/676 527/1072/677
f 4330/1070/678 528/1073/679 529/1074/680
f 4330/1070/678 529/1074/680 4347/1071/680
f 4332/1073/681 4334/1061/682 4357/1064/683
f 4332/1073/681 4357/1064/683 4351/1074/683
f 530/1075/684 531/1076/685 532/1077/686
f 530/1075/684 532/1077/686 533/1078/687
f 4386/1075/688 534/1079/689 535/1080/690
f 4386/1075/688 535/1080/690 4422/1076/691
f 536/1081/692 537/1082/693 538/1083/694
f 536/1081/692 538/1083/694 539/1084/694
f 4385/1082/695 540/1085/696 541/1086/697
f 4385/1082/695 541/1086/697 4420/1083/698
f 4388/1085/699 542/1087/700 543/1088/701
f 4388/1085/699 543/1088/701 4433/1086/701
f 4390/1087/702 4387/1078/703 4431/1077/704
f 4390/1087/702 4431/1077/704 4437/1088/705
f 544/1089/706 545/1090/707 546/1091/708
f 544/1089/706 546/1091/708 547/1092/709
f 4226/1090/710 548/1093/711 549/1094/712
f 4226/1090/710 549/1094/712 4258/1091/713
f 550/1095/714 551/1096/715 552/1097/716
f 550/1095/714 552/1097/716 553/1098/717
f 4225/1096/718 554/1099/719 555/1100/720
f 4225/1096/718 555/1100/720 4257/1097/721
f 4230/1099/722 556/1101/723 557/1102/724
f 4230/1099/722 557/1102/724 4261/1100/725
f 4231/1089/726 4262/1092/727 4264/1102/728
f 4231/1089/726 4264/1102/728 4241/1101/729
f 4238/130/43 4222/141/43 564/138/43
f 568/133/45 569/132/45 570/131/46
f 4224/145/43 576/136/43 572/135/43
f 4180/134/730 4169/137/731 504/1058/645
f 4180/134/730 504/1058/645 4198/1057/644
f 4170/137/732 4163/140/733 506/1059/649
f 4170/137/732 506/1059/649 4189/1058/648
f 4164/133/734 4167/130/735 509/1057/653
f 4164/133/734 509/1057/653 508/1056/652
f 4168/130/736 4178/147/737 512/1060/657
f 4168/130/736 512/1060/657 4188/1057/656
f 4179/147/738 4183/142/739 514/1059/661
f 4179/147/738 514/1059/661 4197/1060/660
f 4181/134/740 501/1057/641 500/1056/640
f 4181/134/740 500/1056/640 4184/148/741
f 582/1103/742 490/1046/621 4148/1043/620
f 582/1103/742 4148/1043/620 583/1104/743
f 584/1105/744 492/1048/625 4142/1046/624
f 584/1105/744 4142/1046/624 4120/1103/745
f 585/1106/746 495/1051/629 494/1050/628
f 585/1106/746 494/1050/628 586/1107/747
f 587/1108/748 498/1054/633 4141/1051/632
f 587/1108/748 4141/1051/632 4119/1106/749
f 4132/1108/750 588/1109/751 4149/1042/637
f 4132/1108/750 4149/1042/637 4147/1054/636
f 4133/1104/752 487/1043/617 486/1042/616
f 4133/1104/752 486/1042/616 4144/1109/753
f 589/149/49 590/150/49 4460/115/49
f 4435/153/53 594/1110/754 4469/122/53
f 595/154/55 4467/118/55 4470/120/755
f 596/1111/756 597/1112/757 598/1113/758
f 596/1111/756 598/1113/758 599/1114/759
f 4432/1077/760 4423/1076/761 600/1115/762
f 4432/1077/760 600/1115/762 601/1116/763
f 599/1114/759 598/1113/758 602/1117/764
f 599/1114/759 602/1117/764 603/1118/765
f 4423/1076/761 4418/1080/766 604/1119/767
f 4423/1076/761 604/1119/767 600/1115/762
f 605/1120/765 606/1121/768 607/1122/769
f 605/1120/765 607/1122/769 608/1123/770
f 4419/1084/766 4421/1083/771 609/1124/772
f 4419/1084/766 609/1124/772 610/1125/773
f 608/1123/770 607/1122/769 611/1126/774
f 608/1123/770 611/1126/774 612/1127/775
f 4421/1083/771 4434/1086/776 613/1128/777
f 4421/1083/771 613/1128/777 609/1124/772
f 612/1127/775 611/1126/774 614/1129/778
f 612/1127/775 614/1129/778 615/1130/779
f 4434/1086/776 4438/1088/780 616/1131/781
f 4434/1086/776 616/1131/781 613/1128/777
f 615/1130/779 614/1129/778 597/1112/757
f 615/1130/779 597/1112/757 596/1111/756
f 4438/1088/780 4432/1077/760 601/1116/763
f 4438/1088/780 601/1116/763 616/1131/781
f 617/1132/782 618/1133/783 520/1065/669
f 617/1132/782 520/1065/669 4333/1062/668
f 4297/1133/784 619/1134/785 522/1067/672
f 4297/1133/784 522/1067/672 4331/1065/671
f 620/1135/786 621/1136/787 525/1070/675
f 620/1135/786 525/1070/675 524/1069/674
f 4296/1136/788 622/1137/789 528/1073/679
f 4296/1136/788 528/1073/679 4330/1070/678
f 4301/1137/790 623/1138/791 4334/1061/682
f 4301/1137/790 4334/1061/682 4332/1073/681
f 4303/1138/792 4302/1132/793 517/1062/665
f 4303/1138/792 517/1062/665 516/1061/664
f 4360/1111/794 4355/1114/795 530/1075/684
f 4360/1111/794 530/1075/684 533/1078/687
f 4356/1114/796 4349/1118/797 534/1079/689
f 4356/1114/796 534/1079/689 4386/1075/688
f 4350/1120/798 4353/1123/799 537/1082/693
f 4350/1120/798 537/1082/693 536/1081/692
f 4354/1123/800 4358/1127/801 540/1085/696
f 4354/1123/800 540/1085/696 4385/1082/695
f 4359/1127/802 4362/1130/803 542/1087/700
f 4359/1127/802 542/1087/700 4388/1085/699
f 4363/1130/804 4361/1111/805 4387/1078/703
f 4363/1130/804 4387/1078/703 4390/1087/702
f 547/1092/709 546/1091/708 618/1133/783
f 547/1092/709 618/1133/783 617/1132/782
f 4258/1091/713 549/1094/712 619/1134/785
f 4258/1091/713 619/1134/785 4297/1133/784
f 553/1098/717 552/1097/716 621/1136/787
f 553/1098/717 621/1136/787 620/1135/786
f 4257/1097/721 555/1100/720 622/1137/789
f 4257/1097/721 622/1137/789 4296/1136/788
f 4261/1100/725 557/1102/724 623/1138/791
f 4261/1100/725 623/1138/791 4301/1137/790
f 4264/1102/728 4262/1092/727 4302/1132/793
f 4264/1102/728 4302/1132/793 4303/1138/792
f 624/158/57 625/1139/57 626/1140/57
f 624/158/57 626/1140/57 627/155/57
f 630/1141/806 28/815/326 27/814/325
f 630/1141/806 27/814/325 631/1142/807
f 4204/1142/808 4295/814/809 4287/811/810
f 4204/1142/808 4287/811/810 632/1143/811
f 4203/1143/812 24/811/322 26/813/324
f 4203/1143/812 26/813/324 633/1144/813
f 4287/811/810 4295/814/809 4337/816/814
f 4287/811/810 4337/816/814 4338/812/815
f 25/812/323 634/1145/80 635/1146/816
f 25/812/323 635/1146/816 26/813/324
f 29/816/327 28/815/326 636/1147/817
f 29/816/327 636/1147/817 637/1148/818
f 4338/812/815 4337/816/814 4383/1148/819
f 4338/812/815 4383/1148/819 4382/1145/820
f 638/159/58 640/161/58 641/166/58
f 4154/166/821 4209/161/822 642/1149/823
f 4154/166/821 642/1149/823 643/1150/824
f 648/1151/825 649/1152/826 4206/1149/827
f 648/1151/825 4206/1149/827 4210/161/825
f 650/1153/828 651/1154/829 4155/166/829
f 650/1153/828 4155/166/829 4162/1150/830
f 652/1155/831 650/1153/828 4162/1150/830
f 652/1155/831 4162/1150/830 4152/162/831
f 4206/1149/827 649/1152/826 653/1156/832
f 4206/1149/827 653/1156/832 4219/163/832
f 643/1150/824 642/1149/823 4220/163/833
f 643/1150/824 4220/163/833 4153/162/834
f 4373/161/835 4414/166/836 658/1150/837
f 4373/161/835 658/1150/837 659/1149/838
f 660/163/64 661/162/839 662/165/65
f 664/1154/840 665/1153/841 4406/1150/841
f 664/1154/840 4406/1150/841 4415/166/840
f 666/1152/842 667/1151/843 4374/161/843
f 666/1152/842 4374/161/843 4381/1149/844
f 659/1149/838 658/1150/837 4410/162/845
f 659/1149/838 4410/162/845 4375/163/846
f 668/1156/847 666/1152/842 4381/1149/844
f 668/1156/847 4381/1149/844 4376/163/847
f 4406/1150/841 665/1153/841 669/1155/848
f 4406/1150/841 669/1155/848 4411/162/848
f 670/1157/849 671/1158/850 672/1159/851
f 670/1157/849 672/1159/851 673/1160/852
f 4275/1158/853 674/1161/853 675/1162/854
f 4275/1158/853 675/1162/854 4263/1159/855
f 676/1163/856 4250/1157/856 4255/1160/857
f 676/1163/856 4255/1160/857 677/1164/858
f 673/1160/852 672/1159/851 678/1165/859
f 673/1160/852 678/1165/859 679/1166/859
f 677/1164/858 4255/1160/857 4251/1166/860
f 677/1164/858 4251/1166/860 680/1167/860
f 4263/1159/855 675/1162/854 681/1168/861
f 4263/1159/855 681/1168/861 4270/1165/861
f 682/167/1 684/169/1 685/170/1
f 4279/168/862 690/1169/862 691/1170/862
f 4279/168/862 691/1170/862 4292/169/862
f 704/187/73 4340/177/73 4342/180/73
f 706/1171/863 707/1172/864 708/1173/865
f 706/1171/863 708/1173/865 709/1174/866
f 4371/1172/867 710/1175/867 711/1176/868
f 4371/1172/867 711/1176/868 4369/1173/869
f 709/1174/866 708/1173/865 712/1177/870
f 709/1174/866 712/1177/870 713/1178/870
f 4369/1173/869 711/1176/868 714/1179/871
f 4369/1173/869 714/1179/871 4372/1177/871
f 4366/1174/872 4346/1178/873 715/1180/873
f 4366/1174/872 715/1180/873 716/1181/874
f 716/1181/874 717/1182/875 4345/1171/875
f 716/1181/874 4345/1171/875 4366/1174/872
f 718/196/876 719/195/877 720/1183/878
f 718/196/876 720/1183/878 721/1184/879
f 728/1185/880 729/1186/881 730/1187/882
f 728/1185/880 730/1187/882 731/1188/883
f 732/1189/884 733/1190/885 734/1191/886
f 732/1189/884 734/1191/886 735/1192/887
f 721/1184/879 720/1183/878 4496/190/888
f 721/1184/879 4496/190/888 4412/189/889
f 735/1192/887 734/1191/886 736/1193/890
f 735/1192/887 736/1193/890 737/1194/891
f 731/1188/883 730/1187/882 738/1195/892
f 731/1188/883 738/1195/892 739/1196/893
f 4124/198/894 744/1197/894 745/1198/895
f 4124/198/894 745/1198/895 4121/199/896
f 746/1199/897 4097/197/897 4099/200/898
f 746/1199/897 4099/200/898 747/1200/899
f 747/1200/899 4099/200/898 4098/202/900
f 747/1200/899 4098/202/900 750/1201/900
f 4121/199/896 745/1198/895 751/1202/901
f 4121/199/896 751/1202/901 4125/201/901
f 752/197/1 754/199/1 755/198/1
f 4424/198/902 4440/199/903 756/1198/904
f 4424/198/902 756/1198/904 757/1197/902
f 758/1199/905 759/1200/906 4483/200/907
f 758/1199/905 4483/200/907 4486/197/905
f 753/200/1 761/201/1 754/199/1
f 759/1200/906 762/1201/908 4491/202/908
f 759/1200/906 4491/202/908 4483/200/907
f 4440/199/903 4439/201/909 763/1202/909
f 4440/199/903 763/1202/909 756/1198/904
f 772/216/910 773/1203/911 774/1204/912
f 772/216/910 774/1204/912 775/217/913
f 782/1205/914 783/1206/915 784/1187/916
f 782/1205/914 784/1187/916 785/1207/917
f 786/1208/918 787/1209/919 788/1191/920
f 786/1208/918 788/1191/920 789/1210/921
f 773/1203/911 4143/211/922 4084/214/923
f 773/1203/911 4084/214/923 774/1204/912
f 787/1209/919 790/1211/924 791/1212/925
f 787/1209/919 791/1212/925 788/1191/920
f 783/1206/915 792/1213/926 793/1214/927
f 783/1206/915 793/1214/927 784/1187/916
f 794/1215/928 31/818/329 33/820/331
f 794/1215/928 33/820/331 795/1216/929
f 796/1217/930 797/1218/931 31/818/329
f 796/1217/930 31/818/329 794/1215/928
f 798/1219/932 799/1220/933 797/1218/931
f 798/1219/932 797/1218/931 796/1217/930
f 800/1221/934 34/821/332 36/823/334
f 800/1221/934 36/823/334 801/1222/935
f 35/822/333 802/1223/936 803/1224/937
f 35/822/333 803/1224/937 36/823/334
f 797/1218/931 799/1220/933 804/1225/938
f 797/1218/931 804/1225/938 805/1226/939
f 31/818/329 797/1218/931 805/1226/939
f 31/818/329 805/1226/939 806/1227/940
f 32/819/330 31/818/329 806/1227/940
f 32/819/330 806/1227/940 807/1228/941
f 801/1222/935 36/823/334 799/1220/933
f 801/1222/935 799/1220/933 798/1219/932
f 804/1225/938 799/1220/933 36/823/334
f 804/1225/938 36/823/334 803/1224/937
f 808/1215/942 809/1216/929 4538/820/943
f 808/1215/942 4538/820/943 39/818/337
f 810/1217/944 808/1215/942 39/818/337
f 810/1217/944 39/818/337 811/1218/945
f 812/1219/946 810/1217/944 811/1218/945
f 812/1219/946 811/1218/945 813/1220/947
f 814/1221/948 815/1222/949 42/823/340
f 814/1221/948 42/823/340 41/821/339
f 43/822/341 42/823/340 816/1224/950
f 43/822/341 816/1224/950 817/1223/936
f 811/1218/945 818/1226/939 819/1225/938
f 811/1218/945 819/1225/938 813/1220/947
f 39/818/337 820/1227/940 818/1226/939
f 39/818/337 818/1226/939 811/1218/945
f 38/819/336 821/1228/941 820/1227/940
f 38/819/336 820/1227/940 39/818/337
f 815/1222/949 812/1219/946 813/1220/947
f 815/1222/949 813/1220/947 42/823/340
f 819/1225/938 816/1224/950 42/823/340
f 819/1225/938 42/823/340 813/1220/947
f 828/228/7 829/1229/7 3577/6/7
f 44/6/2 52/11/2 45/7/2
f 56/15/1 855/246/1 854/245/1
f 57/16/1 861/252/1 58/17/1
f 59/15/1 866/250/1 867/249/1
f 857/248/1 870/253/1 871/254/1
f 876/1230/951 877/1231/952 878/1232/952
f 876/1230/951 878/1232/952 879/1233/953
f 4497/1231/954 882/1234/955 883/1235/956
f 4497/1231/954 883/1235/956 4498/1232/954
f 882/1234/955 884/1236/957 885/1237/957
f 882/1234/955 885/1237/957 883/1235/956
f 4520/262/958 890/1238/959 891/1239/960
f 4520/262/958 891/1239/960 4521/263/958
f 890/1238/959 892/265/961 893/268/961
f 890/1238/959 893/268/961 891/1239/960
f 898/1240/962 876/1230/951 879/1233/953
f 898/1240/962 879/1233/953 899/1241/962
f 900/1231/963 901/1230/964 902/1233/965
f 900/1231/963 902/1233/965 903/1232/963
f 908/1234/966 4085/1231/967 4086/1232/967
f 908/1234/966 4086/1232/967 909/1235/968
f 4107/255/969 910/259/969 911/260/969
f 4107/255/969 911/260/969 4108/258/969
f 912/1238/970 913/262/971 914/263/971
f 912/1238/970 914/263/971 915/1239/972
f 918/1236/973 908/1234/966 909/1235/968
f 918/1236/973 909/1235/968 919/1237/973
f 4111/265/974 912/1238/970 915/1239/972
f 4111/265/974 915/1239/972 4112/268/974
f 901/1230/964 4304/1240/975 4305/1241/975
f 901/1230/964 4305/1241/975 902/1233/965
f 4307/269/976 4158/256/976 4159/257/976
f 4307/269/976 4159/257/976 4308/270/976
f 925/272/97 928/279/97 929/275/97
f 937/1242/977 938/1243/978 939/1244/979
f 937/1242/977 939/1244/979 940/1245/980
f 938/1243/978 941/1246/981 942/1247/982
f 938/1243/978 942/1247/982 939/1244/979
f 941/1246/981 943/1248/983 944/1249/984
f 941/1246/981 944/1249/984 942/1247/982
f 943/1248/983 945/1250/985 946/1251/986
f 943/1248/983 946/1251/986 944/1249/984
f 945/1250/985 947/1252/987 948/1253/988
f 945/1250/985 948/1253/988 946/1251/986
f 947/1252/987 949/1254/989 950/1255/990
f 947/1252/987 950/1255/990 948/1253/988
f 949/1254/989 951/1256/991 952/1257/992
f 949/1254/989 952/1257/992 950/1255/990
f 951/1256/991 953/1258/993 954/1259/994
f 951/1256/991 954/1259/994 952/1257/992
f 953/1258/993 955/1260/995 956/1261/996
f 953/1258/993 956/1261/996 954/1259/994
f 957/1262/997 958/1263/998 959/1264/999
f 957/1262/997 959/1264/999 960/1265/1000
f 958/1263/998 961/1266/1001 962/1267/1002
f 958/1263/998 962/1267/1002 959/1264/999
f 961/1266/1001 963/1268/1003 964/1269/1004
f 961/1266/1001 964/1269/1004 962/1267/1002
f 963/1268/1003 937/1242/977 940/1245/980
f 963/1268/1003 940/1245/980 964/1269/1004
f 940/1245/980 939/1244/979 965/1270/1005
f 940/1245/980 965/1270/1005 966/1271/1006
f 939/1244/979 942/1247/982 967/1272/1007
f 939/1244/979 967/1272/1007 965/1270/1005
f 942/1247/982 944/1249/984 968/1273/1008
f 942/1247/982 968/1273/1008 967/1272/1007
f 944/1249/984 946/1251/986 969/1274/1009
f 944/1249/984 969/1274/1009 968/1273/1008
f 946/1251/986 948/1253/988 970/1275/1010
f 946/1251/986 970/1275/1010 969/1274/1009
f 948/1253/988 950/1255/990 971/1276/1011
f 948/1253/988 971/1276/1011 970/1275/1010
f 950/1255/990 952/1257/992 972/1277/1012
f 950/1255/990 972/1277/1012 971/1276/1011
f 952/1257/992 954/1259/994 973/1278/1013
f 952/1257/992 973/1278/1013 972/1277/1012
f 954/1259/994 956/1261/996 974/1279/1014
f 954/1259/994 974/1279/1014 973/1278/1013
f 960/1265/1000 959/1264/999 975/1280/1015
f 960/1265/1000 975/1280/1015 976/1281/1016
f 959/1264/999 962/1267/1002 977/1282/1017
f 959/1264/999 977/1282/1017 975/1280/1015
f 962/1267/1002 964/1269/1004 978/1283/1018
f 962/1267/1002 978/1283/1018 977/1282/1017
f 964/1269/1004 940/1245/980 966/1271/1006
f 964/1269/1004 966/1271/1006 978/1283/1018
f 966/1271/1006 965/1270/1005 979/1284/1019
f 966/1271/1006 979/1284/1019 980/1285/1020
f 965/1270/1005 967/1272/1007 981/1286/1021
f 965/1270/1005 981/1286/1021 979/1284/1019
f 967/1272/1007 968/1273/1008 982/1287/1022
f 967/1272/1007 982/1287/1022 981/1286/1021
f 968/1273/1008 969/1274/1009 983/1288/1023
f 968/1273/1008 983/1288/1023 982/1287/1022
f 969/1274/1009 970/1275/1010 984/1289/1024
f 969/1274/1009 984/1289/1024 983/1288/1023
f 970/1275/1010 971/1276/1011 985/1290/1025
f 970/1275/1010 985/1290/1025 984/1289/1024
f 971/1276/1011 972/1277/1012 986/1291/1026
f 971/1276/1011 986/1291/1026 985/1290/1025
f 972/1277/1012 973/1278/1013 987/1292/1027
f 972/1277/1012 987/1292/1027 986/1291/1026
f 973/1278/1013 974/1279/1014 988/1293/1028
f 973/1278/1013 988/1293/1028 987/1292/1027
f 976/1281/1016 975/1280/1015 989/1294/1029
f 976/1281/1016 989/1294/1029 990/1295/1028
f 975/1280/1015 977/1282/1017 991/1296/1030
f 975/1280/1015 991/1296/1030 989/1294/1029
f 977/1282/1017 978/1283/1018 992/1297/1031
f 977/1282/1017 992/1297/1031 991/1296/1030
f 978/1283/1018 966/1271/1006 980/1285/1020
f 978/1283/1018 980/1285/1020 992/1297/1031
f 980/1285/1020 979/1284/1019 993/1298/1032
f 980/1285/1020 993/1298/1032 994/1299/1033
f 979/1284/1019 981/1286/1021 995/1300/1034
f 979/1284/1019 995/1300/1034 993/1298/1032
f 981/1286/1021 982/1287/1022 996/1301/1035
f 981/1286/1021 996/1301/1035 995/1300/1034
f 982/1287/1022 983/1288/1023 997/1302/1036
f 982/1287/1022 997/1302/1036 996/1301/1035
f 983/1288/1023 984/1289/1024 998/1303/1037
f 983/1288/1023 998/1303/1037 997/1302/1036
f 984/1289/1024 985/1290/1025 999/1304/1038
f 984/1289/1024 999/1304/1038 998/1303/1037
f 985/1290/1025 986/1291/1026 1000/1305/1039
f 985/1290/1025 1000/1305/1039 999/1304/1038
f 986/1291/1026 987/1292/1027 1001/1306/1040
f 986/1291/1026 1001/1306/1040 1000/1305/1039
f 987/1292/1027 988/1293/1028 1002/1307/1041
f 987/1292/1027 1002/1307/1041 1001/1306/1040
f 990/1295/1028 989/1294/1029 1003/1308/1042
f 990/1295/1028 1003/1308/1042 1004/1309/1043
f 989/1294/1029 991/1296/1030 1005/1310/1044
f 989/1294/1029 1005/1310/1044 1003/1308/1042
f 991/1296/1030 992/1297/1031 1006/1311/1045
f 991/1296/1030 1006/1311/1045 1005/1310/1044
f 992/1297/1031 980/1285/1020 994/1299/1033
f 992/1297/1031 994/1299/1033 1006/1311/1045
f 994/1299/1033 993/1298/1032 1007/1312/1046
f 994/1299/1033 1007/1312/1046 1008/1313/1047
f 993/1298/1032 995/1300/1034 1009/1314/1048
f 993/1298/1032 1009/1314/1048 1007/1312/1046
f 995/1300/1034 996/1301/1035 1010/1315/1049
f 995/1300/1034 1010/1315/1049 1009/1314/1048
f 996/1301/1035 997/1302/1036 1011/1316/1050
f 996/1301/1035 1011/1316/1050 1010/1315/1049
f 997/1302/1036 998/1303/1037 1012/1317/1051
f 997/1302/1036 1012/1317/1051 1011/1316/1050
f 998/1303/1037 999/1304/1038 1013/1318/1052
f 998/1303/1037 1013/1318/1052 1012/1317/1051
f 999/1304/1038 1000/1305/1039 1014/1319/1053
f 999/1304/1038 1014/1319/1053 1013/1318/1052
f 1000/1305/1039 1001/1306/1040 1015/1320/1054
f 1000/1305/1039 1015/1320/1054 1014/1319/1053
f 1001/1306/1040 1002/1307/1041 1016/1321/1055
f 1001/1306/1040 1016/1321/1055 1015/1320/1054
f 1004/1309/1043 1003/1308/1042 1017/1322/1056
f 1004/1309/1043 1017/1322/1056 1018/1323/1055
f 1003/1308/1042 1005/1310/1044 1019/1324/1057
f 1003/1308/1042 1019/1324/1057 1017/1322/1056
f 1005/1310/1044 1006/1311/1045 1020/1325/1058
f 1005/1310/1044 1020/1325/1058 1019/1324/1057
f 1006/1311/1045 994/1299/1033 1008/1313/1047
f 1006/1311/1045 1008/1313/1047 1020/1325/1058
f 4271/826/1059 4268/825/1060 4327/829/1060
f 4271/826/1059 4327/829/1060 4325/828/1061
f 4271/826/1059 4325/828/1061 4321/832/1062
f 4271/826/1059 4321/832/1062 4276/834/1063
f 4276/834/1063 4321/832/1062 4319/831/1064
f 4276/834/1063 4319/831/1064 4281/835/1065
f 4281/835/1065 4319/831/1064 4315/838/1066
f 4281/835/1065 4315/838/1066 4285/840/1067
f 4285/840/1067 4315/838/1066 4313/837/1068
f 4285/840/1067 4313/837/1068 4288/841/1069
f 4288/841/1069 4313/837/1068 1021/1326/1070
f 4288/841/1069 1021/1326/1070 1022/1327/1071
f 1022/1327/1071 1021/1326/1070 4314/844/1072
f 1022/1327/1071 4314/844/1072 4289/846/1073
f 4289/846/1073 4314/844/1072 4317/843/1074
f 4289/846/1073 4317/843/1074 4286/847/1075
f 4286/847/1075 4317/843/1074 4320/850/1076
f 4286/847/1075 4320/850/1076 4282/852/1077
f 4282/852/1077 4320/850/1076 4322/849/1078
f 4282/852/1077 4322/849/1078 4277/853/1079
f 4277/853/1079 4322/849/1078 4326/856/1080
f 4277/853/1079 4326/856/1080 4272/858/1081
f 4272/858/1081 4326/856/1080 4328/855/1082
f 4272/858/1081 4328/855/1082 4269/859/1082
f 65/827/345 68/830/348 70/832/350
f 65/827/345 70/832/350 66/828/346
f 71/833/351 62/824/342 64/826/344
f 71/833/351 64/826/344 72/834/352
f 68/830/348 74/836/354 76/838/356
f 68/830/348 76/838/356 69/831/349
f 77/839/357 71/833/351 73/835/353
f 77/839/357 73/835/353 78/840/358
f 74/836/354 1023/1328/1083 4312/1326/1084
f 74/836/354 4312/1326/1084 75/837/355
f 1024/1329/1085 77/839/357 79/841/359
f 1024/1329/1085 79/841/359 4290/1327/1086
f 1023/1328/1083 80/842/360 82/844/362
f 1023/1328/1083 82/844/362 4312/1326/1084
f 83/845/363 1024/1329/1085 4290/1327/1086
f 83/845/363 4290/1327/1086 84/846/364
f 80/842/360 86/848/366 88/850/368
f 80/842/360 88/850/368 81/843/361
f 89/851/369 83/845/363 85/847/365
f 89/851/369 85/847/365 90/852/370
f 86/848/366 92/854/372 94/856/374
f 86/848/366 94/856/374 87/849/367
f 95/857/375 89/851/369 91/853/371
f 95/857/375 91/853/371 96/858/376
f 1025/1330/1087 1026/1331/1088 1027/1332/1089
f 1025/1330/1087 1027/1332/1089 1028/1333/1090
f 1026/1331/1088 1029/1334/1091 1030/1335/1092
f 1026/1331/1088 1030/1335/1092 1027/1332/1089
f 1029/1334/1091 1031/1336/1093 1032/1337/1094
f 1029/1334/1091 1032/1337/1094 1030/1335/1092
f 1031/1336/1093 1033/1338/1095 1034/1339/1096
f 1031/1336/1093 1034/1339/1096 1032/1337/1094
f 1035/1340/1097 1036/1341/1098 1037/1342/1099
f 1035/1340/1097 1037/1342/1099 1038/1343/1096
f 1036/1341/1098 1039/1344/1100 1040/1345/1101
f 1036/1341/1098 1040/1345/1101 1037/1342/1099
f 1039/1344/1100 1041/1346/1102 1042/1347/1103
f 1039/1344/1100 1042/1347/1103 1040/1345/1101
f 1041/1346/1102 1043/1348/1104 1044/1349/1105
f 1041/1346/1102 1044/1349/1105 1042/1347/1103
f 1043/1348/1104 1045/1350/1106 1046/1351/1107
f 1043/1348/1104 1046/1351/1107 1044/1349/1105
f 1045/1350/1106 1047/1352/1108 1048/1353/1109
f 1045/1350/1106 1048/1353/1109 1046/1351/1107
f 1047/1352/1108 1049/1354/1110 1050/1355/1111
f 1047/1352/1108 1050/1355/1111 1048/1353/1109
f 1049/1354/1110 1025/1330/1087 1028/1333/1090
f 1049/1354/1110 1028/1333/1090 1050/1355/1111
f 1051/284/4 1052/289/3 1053/285/4
f 1057/1356/1112 1058/1357/1113 1059/1358/1114
f 1057/1356/1112 1059/1358/1114 1060/1359/1115
f 1061/1360/1116 1062/1361/1117 1058/1357/1113
f 1061/1360/1116 1058/1357/1113 1057/1356/1112
f 1063/1362/1118 1064/1363/1119 1062/1361/1117
f 1063/1362/1118 1062/1361/1117 1061/1360/1116
f 1065/1364/1120 1066/1365/1121 1064/1363/1119
f 1065/1364/1120 1064/1363/1119 1063/1362/1118
f 1067/1366/1122 1068/1367/1123 1066/1365/1121
f 1067/1366/1122 1066/1365/1121 1065/1364/1120
f 1069/1368/1124 1070/1369/1125 1068/1367/1123
f 1069/1368/1124 1068/1367/1123 1067/1366/1122
f 1071/1370/1126 1072/1371/1127 1070/1369/1125
f 1071/1370/1126 1070/1369/1125 1069/1368/1124
f 1073/1372/1128 1074/1373/1129 1072/1371/1127
f 1073/1372/1128 1072/1371/1127 1071/1370/1126
f 1060/1359/1115 1059/1358/1114 1074/1373/1129
f 1060/1359/1115 1074/1373/1129 1073/1372/1128
f 4575/1358/1130 1058/1357/1113 1075/1374/1131
f 4575/1358/1130 1075/1374/1131 1076/1375/1132
f 1058/1357/1113 1062/1361/1117 1077/1376/1133
f 1058/1357/1113 1077/1376/1133 1075/1374/1131
f 1062/1361/1117 1064/1363/1119 104/860/378
f 1062/1361/1117 104/860/378 1077/1376/1133
f 1064/1363/1119 1066/1365/1121 105/861/379
f 1064/1363/1119 105/861/379 104/860/378
f 1066/1365/1121 1068/1367/1123 106/862/380
f 1066/1365/1121 106/862/380 105/861/379
f 1068/1367/1123 1070/1369/1125 1078/1377/1134
f 1068/1367/1123 1078/1377/1134 106/862/380
f 1070/1369/1125 1072/1371/1127 1079/1378/1135
f 1070/1369/1125 1079/1378/1135 1078/1377/1134
f 1072/1371/1127 4572/1373/1136 1080/1379/1137
f 1072/1371/1127 1080/1379/1137 1079/1378/1135
f 4572/1373/1136 4575/1358/1130 1076/1375/1132
f 4572/1373/1136 1076/1375/1132 1080/1379/1137
f 1078/1377/1134 1079/1378/1135 1075/1374/1131
f 1078/1377/1134 1075/1374/1131 1077/1376/1133
f 1079/1378/1135 1080/1379/1137 1076/1375/1132
f 1079/1378/1135 1076/1375/1132 1075/1374/1131
f 1077/1376/1133 104/860/378 106/862/380
f 1077/1376/1133 106/862/380 1078/1377/1134
f 1081/1380/1138 1082/1381/1139 1083/1382/1140
f 1081/1380/1138 1083/1382/1140 1084/1383/1141
f 1082/1381/1139 1085/1384/1142 1086/1385/1143
f 1082/1381/1139 1086/1385/1143 1083/1382/1140
f 1085/1384/1142 1087/1386/1144 1088/1387/1145
f 1085/1384/1142 1088/1387/1145 1086/1385/1143
f 4571/1386/1146 1089/1388/1147 1090/1389/1148
f 4571/1386/1146 1090/1389/1148 4567/1387/1149
f 1089/1388/1147 1091/1390/1150 1092/1391/1151
f 1089/1388/1147 1092/1391/1151 1090/1389/1148
f 4541/1390/1152 1093/1392/1153 1094/1393/1154
f 4541/1390/1152 1094/1393/1154 4542/1391/1155
f 1093/1392/1153 1095/1394/1156 1096/1395/1157
f 1093/1392/1153 1096/1395/1157 1094/1393/1154
f 1095/1394/1156 1097/1396/1158 1098/1397/1159
f 1095/1394/1156 1098/1397/1159 1096/1395/1157
f 1097/1396/1158 1099/1398/1160 1100/1399/1161
f 1097/1396/1158 1100/1399/1161 1098/1397/1159
f 1099/1398/1160 1101/1400/1162 1102/1401/1163
f 1099/1398/1160 1102/1401/1163 1100/1399/1161
f 1101/1400/1162 1103/1402/1164 1104/1403/1165
f 1101/1400/1162 1104/1403/1165 1102/1401/1163
f 1103/1402/1164 1105/1404/1166 1106/1405/1167
f 1103/1402/1164 1106/1405/1167 1104/1403/1165
f 1105/1404/1166 1081/1380/1138 1084/1383/1141
f 1105/1404/1166 1084/1383/1141 1106/1405/1167
f 4607/1383/1168 4601/1382/1169 1107/1406/1170
f 4607/1383/1168 1107/1406/1170 1108/1407/1171
f 4601/1382/1169 4587/1385/1172 1109/1408/1173
f 4601/1382/1169 1109/1408/1173 1107/1406/1170
f 4587/1385/1172 4568/1387/1174 1110/1409/1175
f 4587/1385/1172 1110/1409/1175 1109/1408/1173
f 4568/1387/1174 4552/1389/1176 1111/1410/1177
f 4568/1387/1174 1111/1410/1177 1110/1409/1175
f 4552/1389/1176 4543/1391/1178 1112/1411/1179
f 4552/1389/1176 1112/1411/1179 1111/1410/1177
f 4543/1391/1178 4527/1393/1180 1113/1412/1181
f 4543/1391/1178 1113/1412/1181 1112/1411/1179
f 4527/1393/1180 4516/1395/1182 1114/1413/1183
f 4527/1393/1180 1114/1413/1183 1113/1412/1181
f 4516/1395/1182 4531/1397/1184 1115/1414/1185
f 4516/1395/1182 1115/1414/1185 1114/1413/1183
f 4531/1397/1184 4539/1399/1186 1116/1415/1187
f 4531/1397/1184 1116/1415/1187 1115/1414/1185
f 4539/1399/1186 4555/1401/1188 1117/1416/1189
f 4539/1399/1186 1117/1416/1189 1116/1415/1187
f 4555/1401/1188 4584/1403/1190 1118/1417/1191
f 4555/1401/1188 1118/1417/1191 1117/1416/1189
f 4584/1403/1190 4599/1405/1192 1119/1418/1193
f 4584/1403/1190 1119/1418/1193 1118/1417/1191
f 4599/1405/1192 4607/1383/1168 1108/1407/1171
f 4599/1405/1192 1108/1407/1171 1119/1418/1193
f 4600/1407/1194 4594/1406/1195 4593/864/1196
f 4600/1407/1194 4593/864/1196 4598/863/1197
f 4594/1406/1195 4586/1408/1198 4585/866/1199
f 4594/1406/1195 4585/866/1199 4593/864/1196
f 4586/1408/1198 4565/1409/1200 4569/867/1201
f 4586/1408/1198 4569/867/1201 4585/866/1199
f 4566/1409/1202 4558/1410/1203 4556/868/1204
f 4566/1409/1202 4556/868/1204 4570/867/1205
f 4558/1410/1203 4548/1411/1206 4546/869/1206
f 4558/1410/1203 4546/869/1206 4556/868/1204
f 4549/1411/1207 4532/1412/1208 4530/870/1209
f 4549/1411/1207 4530/870/1209 4547/869/1210
f 4532/1412/1208 4529/1413/1211 4528/871/1212
f 4532/1412/1208 4528/871/1212 4530/870/1209
f 4529/1413/1211 4537/1414/1213 4536/872/1214
f 4529/1413/1211 4536/872/1214 4528/871/1212
f 4537/1414/1213 4545/1415/1215 4544/873/1216
f 4537/1414/1213 4544/873/1216 4536/872/1214
f 4545/1415/1215 4559/1416/1217 4557/874/1218
f 4545/1415/1215 4557/874/1218 4544/873/1216
f 4559/1416/1217 4579/1417/1219 4578/875/1220
f 4559/1416/1217 4578/875/1220 4557/874/1218
f 4579/1417/1219 4592/1418/1221 4591/876/1222
f 4579/1417/1219 4591/876/1222 4578/875/1220
f 4592/1418/1221 4600/1407/1194 4598/863/1197
f 4592/1418/1221 4598/863/1197 4591/876/1222
f 1120/1419/1223 1121/1420/1224 1122/1421/1225
f 1120/1419/1223 1122/1421/1225 1123/1422/1223
f 1121/1420/1224 1124/1423/1226 1125/1424/1227
f 1121/1420/1224 1125/1424/1227 1122/1421/1225
f 1124/1423/1226 1126/1425/1228 1127/1426/1229
f 1124/1423/1226 1127/1426/1229 1125/1424/1227
f 1126/1425/1228 1128/1427/1230 1129/1428/1231
f 1126/1425/1228 1129/1428/1231 1127/1426/1229
f 1130/1429/1232 1131/1430/1233 1132/1431/1234
f 1130/1429/1232 1132/1431/1234 1133/1432/1231
f 4619/293/1235 4620/292/1235 1138/1433/1236
f 4619/293/1235 1138/1433/1236 1139/1434/1237
f 1140/1435/1238 4635/1420/1239 4634/1419/6
f 1140/1435/1238 4634/1419/6 1141/1436/6
f 1139/1434/1237 1138/1433/1236 1142/1437/1240
f 1139/1434/1237 1142/1437/1240 1143/1438/1241
f 1144/1439/1242 4631/1423/1243 4635/1420/1239
f 1144/1439/1242 4635/1420/1239 1140/1435/1238
f 1143/1438/1241 1142/1437/1240 1145/1440/1244
f 1143/1438/1241 1145/1440/1244 1146/1441/1245
f 1147/1442/1246 4623/1425/1247 4631/1423/1243
f 1147/1442/1246 4631/1423/1243 1144/1439/1242
f 1146/1441/1245 1145/1440/1244 1148/1443/1248
f 1146/1441/1245 1148/1443/1248 1149/1444/1249
f 1150/1445/1250 4608/1427/1251 4623/1425/1247
f 1150/1445/1250 4623/1425/1247 1147/1442/1246
f 1151/1446/1252 4597/1432/1248 4562/1431/1253
f 1151/1446/1252 4562/1431/1253 1152/1447/1254
f 1153/1448/1255 4573/1430/1256 4609/1429/1257
f 1153/1448/1255 4609/1429/1257 1154/1449/1258
f 1155/1450/1255 1156/1451/1259 1157/1452/1260
f 1155/1450/1255 1157/1452/1260 4574/1453/1261
f 1158/1453/1233 4306/1452/1 1159/1454/1
f 1158/1453/1233 1159/1454/1 1160/1455/1262
f 1161/1456/1263 1162/1457/1264 1163/1458/1265
f 1161/1456/1263 1163/1458/1265 1164/1459/1266
f 1165/1460/1223 1166/1422/1223 1167/1421/1267
f 1165/1460/1223 1167/1421/1267 1168/1420/1268
f 1168/1420/1268 1167/1421/1267 1169/1461/1269
f 1168/1420/1268 1169/1461/1269 1170/1462/1270
f 1170/1462/1270 1169/1461/1269 1171/1426/1271
f 1170/1462/1270 1171/1426/1271 1172/1425/1272
f 1172/1425/1272 1171/1426/1271 1173/1428/1273
f 1172/1425/1272 1173/1428/1273 1174/1463/1274
f 1175/1429/1274 1176/1432/1273 1177/1431/1275
f 1175/1429/1274 1177/1431/1275 1178/1464/1276
f 3673/293/1277 1183/1434/1278 1184/1433/1279
f 3673/293/1277 1184/1433/1279 3674/292/1277
f 1185/1435/1280 1186/1436/7 3612/1460/7
f 1185/1435/1280 3612/1460/7 3613/1420/1281
f 1183/1434/1278 1187/1438/1282 1188/1437/1283
f 1183/1434/1278 1188/1437/1283 1184/1433/1279
f 1189/1439/1284 1185/1435/1280 3613/1420/1281
f 1189/1439/1284 3613/1420/1281 3618/1462/1285
f 1187/1438/1282 1190/1441/1286 1191/1440/1287
f 1187/1438/1282 1191/1440/1287 1188/1437/1283
f 1192/1442/1288 1189/1439/1284 3618/1462/1285
f 1192/1442/1288 3618/1462/1285 3651/1425/1289
f 1190/1441/1286 1193/1444/1290 1194/1443/1291
f 1190/1441/1286 1194/1443/1291 1191/1440/1287
f 1195/1445/1292 1192/1442/1288 3651/1425/1289
f 1195/1445/1292 3651/1425/1289 3739/1463/1293
f 1196/1446/1294 1197/1447/1295 3888/1431/1296
f 1196/1446/1294 3888/1431/1296 3784/1432/1297
f 1198/1448/1298 1199/1449/1299 3740/1429/1293
f 1198/1448/1298 3740/1429/1293 3862/1464/1300
f 1200/1450/1298 3863/1453/1300 1157/1452/1260
f 1200/1450/1298 1157/1452/1260 1156/1451/1259
f 1201/1453/1301 1202/1465/1275 1203/1466/1
f 1201/1453/1301 1203/1466/1 4306/1452/1
f 1204/1456/1296 1205/1459/1302 1163/1458/1265
f 1204/1456/1296 1163/1458/1265 1162/1457/1264
f 1206/1467/1303 1207/1468/1303 1208/1469/1304
f 1206/1467/1303 1208/1469/1304 1209/1470/1305
f 1210/1471/1306 1211/1472/1306 1212/1469/1307
f 1210/1471/1306 1212/1469/1307 1213/1470/1308
f 1214/1471/1309 1215/1472/1310 1216/1469/1311
f 1214/1471/1309 1216/1469/1311 1217/1470/1312
f 1218/1471/1313 1219/1472/1313 1220/1469/1314
f 1218/1471/1313 1220/1469/1314 1221/1470/1315
f 1222/1471/1316 1223/1472/1316 1224/1469/1317
f 1222/1471/1316 1224/1469/1317 1225/1470/1318
f 1226/1471/1319 1227/1472/1319 1228/1469/1320
f 1226/1471/1319 1228/1469/1320 1229/1470/1321
f 1221/1470/1315 1220/1469/1314 1236/1473/1322
f 1221/1470/1315 1236/1473/1322 1237/1474/1322
f 1217/1470/1312 1216/1469/1311 1238/1473/1323
f 1217/1470/1312 1238/1473/1323 1239/1474/1323
f 1213/1470/1308 1212/1469/1307 1240/1473/1324
f 1213/1470/1308 1240/1473/1324 1241/1474/1324
f 1209/1470/1305 1208/1469/1304 1242/1473/1325
f 1209/1470/1305 1242/1473/1325 1243/1474/1325
f 1229/1470/1321 1228/1469/1320 1244/1473/1326
f 1229/1470/1321 1244/1473/1326 1245/1474/1326
f 1225/1470/1318 1224/1469/1317 1246/1473/1327
f 1225/1470/1318 1246/1473/1327 1247/1474/1327
f 1248/1475/1328 1249/1476/1328 1250/1477/1329
f 1248/1475/1328 1250/1477/1329 1251/1478/1330
f 1252/1479/1331 1253/1480/1331 1254/1478/1332
f 1252/1479/1331 1254/1478/1332 4522/1477/1333
f 1255/1479/1334 1256/1480/1334 1257/1478/1335
f 1255/1479/1334 1257/1478/1335 1258/1477/1336
f 1259/1479/1337 1260/1480/1337 1261/1478/1338
f 1259/1479/1337 1261/1478/1338 1262/1477/1339
f 1263/1479/1340 1264/1480/1340 1265/1478/1341
f 1263/1479/1340 1265/1478/1341 1266/1477/1342
f 1267/1479/1343 1268/1480/1343 4540/1478/1344
f 1267/1479/1343 4540/1478/1344 1269/1477/1345
f 1262/1477/1339 1261/1478/1338 1276/1475/1346
f 1262/1477/1339 1276/1475/1346 1277/1476/1346
f 1258/1477/1336 1257/1478/1335 1278/1475/1347
f 1258/1477/1336 1278/1475/1347 1279/1476/1347
f 4522/1477/1333 1254/1478/1332 1280/1475/1348
f 4522/1477/1333 1280/1475/1348 1281/1476/1348
f 1251/1478/1330 1250/1477/1329 1282/1479/1349
f 1251/1478/1330 1282/1479/1349 1283/1480/1349
f 1269/1477/1345 4540/1478/1344 1284/1475/1350
f 1269/1477/1345 1284/1475/1350 1285/1476/1350
f 1266/1477/1342 1265/1478/1341 1286/1475/1351
f 1266/1477/1342 1286/1475/1351 1287/1476/1351
f 1288/1481/1352 1289/1482/1353 1290/1483/1354
f 1288/1481/1352 1290/1483/1354 1291/1484/1355
f 1292/1485/1356 1293/1486/1357 1288/1481/1352
f 1292/1485/1356 1288/1481/1352 1291/1484/1355
f 1294/1487/1358 1295/1488/1359 1296/1489/1360
f 1294/1487/1358 1296/1489/1360 1297/1490/1361
f 1298/1491/1362 1294/1487/1358 1297/1490/1361
f 1298/1491/1362 1297/1490/1361 1299/1492/1363
f 1300/1493/1364 1301/1494/1365 1302/1495/1366
f 1300/1493/1364 1302/1495/1366 1303/1496/1367
f 1304/1497/1368 1300/1493/1364 1303/1496/1367
f 1304/1497/1368 1303/1496/1367 1305/1498/1369
f 4044/1484/1370 4025/1483/1371 1306/1499/1372
f 4044/1484/1370 1306/1499/1372 1307/1500/1373
f 1308/1501/1374 4039/1485/1375 4044/1484/1370
f 1308/1501/1374 4044/1484/1370 1307/1500/1373
f 3915/1490/1376 3883/1489/1377 1309/1502/1378
f 3915/1490/1376 1309/1502/1378 1310/1503/1379
f 1311/1504/1380 3937/1492/1381 3915/1490/1376
f 1311/1504/1380 3915/1490/1376 1310/1503/1379
f 4000/1496/1382 3968/1495/1383 1312/1505/1384
f 4000/1496/1382 1312/1505/1384 1313/1506/1385
f 4028/1498/1386 4000/1496/1382 1313/1506/1385
f 4028/1498/1386 1313/1506/1385 1314/1507/1387
f 4050/1500/1388 4035/1499/1389 1315/1508/1390
f 4050/1500/1388 1315/1508/1390 1316/1509/1391
f 4046/1501/1392 4050/1500/1388 1316/1509/1391
f 4046/1501/1392 1316/1509/1391 1317/1510/1393
f 3908/1503/1394 3864/1502/1395 1318/1511/1396
f 3908/1503/1394 1318/1511/1396 1319/1512/1397
f 3928/1504/1398 3908/1503/1394 1319/1512/1397
f 3928/1504/1398 1319/1512/1397 1320/1513/1399
f 1313/1506/1385 3970/1505/1400 1321/1514/1401
f 1313/1506/1385 1321/1514/1401 1322/1515/1402
f 1314/1507/1387 1313/1506/1385 1322/1515/1402
f 1314/1507/1387 1322/1515/1402 1323/1516/1403
f 1324/1517/1404 4047/1510/1405 4048/1509/1406
f 1324/1517/1404 4048/1509/1406 1325/1518/1407
f 4048/1509/1406 4034/1508/1408 1326/1519/1409
f 4048/1509/1406 1326/1519/1409 1325/1518/1407
f 1319/1512/1397 1318/1511/1396 1327/1520/1410
f 1319/1512/1397 1327/1520/1410 1328/1521/1411
f 1329/1522/1412 3923/1513/1413 1319/1512/1397
f 1329/1522/1412 1319/1512/1397 1328/1521/1411
f 3999/1515/1414 3964/1514/1415 1330/1523/1416
f 3999/1515/1414 1330/1523/1416 1331/1524/1417
f 4037/1516/1418 3999/1515/1414 1331/1524/1417
f 4037/1516/1418 1331/1524/1417 1332/1525/1419
f 4036/1518/1420 4017/1519/1421 1333/308/1422
f 4036/1518/1420 1333/308/1422 1334/307/1423
f 1335/1526/1424 4030/1517/1425 4036/1518/1420
f 1335/1526/1424 4036/1518/1420 1334/307/1423
f 3907/1521/1426 3873/1520/1427 1336/1527/1428
f 3907/1521/1426 1336/1527/1428 1337/1528/1429
f 1338/1529/1430 3927/1522/1431 3907/1521/1426
f 1338/1529/1430 3907/1521/1426 1337/1528/1429
f 3993/1524/1432 3958/1523/1433 1339/1530/1434
f 3993/1524/1432 1339/1530/1434 1340/1531/1435
f 4012/1525/1436 3993/1524/1432 1340/1531/1435
f 4012/1525/1436 1340/1531/1435 1341/1532/1437
f 1344/1533/1438 4018/1526/1438 4027/307/1438
f 1344/1533/1438 4027/307/1438 4033/306/1438
f 1345/1534/1439 3910/1528/1440 3892/1527/1441
f 1345/1534/1439 3892/1527/1441 1346/1535/1441
f 1347/1536/1442 3934/1529/1442 3910/1528/1440
f 1347/1536/1442 3910/1528/1440 1345/1534/1439
f 1348/1537/1443 3985/1531/1444 3960/1530/1445
f 1348/1537/1443 3960/1530/1445 1349/1538/1446
f 1350/1539/1447 4001/1532/1448 3985/1531/1444
f 1350/1539/1447 3985/1531/1444 1348/1537/1443
f 1301/1494/1365 1351/1540/1449 1352/1541/1450
f 1301/1494/1365 1352/1541/1450 1302/1495/1366
f 1349/1538/1446 3960/1530/1445 1353/1542/1451
f 1349/1538/1446 1353/1542/1451 1354/1543/1452
f 3958/1523/1433 1355/1544/1453 3935/1542/1454
f 3958/1523/1433 3935/1542/1454 1339/1530/1434
f 3964/1514/1415 1356/1545/1455 3924/1544/1456
f 3964/1514/1415 3924/1544/1456 1330/1523/1416
f 3970/1505/1400 1357/1546/1457 3921/1545/1458
f 3970/1505/1400 3921/1545/1458 1321/1514/1401
f 3968/1495/1383 3942/1541/1459 3930/1546/1460
f 3968/1495/1383 3930/1546/1460 1312/1505/1384
f 4007/1539/1461 1358/1547/1462 1359/1548/1463
f 4007/1539/1461 1359/1548/1463 4002/1532/1464
f 4006/1497/1465 4029/1498/1466 1360/1549/1467
f 4006/1497/1465 1360/1549/1467 1361/1550/1462
f 4029/1498/1466 4043/1507/1468 1362/1551/1469
f 4029/1498/1466 1362/1551/1469 1360/1549/1467
f 1363/1552/1470 1362/1551/1469 4043/1507/1468
f 1363/1552/1470 4043/1507/1468 4038/1516/1471
f 4038/1516/1471 4013/1525/1472 1364/1553/1473
f 4038/1516/1471 1364/1553/1473 1363/1552/1470
f 4013/1525/1472 4002/1532/1464 1359/1548/1463
f 4013/1525/1472 1359/1548/1463 1364/1553/1473
f 3944/1540/1474 1365/1554/1475 1366/1555/1476
f 3944/1540/1474 1366/1555/1476 3943/1541/1477
f 3945/1543/1478 3936/1542/1479 1367/1556/1480
f 3945/1543/1478 1367/1556/1480 1368/1557/1475
f 3936/1542/1479 3925/1544/1481 1369/1558/1482
f 3936/1542/1479 1369/1558/1482 1367/1556/1480
f 3925/1544/1481 3922/1545/1483 1370/1559/1484
f 3925/1544/1481 1370/1559/1484 1369/1558/1482
f 1371/1560/1485 1370/1559/1484 3922/1545/1483
f 1371/1560/1485 3922/1545/1483 3931/1546/1486
f 3931/1546/1486 3943/1541/1477 1366/1555/1476
f 3931/1546/1486 1366/1555/1476 1371/1560/1485
f 1372/1561/1487 1373/1562/1488 1374/1563/1489
f 1372/1561/1487 1374/1563/1489 1375/1564/1490
f 1376/1565/1488 1377/1566/1491 1378/1567/1492
f 1376/1565/1488 1378/1567/1492 1379/1568/1493
f 1377/1566/1491 1380/1569/1494 1381/1570/1495
f 1377/1566/1491 1381/1570/1495 1378/1567/1492
f 1380/1569/1494 1382/1571/1496 1383/1572/1497
f 1380/1569/1494 1383/1572/1497 1381/1570/1495
f 1382/1571/1496 1384/1573/1498 1385/1574/1499
f 1382/1571/1496 1385/1574/1499 1383/1572/1497
f 1384/1573/1498 1386/1575/1500 1387/1576/1501
f 1384/1573/1498 1387/1576/1501 1385/1574/1499
f 1386/1575/1500 1388/1577/1502 1389/1578/1503
f 1386/1575/1500 1389/1578/1503 1387/1576/1501
f 1388/1577/1502 1390/1579/1504 1391/1580/1505
f 1388/1577/1502 1391/1580/1505 1389/1578/1503
f 1390/1579/1504 1392/1581/1506 1393/1582/1507
f 1390/1579/1504 1393/1582/1507 1391/1580/1505
f 1392/1581/1506 1394/1583/1508 1395/1584/1509
f 1392/1581/1506 1395/1584/1509 1393/1582/1507
f 1394/1583/1508 1396/1585/1510 1397/1586/1511
f 1394/1583/1508 1397/1586/1511 1395/1584/1509
f 1396/1585/1510 1372/1561/1487 1375/1564/1490
f 1396/1585/1510 1375/1564/1490 1397/1586/1511
f 1398/1587/1512 1399/1588/1513 1400/1589/1514
f 1398/1587/1512 1400/1589/1514 1401/1590/1515
f 1402/1591/1516 1398/1587/1512 1401/1590/1515
f 1402/1591/1516 1401/1590/1515 1403/1592/1517
f 1404/1593/1518 1402/1591/1516 1403/1592/1517
f 1404/1593/1518 1403/1592/1517 1405/1594/1519
f 1406/1595/1520 1404/1593/1518 1405/1594/1519
f 1406/1595/1520 1405/1594/1519 1407/1596/1521
f 1408/1597/1522 1406/1595/1520 1407/1596/1521
f 1408/1597/1522 1407/1596/1521 1409/1598/1523
f 1410/1599/1524 1408/1597/1522 1409/1598/1523
f 1410/1599/1524 1409/1598/1523 1411/1600/1525
f 1412/1601/1526 1410/1599/1524 1411/1600/1525
f 1412/1601/1526 1411/1600/1525 1413/1602/1527
f 1414/1603/1528 1412/1601/1526 1413/1602/1527
f 1414/1603/1528 1413/1602/1527 1415/1604/1529
f 1416/1605/1530 1417/1606/1528 1418/1607/1529
f 1416/1605/1530 1418/1607/1529 1419/1608/1531
f 1420/1609/1532 1416/1605/1530 1419/1608/1531
f 1420/1609/1532 1419/1608/1531 1421/1610/1533
f 1422/1611/1534 1420/1609/1532 1421/1610/1533
f 1422/1611/1534 1421/1610/1533 1423/1612/1535
f 1399/1588/1513 1422/1611/1534 1423/1612/1535
f 1399/1588/1513 1423/1612/1535 1400/1589/1514
f 1424/1613/1536 1425/1614/1537 1426/1615/1538
f 1424/1613/1536 1426/1615/1538 1427/1616/1539
f 1428/1617/1540 1424/1613/1536 1427/1616/1539
f 1428/1617/1540 1427/1616/1539 1429/1618/1541
f 1430/1619/1542 1428/1617/1540 1429/1618/1541
f 1430/1619/1542 1429/1618/1541 1431/1620/1543
f 1432/1621/1544 1430/1619/1542 1431/1620/1543
f 1432/1621/1544 1431/1620/1543 1433/1622/1545
f 1434/1623/1546 1432/1621/1544 1433/1622/1545
f 1434/1623/1546 1433/1622/1545 1435/1624/1547
f 1436/1625/1548 1434/1623/1546 1435/1624/1547
f 1436/1625/1548 1435/1624/1547 1437/1626/1549
f 1438/1627/1550 1436/1625/1548 1437/1626/1549
f 1438/1627/1550 1437/1626/1549 1439/1628/1551
f 1440/1629/1552 1438/1627/1550 1439/1628/1551
f 1440/1629/1552 1439/1628/1551 1441/1630/1553
f 1442/1631/1554 1443/1632/1555 1444/1633/1553
f 1442/1631/1554 1444/1633/1553 1445/1634/1556
f 1446/1635/1557 1442/1631/1554 1445/1634/1556
f 1446/1635/1557 1445/1634/1556 1447/1636/1558
f 1448/1637/1559 1446/1635/1557 1447/1636/1558
f 1448/1637/1559 1447/1636/1558 1449/1638/1560
f 1425/1614/1537 1448/1637/1559 1449/1638/1560
f 1425/1614/1537 1449/1638/1560 1426/1615/1538
f 1450/1639/1561 1451/1640/1562 3886/1564/1563
f 1450/1639/1561 3886/1564/1563 3865/1563/1564
f 1452/1641/1565 1453/1642/1566 3866/1568/1564
f 1452/1641/1565 3866/1568/1564 3851/1567/1567
f 1454/1643/1568 1452/1641/1565 3851/1567/1567
f 1454/1643/1568 3851/1567/1567 3841/1570/1569
f 1455/1644/1570 1454/1643/1568 3841/1570/1569
f 1455/1644/1570 3841/1570/1569 3836/1572/1571
f 1456/1645/1572 1455/1644/1570 3836/1572/1571
f 1456/1645/1572 3836/1572/1571 3844/1574/1573
f 1457/1646/1574 1456/1645/1572 3844/1574/1573
f 1457/1646/1574 3844/1574/1573 3856/1576/1575
f 1458/1647/1576 1457/1646/1574 3856/1576/1575
f 1458/1647/1576 3856/1576/1575 3876/1578/1577
f 1459/1648/1578 1458/1647/1576 3876/1578/1577
f 1459/1648/1578 3876/1578/1577 3893/1580/1579
f 1460/1649/1580 1459/1648/1578 3893/1580/1579
f 1460/1649/1580 3893/1580/1579 3909/1582/1581
f 1461/1650/1582 1460/1649/1580 3909/1582/1581
f 1461/1650/1582 3909/1582/1581 3911/1584/1583
f 1462/1651/1584 1461/1650/1582 3911/1584/1583
f 1462/1651/1584 3911/1584/1583 3902/1586/1585
f 1451/1640/1562 1462/1651/1584 3902/1586/1585
f 1451/1640/1562 3902/1586/1585 3886/1564/1563
f 1463/1652/1586 1464/1653/1587 4019/1588/1588
f 1463/1652/1586 4019/1588/1588 4010/1587/1589
f 1465/1654/1590 1463/1652/1586 4010/1587/1589
f 1465/1654/1590 4010/1587/1589 3997/1591/1591
f 1466/1655/1592 1465/1654/1590 3997/1591/1591
f 1466/1655/1592 3997/1591/1591 3982/1593/1593
f 1467/1656/1594 1466/1655/1592 3982/1593/1593
f 1467/1656/1594 3982/1593/1593 3971/1595/1595
f 1468/1657/1596 1467/1656/1594 3971/1595/1595
f 1468/1657/1596 3971/1595/1595 3962/1597/1597
f 1469/1658/1598 1468/1657/1596 3962/1597/1597
f 1469/1658/1598 3962/1597/1597 3967/1599/1599
f 1470/1659/1600 1469/1658/1598 3967/1599/1599
f 1470/1659/1600 3967/1599/1599 3978/1601/1601
f 1471/1660/1602 1470/1659/1600 3978/1601/1601
f 1471/1660/1602 3978/1601/1601 3990/1603/1603
f 1472/1661/1604 1473/1662/1602 3991/1606/1603
f 1472/1661/1604 3991/1606/1603 4003/1605/1605
f 1474/1663/1606 1472/1661/1604 4003/1605/1605
f 1474/1663/1606 4003/1605/1605 4015/1609/1607
f 1475/1664/1608 1474/1663/1606 4015/1609/1607
f 1475/1664/1608 4015/1609/1607 4021/1611/1609
f 1464/1653/1587 1475/1664/1608 4021/1611/1609
f 1464/1653/1587 4021/1611/1609 4019/1588/1588
f 4045/1608/1610 4032/1607/1611 1476/1665/1612
f 4045/1608/1610 1476/1665/1612 1477/1666/1613
f 4031/1604/1611 4014/1602/1614 1478/1667/1615
f 4031/1604/1611 1478/1667/1615 1479/1668/1612
f 4014/1602/1614 4005/1600/1616 1480/1669/1617
f 4014/1602/1614 1480/1669/1617 1478/1667/1615
f 4005/1600/1616 4004/1598/1618 1481/1670/1619
f 4005/1600/1616 1481/1670/1619 1480/1669/1617
f 4004/1598/1618 4008/1596/1620 1482/1671/1621
f 4004/1598/1618 1482/1671/1621 1481/1670/1619
f 4008/1596/1620 4020/1594/1622 1483/1672/1623
f 4008/1596/1620 1483/1672/1623 1482/1671/1621
f 4020/1594/1622 4040/1592/1624 1484/1673/1625
f 4020/1594/1622 1484/1673/1625 1483/1672/1623
f 4040/1592/1624 4051/1590/1626 1485/1674/1627
f 4040/1592/1624 1485/1674/1627 1484/1673/1625
f 4051/1590/1626 4053/1589/1628 1486/1675/1629
f 4051/1590/1626 1486/1675/1629 1485/1674/1627
f 4053/1589/1628 4054/1612/1630 1487/1676/1631
f 4053/1589/1628 1487/1676/1631 1486/1675/1629
f 4054/1612/1630 4052/1610/1632 1488/1677/1633
f 4054/1612/1630 1488/1677/1633 1487/1676/1631
f 4052/1610/1632 4045/1608/1610 1477/1666/1613
f 4052/1610/1632 1477/1666/1613 1488/1677/1633
f 1492/313/106 1496/317/105 1489/310/105
f 1497/318/105 1498/1678/106 1496/317/105
f 1501/321/107 1503/323/107 1504/1679/107
f 4267/326/1634 1509/328/1634 1510/331/1634
f 4267/326/1634 1510/331/1634 4229/327/1634
f 4595/343/114 4629/342/114 1525/344/114
f 4560/353/113 1541/1680/113 1542/1681/113
f 4560/353/113 1542/1681/113 4561/354/113
f 1555/1682/115 1556/1683/115 4641/360/115
f 1555/1682/115 4641/360/115 4663/363/115
f 4658/389/125 1575/390/125 1576/1684/125
f 1581/395/117 1583/397/117 1584/398/117
f 1593/1685/113 1594/1686/113 4627/399/113
f 1593/1685/113 4627/399/113 4554/397/113
f 1597/1687/1635 1598/1688/1636 3614/891/1636
f 1597/1687/1635 3614/891/1636 3598/893/1637
f 3987/897/1638 3983/898/1639 1599/1689/1639
f 3987/897/1638 1599/1689/1639 1600/1690/1640
f 1601/1691/1641 1602/1692/1642 3650/892/1643
f 1601/1691/1641 3650/892/1643 3615/891/1641
f 1603/1693/1644 1604/1694/1645 3604/899/1645
f 1603/1693/1644 3604/899/1645 3635/894/1646
f 1605/1695/1647 1606/1696/1648 3938/895/1649
f 1605/1695/1647 3938/895/1649 3974/900/1647
f 3950/896/1650 1607/1697/1651 1608/1698/1652
f 3950/896/1650 1608/1698/1652 3984/898/1652
f 1609/1699/1653 1597/1687/1635 3598/893/1637
f 1609/1699/1653 3598/893/1637 3605/899/1653
f 3975/900/1654 3987/897/1638 1600/1690/1640
f 3975/900/1654 1600/1690/1640 1610/1700/1654
f 138/894/412 136/892/410 1611/1701/1655
f 138/894/412 1611/1701/1655 1612/1702/2
f 1613/1703/1656 1603/1693/1644 3635/894/1646
f 1613/1703/1656 3635/894/1646 3766/1702/1645
f 3650/892/1643 1602/1692/1642 1614/1704/1657
f 3650/892/1643 1614/1704/1657 3776/1701/1658
f 139/895/413 1612/1702/2 1611/1701/1655
f 139/895/413 1611/1701/1655 140/896/414
f 3776/1701/1658 1614/1704/1657 1607/1697/1651
f 3776/1701/1658 1607/1697/1651 3950/896/1650
f 3938/895/1649 1606/1696/1648 1613/1703/1656
f 3938/895/1649 1613/1703/1656 3766/1702/1645
f 1615/1705/1659 1616/1706/1660 3606/902/1661
f 1615/1705/1659 3606/902/1661 3610/901/1659
f 3965/908/1662 3986/907/1663 1617/1707/1664
f 3965/908/1662 1617/1707/1664 1618/1708/1662
f 1619/1709/1665 1620/1710/1666 3639/904/1667
f 1619/1709/1665 3639/904/1667 3616/905/1665
f 1621/1711/1668 1622/1712/1645 3611/901/1645
f 1621/1711/1668 3611/901/1645 3630/903/1669
f 3986/907/1663 3988/910/1670 1623/1713/1670
f 3986/907/1663 1623/1713/1670 1617/1707/1664
f 3606/902/1661 1616/1706/1660 1624/1714/1671
f 3606/902/1661 1624/1714/1671 3617/905/1671
f 1625/1715/1672 1626/1716/1673 147/903/421
f 1625/1715/1672 147/903/421 148/904/422
f 1627/1717/1674 1621/1711/1668 3630/903/1669
f 1627/1717/1674 3630/903/1669 3743/1716/1675
f 3639/904/1667 1620/1710/1666 1628/1718/1676
f 3639/904/1667 1628/1718/1676 3756/1715/1677
f 1629/1719/1678 1630/1720/1679 3901/906/1680
f 1629/1719/1678 3901/906/1680 3966/908/1678
f 3933/909/1681 1631/1721/1682 1632/1722/1683
f 3933/909/1681 1632/1722/1683 3989/910/1683
f 1630/1720/1679 1627/1717/1674 3743/1716/1675
f 1630/1720/1679 3743/1716/1675 3901/906/1680
f 3756/1715/1677 1628/1718/1676 1631/1721/1682
f 3756/1715/1677 1631/1721/1682 3933/909/1681
f 153/909/427 150/906/424 1626/1716/1673
f 153/909/427 1626/1716/1673 1625/1715/1672
f 3948/915/1684 3955/916/1685 1635/1723/1685
f 3948/915/1684 1635/1723/1685 1636/1724/1686
f 1637/1725/1687 1638/1726/1688 3619/911/1689
f 1637/1725/1687 3619/911/1689 3608/411/1687
f 1639/1727/1690 1640/1728/1691 3609/917/1692
f 1639/1727/1690 3609/917/1692 3622/912/1693
f 1641/1729/1694 1642/1730/1695 3884/913/1696
f 1641/1729/1694 3884/913/1696 3917/918/1694
f 3919/914/1697 1643/1731/1698 1644/1732/1699
f 3919/914/1697 1644/1732/1699 3956/916/1699
f 1645/1733/1700 3595/409/1701 3597/412/1701
f 1645/1733/1700 3597/412/1701 3609/917/1702
f 3918/918/1703 3948/915/1684 1636/1724/1686
f 3918/918/1703 1636/1724/1686 1646/1734/1703
f 1647/1735/1704 1639/1727/1690 3622/912/1693
f 1647/1735/1704 3622/912/1693 1648/1736/1705
f 3619/911/1689 1638/1726/1688 1649/1737/1706
f 3619/911/1689 1649/1737/1706 1650/1738/1707
f 158/912/432 156/911/430 3751/1738/1708
f 158/912/432 3751/1738/1708 3757/1736/2
f 159/913/433 3757/1736/2 3751/1738/1708
f 159/913/433 3751/1738/1708 160/914/434
f 1650/1738/1707 1649/1737/1706 1643/1731/1698
f 1650/1738/1707 1643/1731/1698 3919/914/1697
f 3884/913/1696 1642/1730/1695 1647/1735/1704
f 3884/913/1696 1647/1735/1704 1648/1736/1705
f 166/920/440 165/919/439 1651/1739/1709
f 166/920/440 1651/1739/1709 1652/1740/1710
f 165/919/439 168/922/442 1653/1741/1711
f 165/919/439 1653/1741/1711 1651/1739/1709
f 168/922/442 169/923/443 1654/1742/1712
f 168/922/442 1654/1742/1712 1653/1741/1711
f 169/923/443 170/924/444 1655/1743/1713
f 169/923/443 1655/1743/1713 1654/1742/1712
f 170/924/444 171/925/445 1656/1744/1714
f 170/924/444 1656/1744/1714 1655/1743/1713
f 171/925/445 166/920/440 1652/1740/1710
f 171/925/445 1652/1740/1710 3828/1744/1715
f 1652/1740/1710 1651/1739/1709 1657/1745/1716
f 1652/1740/1710 1657/1745/1716 1658/1746/1717
f 1651/1739/1709 1653/1741/1711 1659/1747/1718
f 1651/1739/1709 1659/1747/1718 3835/1745/1719
f 1653/1741/1711 1654/1742/1712 1660/1748/1720
f 1653/1741/1711 1660/1748/1720 3822/1747/1721
f 1654/1742/1712 1655/1743/1713 1661/1749/1722
f 1654/1742/1712 1661/1749/1722 3809/1748/1723
f 1655/1743/1713 1656/1744/1714 1662/1750/1724
f 1655/1743/1713 1662/1750/1724 3811/1749/1725
f 3828/1744/1715 1652/1740/1710 3838/1746/1726
f 3828/1744/1715 3838/1746/1726 3829/1750/1727
f 1658/1746/1717 1657/1745/1716 1663/1751/1728
f 1658/1746/1717 1663/1751/1728 1664/1752/1729
f 3835/1745/1719 1659/1747/1718 1665/1753/1730
f 3835/1745/1719 1665/1753/1730 1663/1751/1728
f 3822/1747/1721 1660/1748/1720 1666/1754/1731
f 3822/1747/1721 1666/1754/1731 3823/1753/1732
f 3809/1748/1723 1661/1749/1722 1667/1755/1733
f 3809/1748/1723 1667/1755/1733 1666/1754/1731
f 3811/1749/1725 1662/1750/1724 1668/1756/1734
f 3811/1749/1725 1668/1756/1734 1667/1755/1733
f 3829/1750/1727 3838/1746/1726 1664/1752/1729
f 3829/1750/1727 1664/1752/1729 1668/1756/1734
f 1664/1752/1729 1663/1751/1728 173/927/447
f 1664/1752/1729 173/927/447 172/926/446
f 1663/1751/1728 1665/1753/1730 175/929/449
f 1663/1751/1728 175/929/449 173/927/447
f 3823/1753/1732 1666/1754/1731 176/930/450
f 3823/1753/1732 176/930/450 175/929/449
f 1666/1754/1731 1667/1755/1733 177/931/451
f 1666/1754/1731 177/931/451 176/930/450
f 1667/1755/1733 1668/1756/1734 178/932/452
f 1667/1755/1733 178/932/452 177/931/451
f 1668/1756/1734 1664/1752/1729 172/926/446
f 1668/1756/1734 172/926/446 178/932/452
f 180/934/454 179/933/453 1669/1757/1735
f 180/934/454 1669/1757/1735 1670/1758/1736
f 179/933/453 182/936/456 1671/1759/1737
f 179/933/453 1671/1759/1737 1669/1757/1735
f 182/936/456 183/937/457 1672/1760/1738
f 182/936/456 1672/1760/1738 1671/1759/1737
f 183/937/457 184/938/458 1673/1761/1739
f 183/937/457 1673/1761/1739 1672/1760/1738
f 184/938/458 185/939/459 1674/1762/1740
f 184/938/458 1674/1762/1740 1673/1761/1739
f 185/939/459 180/934/454 1670/1758/1736
f 185/939/459 1670/1758/1736 3790/1762/1741
f 1670/1758/1736 1669/1757/1735 1675/1763/1742
f 1670/1758/1736 1675/1763/1742 1676/1764/1743
f 1669/1757/1735 1671/1759/1737 1677/1765/1744
f 1669/1757/1735 1677/1765/1744 3802/1763/1745
f 1671/1759/1737 1672/1760/1738 1678/1766/1746
f 1671/1759/1737 1678/1766/1746 3800/1765/1747
f 1672/1760/1738 1673/1761/1739 1679/1767/1748
f 1672/1760/1738 1679/1767/1748 3789/1766/1749
f 1673/1761/1739 1674/1762/1740 1680/1768/1750
f 1673/1761/1739 1680/1768/1750 3780/1767/1751
f 3790/1762/1741 1670/1758/1736 3797/1764/1752
f 3790/1762/1741 3797/1764/1752 3786/1768/1753
f 1676/1764/1743 1675/1763/1742 1681/1769/1754
f 1676/1764/1743 1681/1769/1754 1682/1770/1755
f 3802/1763/1745 1677/1765/1744 1683/1771/1756
f 3802/1763/1745 1683/1771/1756 1681/1769/1754
f 3800/1765/1747 1678/1766/1746 1684/1772/1757
f 3800/1765/1747 1684/1772/1757 3796/1771/1758
f 3789/1766/1749 1679/1767/1748 1685/1773/1759
f 3789/1766/1749 1685/1773/1759 1684/1772/1757
f 3780/1767/1751 1680/1768/1750 1686/1774/1760
f 3780/1767/1751 1686/1774/1760 1685/1773/1759
f 3786/1768/1753 3797/1764/1752 1682/1770/1755
f 3786/1768/1753 1682/1770/1755 1686/1774/1760
f 1682/1770/1755 1681/1769/1754 187/941/461
f 1682/1770/1755 187/941/461 186/940/460
f 1681/1769/1754 1683/1771/1756 189/943/463
f 1681/1769/1754 189/943/463 187/941/461
f 3796/1771/1758 1684/1772/1757 190/944/464
f 3796/1771/1758 190/944/464 189/943/463
f 1684/1772/1757 1685/1773/1759 191/945/465
f 1684/1772/1757 191/945/465 190/944/464
f 1685/1773/1759 1686/1774/1760 192/946/466
f 1685/1773/1759 192/946/466 191/945/465
f 1686/1774/1760 1682/1770/1755 186/940/460
f 1686/1774/1760 186/940/460 192/946/466
f 1687/1775/1761 1688/1776/1762 1689/415/1763
f 1687/1775/1761 1689/415/1763 1690/414/1764
f 1688/1776/1762 1691/1777/1765 1692/418/1766
f 1688/1776/1762 1692/418/1766 1689/415/1763
f 1691/1777/1765 1693/1778/1767 1694/1779/1768
f 1691/1777/1765 1694/1779/1768 1692/418/1766
f 1693/1778/1767 1695/1780/1769 1696/417/1770
f 1693/1778/1767 1696/417/1770 1694/1779/1768
f 1695/1780/1769 1697/1781/1771 1698/416/1772
f 1695/1780/1769 1698/416/1772 1696/417/1770
f 1697/1781/1771 1699/1782/1773 1700/413/1774
f 1697/1781/1771 1700/413/1774 1698/416/1772
f 1699/1782/1773 1701/1783/1775 1702/419/1776
f 1699/1782/1773 1702/419/1776 1700/413/1774
f 1701/1783/1775 1703/1784/1777 1704/420/1778
f 1701/1783/1775 1704/420/1778 1702/419/1776
f 1703/1784/1777 1705/1785/1779 1706/421/1780
f 1703/1784/1777 1706/421/1780 1704/420/1778
f 1705/1785/1779 1687/1775/1761 1690/414/1764
f 1705/1785/1779 1690/414/1764 1706/421/1780
f 3742/413/128 3758/419/128 3846/414/128
f 3858/415/128 3848/418/128 3759/416/128
f 3788/417/128 3848/418/128 3824/1779/128
f 1707/1786/1781 1708/1787/1782 1709/1788/1783
f 1707/1786/1781 1709/1788/1783 1710/1789/1784
f 1708/1787/1782 1711/1790/1785 1712/1791/1786
f 1708/1787/1782 1712/1791/1786 1709/1788/1783
f 1711/1790/1785 1713/1792/1787 1714/1793/1788
f 1711/1790/1785 1714/1793/1788 1712/1791/1786
f 1713/1792/1787 1715/1794/1789 1716/1795/1790
f 1713/1792/1787 1716/1795/1790 1714/1793/1788
f 1715/1794/1789 1717/1796/1791 1718/1797/1792
f 1715/1794/1789 1718/1797/1792 1716/1795/1790
f 1717/1796/1791 1719/1798/1793 1720/1799/1794
f 1717/1796/1791 1720/1799/1794 1718/1797/1792
f 1721/1800/1795 1722/1801/1796 1723/1802/1797
f 1721/1800/1795 1723/1802/1797 1724/1803/1794
f 1722/1801/1796 1707/1786/1781 1710/1789/1784
f 1722/1801/1796 1710/1789/1784 1723/1802/1797
f 1743/1804/1798 1744/1805/1799 1745/1806/1800
f 1744/1805/1799 193/947/467 195/949/469
f 1744/1805/1799 195/949/469 1745/1806/1800
f 194/948/468 196/950/470 198/952/472
f 194/948/468 198/952/472 195/949/469
f 197/951/471 1746/1807/1801 1747/1808/1802
f 197/951/471 1747/1808/1802 198/952/472
f 200/954/474 1743/1804/1798 1745/1806/1800
f 200/954/474 1745/1806/1800 201/955/475
f 1718/1797/1792 1720/1799/1794 3700/434/1803
f 1718/1797/1792 3700/434/1803 3687/432/1804
f 1716/1795/1790 1718/1797/1792 3687/432/1804
f 1716/1795/1790 3687/432/1804 3689/430/1805
f 1714/1793/1788 1716/1795/1790 3689/430/1805
f 1714/1793/1788 3689/430/1805 3709/428/1806
f 1712/1791/1786 1714/1793/1788 3709/428/1806
f 1712/1791/1786 3709/428/1806 3727/426/1807
f 1709/1788/1783 1712/1791/1786 3727/426/1807
f 1709/1788/1783 3727/426/1807 3732/423/1808
f 1710/1789/1784 1709/1788/1783 3732/423/1808
f 1710/1789/1784 3732/423/1808 3731/422/1809
f 1723/1802/1797 1710/1789/1784 3731/422/1809
f 1723/1802/1797 3731/422/1809 3724/437/1810
f 1724/1803/1794 1723/1802/1797 3724/437/1810
f 1724/1803/1794 3724/437/1810 3701/436/1811
f 1748/1809/1812 1749/1810/1813 1750/1811/1814
f 1748/1809/1812 1750/1811/1814 1751/442/1812
f 3833/442/1815 3840/1811/1816 1752/1812/1817
f 3833/442/1815 1752/1812/1817 1753/443/1818
f 3889/443/1819 3882/1812/1820 1754/1813/1821
f 3889/443/1819 1754/1813/1821 1755/1814/1819
f 1756/509/1822 1757/510/1822 1758/511/1822
f 1756/509/1822 1758/511/1822 1759/512/1822
f 1762/1815/1823 3951/511/1824 1763/1816/1824
f 1762/1815/1823 1763/1816/1824 1764/1817/1825
f 1765/1818/1826 1766/1819/1827 1767/1820/1828
f 1765/1818/1826 1767/1820/1828 3874/512/1828
f 3914/1815/1829 3857/1818/1830 3875/512/1831
f 3914/1815/1829 3875/512/1831 3952/511/1832
f 3882/1812/1820 1768/1821/1833 1769/1822/1834
f 3882/1812/1820 1769/1822/1834 1754/1813/1821
f 1750/1811/1814 1749/1810/1813 1770/1823/1835
f 1750/1811/1814 1770/1823/1835 1771/1824/1836
f 1752/1812/1817 3840/1811/1816 3849/1824/1837
f 1752/1812/1817 3849/1824/1837 3895/1821/1838
f 1768/1821/1833 1762/1815/1823 1764/1817/1825
f 1768/1821/1833 1764/1817/1825 1769/1822/1834
f 1771/1824/1836 1770/1823/1835 1766/1819/1827
f 1771/1824/1836 1766/1819/1827 1765/1818/1826
f 3895/1821/1838 3849/1824/1837 3857/1818/1830
f 3895/1821/1838 3857/1818/1830 3914/1815/1829
f 1812/1825/1839 1813/1826/1840 1814/480/1841
f 1812/1825/1839 1814/480/1841 1815/479/1842
f 1813/1826/1840 1816/1827/1843 1817/481/1844
f 1813/1826/1840 1817/481/1844 1814/480/1841
f 1816/1827/1843 1818/1828/1845 1819/484/1846
f 1816/1827/1843 1819/484/1846 1817/481/1844
f 1818/1828/1845 1820/1829/1847 1821/483/1848
f 1818/1828/1845 1821/483/1848 1819/484/1846
f 1820/1829/1847 1822/1830/1849 1823/482/1850
f 1820/1829/1847 1823/482/1850 1821/483/1848
f 1822/1830/1849 1824/1831/1851 1825/477/1852
f 1822/1830/1849 1825/477/1852 1823/482/1850
f 1824/1831/1851 1826/1832/1853 1827/478/1854
f 1824/1831/1851 1827/478/1854 1825/477/1852
f 1826/1832/1853 1828/1833/1855 1829/485/1856
f 1826/1832/1853 1829/485/1856 1827/478/1854
f 1828/1833/1855 1830/1834/1857 1831/486/1858
f 1828/1833/1855 1831/486/1858 1829/485/1856
f 1830/1834/1857 1812/1825/1839 1815/479/1842
f 1830/1834/1857 1815/479/1842 1831/486/1858
f 3998/494/151 4016/487/151 3981/490/152
f 3843/498/155 1847/502/155 3859/499/155
f 3963/498/160 1857/502/160 3947/499/160
f 1868/493/166 1869/494/166 1870/495/166
f 3680/494/171 3697/490/162 3686/495/162
f 1882/1825/1839 1883/1826/1840 1884/480/1841
f 1882/1825/1839 1884/480/1841 1885/479/1859
f 1883/1826/1840 1886/1827/1843 1887/481/1844
f 1883/1826/1840 1887/481/1844 1884/480/1841
f 1886/1827/1843 1888/1828/1845 1889/484/1846
f 1886/1827/1843 1889/484/1846 1887/481/1844
f 1888/1828/1845 1890/1829/1860 1891/483/1848
f 1888/1828/1845 1891/483/1848 1889/484/1846
f 1890/1829/1860 1892/1830/1849 1893/482/1850
f 1890/1829/1860 1893/482/1850 1891/483/1848
f 1892/1830/1849 1894/1831/1851 1895/477/1852
f 1892/1830/1849 1895/477/1852 1893/482/1850
f 1894/1831/1851 1896/1832/1853 1897/478/1854
f 1894/1831/1851 1897/478/1854 1895/477/1852
f 1896/1832/1853 1898/1833/1855 1899/485/1856
f 1896/1832/1853 1899/485/1856 1897/478/1854
f 1898/1833/1855 1900/1834/1857 1901/486/1858
f 1898/1833/1855 1901/486/1858 1899/485/1856
f 1900/1834/1857 1882/1825/1839 1885/479/1859
f 1900/1834/1857 1885/479/1859 1901/486/1858
f 1908/493/156 1909/494/156 1910/495/156
f 3725/488/177 1916/491/149 1917/492/177
f 1932/1809/1861 1933/1810/1862 1934/1811/1863
f 1932/1809/1861 1934/1811/1863 1935/442/1861
f 3637/442/1864 3631/1811/1865 1936/1812/1866
f 3637/442/1864 1936/1812/1866 1937/443/1867
f 3703/443/1868 3676/1812/1869 1938/1813/1870
f 3703/443/1868 1938/1813/1870 1939/1814/1868
f 1946/1815/1871 3716/511/1823 1947/1816/1823
f 1946/1815/1871 1947/1816/1823 1948/1817/1872
f 1949/1835/1873 1950/1819/1874 1951/1820/1875
f 1949/1835/1873 1951/1820/1875 3653/512/1875
f 3690/1815/1876 3636/1835/1877 3654/512/1878
f 3690/1815/1876 3654/512/1878 3717/511/1879
f 3676/1812/1869 1952/1821/1880 1953/1822/1881
f 3676/1812/1869 1953/1822/1881 1938/1813/1870
f 1934/1811/1863 1933/1810/1862 1954/1823/1882
f 1934/1811/1863 1954/1823/1882 1955/1824/1883
f 1936/1812/1866 3631/1811/1865 3628/1824/1884
f 1936/1812/1866 3628/1824/1884 3675/1821/1885
f 1952/1821/1880 1946/1815/1871 1948/1817/1872
f 1952/1821/1880 1948/1817/1872 1953/1822/1881
f 1955/1824/1883 1954/1823/1882 1950/1819/1874
f 1955/1824/1883 1950/1819/1874 1949/1835/1873
f 3675/1821/1885 3628/1824/1884 3636/1835/1877
f 3675/1821/1885 3636/1835/1877 3690/1815/1876
f 1956/1836/1886 1957/1837/1887 1958/1838/1888
f 1956/1836/1886 1958/1838/1888 1959/1839/1889
f 1957/1837/1887 1960/1840/1890 1961/1841/1891
f 1957/1837/1887 1961/1841/1891 1958/1838/1888
f 1960/1840/1890 1962/1842/1892 1963/1843/1893
f 1960/1840/1890 1963/1843/1893 1961/1841/1891
f 1962/1842/1892 1964/1844/1894 1965/1845/1895
f 1962/1842/1892 1965/1845/1895 1963/1843/1893
f 1964/1844/1894 1966/1846/1896 1967/1847/1897
f 1964/1844/1894 1967/1847/1897 1965/1845/1895
f 1966/1846/1896 1968/1848/1898 1969/1849/1899
f 1966/1846/1896 1969/1849/1899 1967/1847/1897
f 1968/1848/1898 1970/1850/1900 1971/1851/1901
f 1968/1848/1898 1971/1851/1901 1969/1849/1899
f 1970/1850/1900 1972/1852/1902 1973/1853/1903
f 1970/1850/1900 1973/1853/1903 1971/1851/1901
f 1972/1852/1902 1974/1854/1904 1975/1855/1905
f 1972/1852/1902 1975/1855/1905 1973/1853/1903
f 1976/1856/1906 1956/1836/1886 1959/1839/1889
f 1976/1856/1906 1959/1839/1889 1977/1857/1905
f 1981/517/2 1983/519/2 1978/514/2
f 1998/1858/1907 1999/1859/1908 2000/1860/1909
f 1998/1858/1907 2000/1860/1909 2001/1861/1910
f 1999/1859/1908 2002/1862/1911 2003/1863/1912
f 1999/1859/1908 2003/1863/1912 2000/1860/1909
f 2002/1862/1911 2004/1864/1913 2005/1865/1914
f 2002/1862/1911 2005/1865/1914 2003/1863/1912
f 2004/1864/1913 2006/1866/1915 2007/1867/1916
f 2004/1864/1913 2007/1867/1916 2005/1865/1914
f 2006/1866/1915 2008/1868/1917 2009/1869/1918
f 2006/1866/1915 2009/1869/1918 2007/1867/1916
f 2008/1868/1917 2010/1870/1919 2011/1871/1920
f 2008/1868/1917 2011/1871/1920 2009/1869/1918
f 2010/1870/1919 2012/1872/1921 2013/1873/1922
f 2010/1870/1919 2013/1873/1922 2011/1871/1920
f 2012/1872/1921 2014/1874/1923 2015/1875/1924
f 2012/1872/1921 2015/1875/1924 2013/1873/1922
f 2014/1874/1923 2016/1876/1925 2017/1877/1926
f 2014/1874/1923 2017/1877/1926 2015/1875/1924
f 2016/1876/1925 2018/1878/1927 2019/1879/1910
f 2016/1876/1925 2019/1879/1910 2017/1877/1926
f 2020/1880/1928 2021/1881/1929 2022/1882/1930
f 2020/1880/1928 2022/1882/1930 2023/1883/1931
f 2021/1881/1929 2024/1884/1932 2025/1885/1933
f 2021/1881/1929 2025/1885/1933 2022/1882/1930
f 2024/1884/1932 2026/1886/1934 2027/1887/1935
f 2024/1884/1932 2027/1887/1935 2025/1885/1933
f 2026/1886/1934 2028/1888/1936 2029/1889/1937
f 2026/1886/1934 2029/1889/1937 2027/1887/1935
f 2028/1888/1936 2030/1890/1938 2031/1891/1939
f 2028/1888/1936 2031/1891/1939 2029/1889/1937
f 2030/1890/1938 2032/1888/1940 2033/1889/1941
f 2030/1890/1938 2033/1889/1941 2031/1891/1939
f 2032/1888/1940 2034/1886/1942 2035/1887/1943
f 2032/1888/1940 2035/1887/1943 2033/1889/1941
f 2034/1886/1942 2036/1884/1944 2037/1885/1945
f 2034/1886/1942 2037/1885/1945 2035/1887/1943
f 2036/1884/1944 2038/1881/1946 2039/1882/1947
f 2036/1884/1944 2039/1882/1947 2037/1885/1945
f 2038/1881/1946 2020/1880/1928 2023/1883/1931
f 2038/1881/1946 2023/1883/1931 2039/1882/1947
f 2021/1881/1929 2020/1880/1928 2040/1892/1948
f 2021/1881/1929 2040/1892/1948 2041/1893/1949
f 2024/1884/1932 2021/1881/1929 2041/1893/1949
f 2024/1884/1932 2041/1893/1949 2042/1894/1950
f 2026/1886/1934 2024/1884/1932 2042/1894/1950
f 2026/1886/1934 2042/1894/1950 2043/1895/1951
f 2028/1888/1936 2026/1886/1934 2043/1895/1951
f 2028/1888/1936 2043/1895/1951 2044/1896/1952
f 2030/1890/1938 2028/1888/1936 2044/1896/1952
f 2030/1890/1938 2044/1896/1952 2045/1897/1953
f 2032/1888/1940 2030/1890/1938 2045/1897/1953
f 2032/1888/1940 2045/1897/1953 2046/1896/1954
f 2034/1886/1942 2032/1888/1940 2046/1896/1954
f 2034/1886/1942 2046/1896/1954 2047/1895/1955
f 2036/1884/1944 2034/1886/1942 2047/1895/1955
f 2036/1884/1944 2047/1895/1955 2048/1894/1956
f 2038/1881/1946 2036/1884/1944 2048/1894/1956
f 2038/1881/1946 2048/1894/1956 2049/1893/1957
f 2020/1880/1928 2038/1881/1946 2049/1893/1957
f 2020/1880/1928 2049/1893/1957 2040/1892/1948
f 2041/1893/1949 2040/1892/1948 2050/1898/1958
f 2041/1893/1949 2050/1898/1958 2051/1899/1959
f 2042/1894/1950 2041/1893/1949 2051/1899/1959
f 2042/1894/1950 2051/1899/1959 2052/1900/1960
f 2043/1895/1951 2042/1894/1950 2052/1900/1960
f 2043/1895/1951 2052/1900/1960 2053/1901/1961
f 2044/1896/1952 2043/1895/1951 2053/1901/1961
f 2044/1896/1952 2053/1901/1961 2054/1902/1962
f 2045/1897/1953 2044/1896/1952 2054/1902/1962
f 2045/1897/1953 2054/1902/1962 2055/1903/1963
f 2046/1896/1954 2045/1897/1953 2055/1903/1963
f 2046/1896/1954 2055/1903/1963 2056/1902/1964
f 2047/1895/1955 2046/1896/1954 2056/1902/1964
f 2047/1895/1955 2056/1902/1964 2057/1901/1965
f 2048/1894/1956 2047/1895/1955 2057/1901/1965
f 2048/1894/1956 2057/1901/1965 2058/1900/1966
f 2049/1893/1957 2048/1894/1956 2058/1900/1966
f 2049/1893/1957 2058/1900/1966 2059/1899/1967
f 2040/1892/1948 2049/1893/1957 2059/1899/1967
f 2040/1892/1948 2059/1899/1967 2050/1898/1958
f 2060/534/185 2061/553/185 2062/535/185
f 4642/553/1968 2064/1904/1969 2065/1905/1968
f 4642/553/1968 2065/1905/1968 4646/535/1970
f 4644/1904/1971 2066/537/1972 2067/540/1973
f 4644/1904/1971 2067/540/1973 4655/1905/1974
f 4640/538/1975 2070/1906/1976 2071/1907/1977
f 4640/538/1975 2071/1907/1977 4645/539/1978
f 4639/1906/1979 2072/1908/1980 2073/1909/1979
f 4639/1906/1979 2073/1909/1979 4638/1907/1981
f 2080/547/192 2082/549/193 2083/550/193
f 2086/1836/1982 2087/1837/1983 2088/1838/1984
f 2086/1836/1982 2088/1838/1984 2089/1839/1985
f 2087/1837/1983 2090/1840/1986 2091/1841/1987
f 2087/1837/1983 2091/1841/1987 2088/1838/1984
f 2090/1840/1986 2092/1842/1988 2093/1843/1989
f 2090/1840/1986 2093/1843/1989 2091/1841/1987
f 2092/1842/1988 2094/1844/1990 2095/1845/1991
f 2092/1842/1988 2095/1845/1991 2093/1843/1989
f 2094/1844/1990 2096/1846/1992 2097/1847/1993
f 2094/1844/1990 2097/1847/1993 2095/1845/1991
f 2096/1846/1992 2098/1848/1994 2099/1849/1995
f 2096/1846/1992 2099/1849/1995 2097/1847/1993
f 2098/1848/1994 2100/1850/1996 2101/1851/1997
f 2098/1848/1994 2101/1851/1997 2099/1849/1995
f 2100/1850/1996 2102/1852/1998 2103/1853/1999
f 2100/1850/1996 2103/1853/1999 2101/1851/1997
f 2102/1852/1998 2104/1854/2000 2105/1855/2001
f 2102/1852/1998 2105/1855/2001 2103/1853/1999
f 2106/1856/2000 2086/1836/1982 2089/1839/1985
f 2106/1856/2000 2089/1839/1985 2107/1857/2002
f 2118/524/5 2119/525/5 2120/526/5
f 2124/530/5 2123/529/5 2125/531/5
f 2128/1858/2003 2129/1859/2004 2130/1860/2005
f 2128/1858/2003 2130/1860/2005 2131/1861/2006
f 2129/1859/2004 2132/1862/2007 2133/1863/2008
f 2129/1859/2004 2133/1863/2008 2130/1860/2005
f 2132/1862/2007 2134/1864/2009 2135/1865/2010
f 2132/1862/2007 2135/1865/2010 2133/1863/2008
f 2134/1864/2009 2136/1866/2011 2137/1867/2012
f 2134/1864/2009 2137/1867/2012 2135/1865/2010
f 2136/1866/2011 2138/1868/2013 2139/1869/2014
f 2136/1866/2011 2139/1869/2014 2137/1867/2012
f 2138/1868/2013 2140/1870/2015 2141/1871/2016
f 2138/1868/2013 2141/1871/2016 2139/1869/2014
f 2140/1870/2015 2142/1872/2017 2143/1873/2018
f 2140/1870/2015 2143/1873/2018 2141/1871/2016
f 2142/1872/2017 2144/1874/2019 2145/1875/2020
f 2142/1872/2017 2145/1875/2020 2143/1873/2018
f 2144/1874/2019 2146/1876/2021 2147/1877/2022
f 2144/1874/2019 2147/1877/2022 2145/1875/2020
f 2146/1876/2021 2148/1878/2023 2149/1879/2006
f 2146/1876/2021 2149/1879/2006 2147/1877/2022
f 2150/1880/2024 2151/1881/2025 2152/1882/2026
f 2150/1880/2024 2152/1882/2026 2153/1883/2027
f 2151/1881/2025 2154/1884/2028 2155/1885/2029
f 2151/1881/2025 2155/1885/2029 2152/1882/2026
f 2154/1884/2028 2156/1886/2030 2157/1887/2031
f 2154/1884/2028 2157/1887/2031 2155/1885/2029
f 2156/1886/2030 2158/1888/2032 2159/1889/2033
f 2156/1886/2030 2159/1889/2033 2157/1887/2031
f 2158/1888/2032 2160/1890/2034 2161/1891/2035
f 2158/1888/2032 2161/1891/2035 2159/1889/2033
f 2160/1890/2034 2162/1888/2036 2163/1889/2037
f 2160/1890/2034 2163/1889/2037 2161/1891/2035
f 2162/1888/2036 2164/1886/2038 2165/1887/2039
f 2162/1888/2036 2165/1887/2039 2163/1889/2037
f 2164/1886/2038 2166/1884/2040 2167/1885/2041
f 2164/1886/2038 2167/1885/2041 2165/1887/2039
f 2166/1884/2040 2168/1881/2042 2169/1882/2043
f 2166/1884/2040 2169/1882/2043 2167/1885/2041
f 2168/1881/2042 2150/1880/2024 2153/1883/2027
f 2168/1881/2042 2153/1883/2027 2169/1882/2043
f 2151/1881/2025 2150/1880/2024 2170/1892/2044
f 2151/1881/2025 2170/1892/2044 2171/1893/2045
f 2154/1884/2028 2151/1881/2025 2171/1893/2045
f 2154/1884/2028 2171/1893/2045 2172/1894/2046
f 2156/1886/2030 2154/1884/2028 2172/1894/2046
f 2156/1886/2030 2172/1894/2046 2173/1895/2047
f 2158/1888/2032 2156/1886/2030 2173/1895/2047
f 2158/1888/2032 2173/1895/2047 2174/1896/2048
f 2160/1890/2034 2158/1888/2032 2174/1896/2048
f 2160/1890/2034 2174/1896/2048 2175/1897/2049
f 2162/1888/2036 2160/1890/2034 2175/1897/2049
f 2162/1888/2036 2175/1897/2049 2176/1896/2050
f 2164/1886/2038 2162/1888/2036 2176/1896/2050
f 2164/1886/2038 2176/1896/2050 2177/1895/2051
f 2166/1884/2040 2164/1886/2038 2177/1895/2051
f 2166/1884/2040 2177/1895/2051 2178/1894/2052
f 2168/1881/2042 2166/1884/2040 2178/1894/2052
f 2168/1881/2042 2178/1894/2052 2179/1893/2053
f 2150/1880/2024 2168/1881/2042 2179/1893/2053
f 2150/1880/2024 2179/1893/2053 2170/1892/2044
f 2171/1893/2045 2170/1892/2044 2180/1898/2054
f 2171/1893/2045 2180/1898/2054 2181/1899/2055
f 2172/1894/2046 2171/1893/2045 2181/1899/2055
f 2172/1894/2046 2181/1899/2055 2182/1900/2056
f 2173/1895/2047 2172/1894/2046 2182/1900/2056
f 2173/1895/2047 2182/1900/2056 2183/1901/2057
f 2174/1896/2048 2173/1895/2047 2183/1901/2057
f 2174/1896/2048 2183/1901/2057 2184/1902/2058
f 2175/1897/2049 2174/1896/2048 2184/1902/2058
f 2175/1897/2049 2184/1902/2058 2185/1903/2059
f 2176/1896/2050 2175/1897/2049 2185/1903/2059
f 2176/1896/2050 2185/1903/2059 2186/1902/2060
f 2177/1895/2051 2176/1896/2050 2186/1902/2060
f 2177/1895/2051 2186/1902/2060 2187/1901/2061
f 2178/1894/2052 2177/1895/2051 2187/1901/2061
f 2178/1894/2052 2187/1901/2061 2188/1900/2062
f 2179/1893/2053 2178/1894/2052 2188/1900/2062
f 2179/1893/2053 2188/1900/2062 2189/1899/2063
f 2170/1892/2044 2179/1893/2053 2189/1899/2063
f 2170/1892/2044 2189/1899/2063 2180/1898/2054
f 3693/553/2064 2194/1904/2065 2195/1905/2064
f 3693/553/2064 2195/1905/2064 3694/535/2066
f 3696/1904/2067 2196/537/2068 2197/540/2069
f 3696/1904/2067 2197/540/2069 3708/1905/2070
f 3684/538/2071 2200/1906/2072 2201/1907/2073
f 3684/538/2071 2201/1907/2073 3634/539/2074
f 3681/1906/2075 2202/1908/2076 2203/1909/2075
f 3681/1906/2075 2203/1909/2075 3627/1907/2077
f 2208/545/200 2209/546/198 2207/544/198
f 2210/547/201 2211/548/2078 2212/549/2078
f 2210/547/201 2212/549/2078 2213/550/201
f 2210/547/201 2214/551/202 2215/552/202
f 2216/1910/2079 2217/1911/2080 2218/575/2081
f 2216/1910/2079 2218/575/2081 2219/556/2082
f 2220/1912/2083 2221/1913/2084 2222/560/2085
f 2220/1912/2083 2222/560/2085 2223/559/2086
f 2221/1913/2084 2224/1914/2087 2225/562/2088
f 2221/1913/2084 2225/562/2088 2222/560/2085
f 2224/1914/2087 2226/1915/2089 2227/564/2090
f 2224/1914/2087 2227/564/2090 2225/562/2088
f 2226/1915/2089 2228/1916/2091 2229/566/2092
f 2226/1915/2089 2229/566/2092 2227/564/2090
f 2228/1916/2091 2216/1910/2079 2219/556/2082
f 2228/1916/2091 2219/556/2082 2229/566/2092
f 2230/1917/2093 2231/1918/2094 2232/1919/2095
f 2230/1917/2093 2232/1919/2095 2233/1920/2096
f 2234/1921/2097 2230/1917/2093 2233/1920/2096
f 2234/1921/2097 2233/1920/2096 2235/1922/2098
f 2236/1923/2099 2234/1921/2097 2235/1922/2098
f 2236/1923/2099 2235/1922/2098 2237/1924/2100
f 2238/1925/2101 2236/1923/2099 2237/1924/2100
f 2238/1925/2101 2237/1924/2100 2239/1926/2102
f 2240/1927/2103 2241/1928/2104 2242/1929/2105
f 2240/1927/2103 2242/1929/2105 2243/1930/2106
f 2231/1918/2094 2240/1927/2103 2243/1930/2106
f 2231/1918/2094 2243/1930/2106 2232/1919/2095
f 2244/554/2 3665/556/2 3623/575/2
f 2233/1920/2096 2232/1919/2095 2251/1931/2107
f 2233/1920/2096 2251/1931/2107 2252/1932/2108
f 2235/1922/2098 2233/1920/2096 2252/1932/2108
f 2235/1922/2098 2252/1932/2108 2253/1933/2109
f 2237/1924/2100 2235/1922/2098 2253/1933/2109
f 2237/1924/2100 2253/1933/2109 2254/1934/2110
f 2239/1926/2102 2237/1924/2100 2254/1934/2110
f 2239/1926/2102 2254/1934/2110 2255/1935/2111
f 2256/1936/2112 2257/1937/2113 2258/1938/2114
f 2256/1936/2112 2258/1938/2114 2259/1939/2115
f 2242/1929/2105 2256/1936/2112 2259/1939/2115
f 2242/1929/2105 2259/1939/2115 2260/1940/2116
f 2243/1930/2106 2242/1929/2105 2260/1940/2116
f 2243/1930/2106 2260/1940/2116 2261/1941/2117
f 2232/1919/2095 2243/1930/2106 2261/1941/2117
f 2232/1919/2095 2261/1941/2117 2251/1931/2107
f 2268/1942/2118 2269/573/2119 2270/562/2120
f 2268/1942/2118 2270/562/2120 2271/1914/2121
f 2272/1943/2122 2273/1944/2123 2274/576/2124
f 2272/1943/2122 2274/576/2124 2275/1945/2125
f 2275/1945/2125 2274/576/2124 2276/575/2126
f 2275/1945/2125 2276/575/2126 2277/1911/2127
f 2277/1911/2127 2276/575/2126 2278/556/2128
f 2277/1911/2127 2278/556/2128 2279/1910/2129
f 2279/1910/2129 2278/556/2128 2280/566/2130
f 2279/1910/2129 2280/566/2130 2281/1916/2131
f 2281/1916/2131 2280/566/2130 2269/573/2119
f 2281/1916/2131 2269/573/2119 2268/1942/2118
f 2282/1946/2132 2283/1930/2133 2284/1919/2134
f 2282/1946/2132 2284/1919/2134 2285/1918/2135
f 2286/1928/2136 2287/1947/2137 2283/1930/2133
f 2286/1928/2136 2283/1930/2133 2282/1946/2132
f 2288/1948/2138 2289/1936/2139 2287/1947/2137
f 2288/1948/2138 2287/1947/2137 2286/1928/2136
f 2290/1949/2140 2291/1950/2141 2289/1936/2139
f 2290/1949/2140 2289/1936/2139 2288/1948/2138
f 2292/1923/2142 2293/1924/2143 2294/1926/2144
f 2292/1923/2142 2294/1926/2144 2295/1925/2145
f 2296/1921/2146 2297/1922/2147 2293/1924/2143
f 2296/1921/2146 2293/1924/2143 2292/1923/2142
f 2298/1917/2148 2299/1920/2149 2297/1922/2147
f 2298/1917/2148 2297/1922/2147 2296/1921/2146
f 2285/1918/2135 2284/1919/2134 2299/1920/2149
f 2285/1918/2135 2299/1920/2149 2298/1917/2148
f 2300/561/2 4624/562/2150 4621/573/2
f 2302/557/2151 2303/560/2152 4624/562/2150
f 2302/557/2151 4624/562/2150 2300/561/2
f 2304/1951/2153 2305/1952/2 2303/560/2152
f 2304/1951/2153 2303/560/2152 2302/557/2151
f 2306/577/2 4647/576/2 4668/1944/2154
f 2306/577/2 4668/1944/2154 2307/1953/2
f 2283/1930/2133 2311/1941/2155 2312/1931/2156
f 2283/1930/2133 2312/1931/2156 2284/1919/2134
f 2287/1947/2137 2313/1940/2157 2311/1941/2155
f 2287/1947/2137 2311/1941/2155 2283/1930/2133
f 2289/1936/2139 2314/1939/2158 2313/1940/2157
f 2289/1936/2139 2313/1940/2157 2287/1947/2137
f 2291/1950/2141 2315/1954/2159 2314/1939/2158
f 2291/1950/2141 2314/1939/2158 2289/1936/2139
f 2293/1924/2143 2316/1934/2160 2317/1935/2161
f 2293/1924/2143 2317/1935/2161 2294/1926/2144
f 2297/1922/2147 2318/1933/2162 2316/1934/2160
f 2297/1922/2147 2316/1934/2160 2293/1924/2143
f 2299/1920/2149 2319/1932/2163 2318/1933/2162
f 2299/1920/2149 2318/1933/2162 2297/1922/2147
f 2284/1919/2134 2312/1931/2156 2319/1932/2163
f 2284/1919/2134 2319/1932/2163 2299/1920/2149
f 2320/1955/2164 4666/1954/2164 4664/1950/2165
f 2320/1955/2164 4664/1950/2165 2321/1956/2166
f 2322/1957/2167 4664/1950/2168 4665/1949/907
f 2322/1957/2167 4665/1949/907 2323/1958/907
f 2324/578/2169 2328/1959/2170 2329/1960/2171
f 2324/578/2169 2329/1960/2171 2325/579/2172
f 2336/1961/2079 2337/1962/2173 2338/1963/2174
f 2336/1961/2079 2338/1963/2174 2339/584/2175
f 2337/1962/2173 2340/1964/2176 2341/1965/2177
f 2337/1962/2173 2341/1965/2177 2338/1963/2174
f 2340/1964/2176 2342/580/2178 2343/579/2179
f 2340/1964/2176 2343/579/2179 2341/1965/2177
f 2344/1966/2180 2345/1967/2084 2346/588/2085
f 2344/1966/2180 2346/588/2085 2347/587/2086
f 2345/1967/2084 2348/1968/2087 2349/591/2088
f 2345/1967/2084 2349/591/2088 2346/588/2085
f 2348/1968/2087 2350/1969/2089 2351/592/2090
f 2348/1968/2087 2351/592/2090 2349/591/2088
f 2350/1969/2089 2352/1970/2091 2353/594/2092
f 2350/1969/2089 2353/594/2092 2351/592/2090
f 2352/1970/2091 2336/1961/2079 2339/584/2175
f 2352/1970/2091 2339/584/2175 2353/594/2092
f 2354/1971/2093 2355/1972/2094 2356/1973/2095
f 2354/1971/2093 2356/1973/2095 2357/1974/2096
f 2358/1975/2097 2354/1971/2093 2357/1974/2096
f 2358/1975/2097 2357/1974/2096 2359/1976/2098
f 2360/1977/2099 2358/1975/2097 2359/1976/2098
f 2360/1977/2099 2359/1976/2098 2361/1978/2100
f 2362/1979/2101 2360/1977/2099 2361/1978/2100
f 2362/1979/2101 2361/1978/2100 2363/1980/2102
f 2364/1981/2181 2365/1982/2182 2366/1983/2183
f 2364/1981/2181 2366/1983/2183 2367/1984/2184
f 2368/1985/2185 2364/1981/2181 2367/1984/2184
f 2368/1985/2185 2367/1984/2184 2369/1986/2186
f 2370/1987/2103 2368/1985/2185 2369/1986/2186
f 2370/1987/2103 2369/1986/2186 2371/1988/2106
f 2355/1972/2094 2370/1987/2103 2371/1988/2106
f 2355/1972/2094 2371/1988/2106 2356/1973/2095
f 2372/582/2 3667/584/2 3625/1963/2187
f 2374/1989/2188 2372/582/2 3625/1963/2187
f 2374/1989/2188 3625/1963/2187 3582/1965/2189
f 2375/1960/2190 2374/1989/2188 3582/1965/2189
f 2375/1960/2190 3582/1965/2189 3579/579/2
f 2378/589/2 3584/588/2 3626/591/2
f 2357/1974/2096 2356/1973/2095 2381/1990/2107
f 2357/1974/2096 2381/1990/2107 2382/1991/2108
f 2359/1976/2098 2357/1974/2096 2382/1991/2108
f 2359/1976/2098 2382/1991/2108 2383/1992/2109
f 2361/1978/2100 2359/1976/2098 2383/1992/2109
f 2361/1978/2100 2383/1992/2109 2384/1993/2110
f 2363/1980/2102 2361/1978/2100 2384/1993/2110
f 2363/1980/2102 2384/1993/2110 2385/1994/2111
f 2367/1984/2184 2366/1983/2183 2386/1995/2114
f 2367/1984/2184 2386/1995/2114 2387/1996/2115
f 2369/1986/2186 2367/1984/2184 2387/1996/2115
f 2369/1986/2186 2387/1996/2115 2388/1997/2116
f 2371/1988/2106 2369/1986/2186 2388/1997/2116
f 2371/1988/2106 2388/1997/2116 2389/1998/2117
f 2356/1973/2095 2371/1988/2106 2389/1998/2117
f 2356/1973/2095 2389/1998/2117 2381/1990/2107
f 2394/599/2 2391/596/2 2395/600/2
f 2396/1999/2191 2397/2000/2192 2398/2001/2193
f 2396/1999/2191 2398/2001/2193 2399/2002/2194
f 2404/2003/2195 2405/2004/2196 2406/2005/2197
f 2404/2003/2195 2406/2005/2197 2407/2006/2198
f 2406/2005/2197 2405/2004/2196 2410/2007/2199
f 2406/2005/2197 2410/2007/2199 2411/2008/2200
f 2398/2001/2193 2397/2000/2192 3713/2003/2201
f 2398/2001/2193 3713/2003/2201 3714/2006/2202
f 2399/2002/2194 2398/2001/2193 2412/2009/2203
f 2399/2002/2194 2412/2009/2203 2413/2010/2204
f 2398/2001/2193 3714/2006/2202 2414/2011/2205
f 2398/2001/2193 2414/2011/2205 2412/2009/2203
f 2407/2006/2198 2406/2005/2197 2415/2012/2206
f 2407/2006/2198 2415/2012/2206 3699/2011/2207
f 2406/2005/2197 2411/2008/2200 2416/2013/2208
f 2406/2005/2197 2416/2013/2208 2415/2012/2206
f 2397/2000/2192 2396/1999/2191 2417/2014/2209
f 2397/2000/2192 2417/2014/2209 2418/2015/2210
f 2410/2007/2199 2405/2004/2196 2419/2016/2211
f 2410/2007/2199 2419/2016/2211 2420/2017/2212
f 2405/2004/2196 2404/2003/2195 2421/2018/2213
f 2405/2004/2196 2421/2018/2213 2419/2016/2211
f 3713/2003/2201 2397/2000/2192 2418/2015/2210
f 3713/2003/2201 2418/2015/2210 3698/2018/2214
f 2422/1999/2215 2423/2000/2216 2424/2001/2217
f 2422/1999/2215 2424/2001/2217 2425/2002/2218
f 2428/2019/2219 2429/2020/2220 2430/2021/2221
f 2428/2019/2219 2430/2021/2221 2431/2022/2222
f 2434/2003/2195 2435/2004/2196 2436/2005/2197
f 2434/2003/2195 2436/2005/2197 2437/2006/2198
f 2436/2005/2197 2435/2004/2196 2440/2007/2199
f 2436/2005/2197 2440/2007/2199 2441/2008/2200
f 2430/2021/2221 2429/2020/2220 3660/2008/2223
f 2430/2021/2221 3660/2008/2223 3659/2007/2224
f 2424/2001/2217 2423/2000/2216 3661/2003/2201
f 2424/2001/2217 3661/2003/2201 3662/2006/2202
f 2425/2002/2218 2424/2001/2217 2442/2009/2225
f 2425/2002/2218 2442/2009/2225 2443/2010/2226
f 2429/2020/2220 2428/2019/2219 2444/2023/2227
f 2429/2020/2220 2444/2023/2227 2445/2024/2228
f 2424/2001/2217 3662/2006/2202 2446/2011/2205
f 2424/2001/2217 2446/2011/2205 2442/2009/2225
f 2437/2006/2198 2436/2005/2197 2447/2012/2229
f 2437/2006/2198 2447/2012/2229 3648/2011/2207
f 2436/2005/2197 2441/2008/2200 2448/2013/2208
f 2436/2005/2197 2448/2013/2208 2447/2012/2229
f 3660/2008/2223 2429/2020/2220 2445/2024/2228
f 3660/2008/2223 2445/2024/2228 3646/2013/2230
f 2423/2000/2216 2422/1999/2215 2449/2014/2231
f 2423/2000/2216 2449/2014/2231 2450/2015/2232
f 2431/2022/2222 2430/2021/2221 2451/2025/2233
f 2431/2022/2222 2451/2025/2233 2452/2026/2234
f 2430/2021/2221 3659/2007/2224 2453/2017/2235
f 2430/2021/2221 2453/2017/2235 2451/2025/2233
f 2440/2007/2199 2435/2004/2196 2454/2016/2211
f 2440/2007/2199 2454/2016/2211 3645/2017/2212
f 2435/2004/2196 2434/2003/2195 2455/2018/2213
f 2435/2004/2196 2455/2018/2213 2454/2016/2211
f 3661/2003/2201 2423/2000/2216 2450/2015/2232
f 3661/2003/2201 2450/2015/2232 3647/2018/2214
f 2456/2027/7 2457/2028/2236 2458/2029/2237
f 2456/2027/7 2458/2029/2237 2459/2030/7
f 2460/2031/2238 2456/2027/7 2459/2030/7
f 2460/2031/2238 2459/2030/7 2461/2032/2239
f 2462/2033/2240 2463/2034/2240 2458/2029/2237
f 2462/2033/2240 2458/2029/2237 2457/2028/2236
f 2460/2031/2238 2461/2032/2239 2464/2035/2241
f 2460/2031/2238 2464/2035/2241 2465/2036/2241
f 2466/1999/2242 2467/2002/2243 2468/2001/2244
f 2466/1999/2242 2468/2001/2244 2469/2000/2245
f 2474/2003/2246 2475/2006/2247 2476/2005/2248
f 2474/2003/2246 2476/2005/2248 2477/2004/2249
f 2471/602/2 256/33/2 254/32/2
f 2476/2005/2248 2480/2008/2250 2481/2007/2251
f 2476/2005/2248 2481/2007/2251 2477/2004/2249
f 2468/2001/2244 4615/2006/2252 4614/2003/2253
f 2468/2001/2244 4614/2003/2253 2469/2000/2245
f 2467/2002/2243 2482/2010/2254 2483/2009/2255
f 2467/2002/2243 2483/2009/2255 2468/2001/2244
f 2468/2001/2244 2483/2009/2255 2484/2011/2256
f 2468/2001/2244 2484/2011/2256 4615/2006/2252
f 2475/2006/2247 4617/2011/2257 2485/2012/2258
f 2475/2006/2247 2485/2012/2258 2476/2005/2248
f 2476/2005/2248 2485/2012/2258 2486/2013/2259
f 2476/2005/2248 2486/2013/2259 2480/2008/2250
f 2469/2000/2245 2487/2015/2260 2488/2014/2261
f 2469/2000/2245 2488/2014/2261 2466/1999/2242
f 2481/2007/2251 2489/2017/2262 2490/2016/2263
f 2481/2007/2251 2490/2016/2263 2477/2004/2249
f 2477/2004/2249 2490/2016/2263 2491/2018/2264
f 2477/2004/2249 2491/2018/2264 2474/2003/2246
f 4614/2003/2253 4616/2018/2265 2487/2015/2260
f 4614/2003/2253 2487/2015/2260 2469/2000/2245
f 2492/2037/6 2493/2030/6 2494/2038/2266
f 2492/2037/6 2494/2038/2266 2495/2039/2267
f 2496/2040/2268 2497/2032/2269 2493/2030/6
f 2496/2040/2268 2493/2030/6 2492/2037/6
f 2498/2041/2270 2495/2039/2267 2494/2038/2266
f 2498/2041/2270 2494/2038/2266 2499/2042/2270
f 2496/2040/2268 2500/2036/2271 2501/2035/2271
f 2496/2040/2268 2501/2035/2271 2497/2032/2269
f 2514/620/2272 2515/2043/2273 2516/2044/2274
f 2514/620/2272 2516/2044/2274 2517/621/2272
f 2515/2043/2273 2520/623/2275 2521/626/2275
f 2515/2043/2273 2521/626/2275 2516/2044/2274
f 2526/2045/2276 2527/2046/2277 2528/2047/2278
f 2526/2045/2276 2528/2047/2278 2529/2048/2279
f 2529/2048/2279 2528/2047/2278 2530/2049/2280
f 2529/2048/2279 2530/2049/2280 2531/2050/2281
f 2531/2050/2281 2530/2049/2280 2532/2051/2282
f 2531/2050/2281 2532/2051/2282 2533/2052/2283
f 2534/2053/2284 2535/2054/2285 2536/2055/2286
f 2534/2053/2284 2536/2055/2286 2537/2056/2287
f 2535/2054/2285 2538/2057/2288 2539/2058/2289
f 2535/2054/2285 2539/2058/2289 2536/2055/2286
f 2538/2057/2288 2540/2059/2290 2541/2060/2291
f 2538/2057/2288 2541/2060/2291 2539/2058/2289
f 2542/2061/2292 2543/2062/2293 2544/2063/2294
f 2542/2061/2292 2544/2063/2294 2545/2064/2292
f 2546/2065/2295 2547/2066/2296 2548/2067/2296
f 2546/2065/2295 2548/2067/2296 2549/2068/2297
f 2543/2062/2293 2550/2069/2298 2551/2070/2299
f 2543/2062/2293 2551/2070/2299 2544/2063/2294
f 2552/2071/2300 2546/2065/2295 2549/2068/2297
f 2552/2071/2300 2549/2068/2297 2553/2072/2301
f 2550/2069/2298 2554/2073/2302 2555/2074/2302
f 2550/2069/2298 2555/2074/2302 2551/2070/2299
f 2556/2075/2303 2552/2071/2300 2553/2072/2301
f 2556/2075/2303 2553/2072/2301 2557/2076/2303
f 3720/632/2304 3878/631/2305 2562/634/2306
f 3720/632/2304 2562/634/2306 2563/633/2304
f 2566/2077/2307 2567/2078/2308 2568/2079/5
f 2566/2077/2307 2568/2079/5 2569/2080/2307
f 3878/631/2305 4077/640/2309 4075/639/2309
f 3878/631/2305 4075/639/2309 2562/634/2306
f 2568/2079/5 2567/2078/2308 2577/2081/2310
f 2568/2079/5 2577/2081/2310 2578/2082/2310
f 2592/620/2272 2593/2043/2273 2594/2044/2274
f 2592/620/2272 2594/2044/2274 2595/621/2272
f 2593/2043/2273 2598/623/2275 2599/626/2275
f 2593/2043/2273 2599/626/2275 2594/2044/2274
f 2604/2045/2311 2605/2046/2277 2606/2047/2278
f 2604/2045/2311 2606/2047/2278 2607/2048/2312
f 2607/2048/2312 2606/2047/2278 2608/2049/2280
f 2607/2048/2312 2608/2049/2280 2609/2050/2281
f 2609/2050/2281 2608/2049/2280 2610/2051/2282
f 2609/2050/2281 2610/2051/2282 2611/2052/2313
f 2612/2053/2284 2613/2054/2314 2614/2055/2286
f 2612/2053/2284 2614/2055/2286 2615/2083/2315
f 2613/2054/2314 2616/2057/2288 2617/2058/2316
f 2613/2054/2314 2617/2058/2316 2614/2055/2286
f 2616/2057/2288 2618/2059/2317 2619/2060/2291
f 2616/2057/2288 2619/2060/2291 2617/2058/2316
f 2620/2061/2292 2621/2062/2293 2622/2063/2294
f 2620/2061/2292 2622/2063/2294 2623/2064/2292
f 2624/2065/2295 2625/2066/2296 2626/2067/2296
f 2624/2065/2295 2626/2067/2296 2627/2068/2297
f 2621/2062/2293 2628/2069/2298 2629/2084/2299
f 2621/2062/2293 2629/2084/2299 2622/2063/2294
f 2630/2071/2300 2624/2065/2295 2627/2068/2297
f 2630/2071/2300 2627/2068/2297 2631/2085/2301
f 2628/2069/2298 2632/2073/2302 2633/2074/2302
f 2628/2069/2298 2633/2074/2302 2629/2084/2299
f 2634/2075/2303 2630/2071/2300 2631/2085/2301
f 2634/2075/2303 2631/2085/2301 2635/2076/2303
f 277/42/6 2640/618/6 2641/612/6
f 279/42/7 2646/612/7 2647/618/7
f 2648/620/2318 2649/2043/2319 2650/2044/2320
f 2648/620/2318 2650/2044/2320 2651/621/2318
f 2649/2043/2319 2654/623/2321 2655/626/2321
f 2649/2043/2319 2655/626/2321 2650/2044/2320
f 2660/2053/2322 2661/2056/2323 2662/2055/2324
f 2660/2053/2322 2662/2055/2324 2663/2054/2325
f 2663/2054/2325 2662/2055/2324 2664/2058/2326
f 2663/2054/2325 2664/2058/2326 2665/2057/2327
f 2665/2057/2327 2664/2058/2326 2666/2060/2328
f 2665/2057/2327 2666/2060/2328 2667/2059/2329
f 2668/2053/2330 2669/2054/2331 2670/2055/2332
f 2668/2053/2330 2670/2055/2332 2671/2056/2333
f 2669/2054/2331 2672/2057/2334 2673/2058/2335
f 2669/2054/2331 2673/2058/2335 2670/2055/2332
f 2672/2057/2334 2674/2059/2336 2675/2060/2337
f 2672/2057/2334 2675/2060/2337 2673/2058/2335
f 2676/2061/2338 2677/2062/2339 2678/2063/2340
f 2676/2061/2338 2678/2063/2340 2679/2064/2338
f 2680/2065/2341 2681/2066/2342 2682/2067/2342
f 2680/2065/2341 2682/2067/2342 2683/2068/2343
f 2677/2062/2339 2684/2069/2344 2685/2084/2345
f 2677/2062/2339 2685/2084/2345 2678/2063/2340
f 2686/2071/2346 2680/2065/2341 2683/2068/2343
f 2686/2071/2346 2683/2068/2343 2687/2085/2347
f 2684/2069/2344 2688/2073/2348 2689/2074/2348
f 2684/2069/2344 2689/2074/2348 2685/2084/2345
f 2690/2075/2349 2686/2071/2346 2687/2085/2347
f 2690/2075/2349 2687/2085/2347 2691/2076/2349
f 4507/632/2350 4564/631/2351 2696/634/2352
f 4507/632/2350 2696/634/2352 2697/633/2350
f 2700/2077/2353 2701/2078/2308 2702/2079/2354
f 2700/2077/2353 2702/2079/2354 2703/2080/2353
f 4564/631/2351 4612/640/2355 4610/639/2355
f 4564/631/2351 4610/639/2355 2696/634/2352
f 2702/2079/2354 2701/2078/2308 2711/2081/2356
f 2702/2079/2354 2711/2081/2356 2712/2082/2356
f 283/42/6 2718/618/6 2719/612/6
f 285/42/7 2724/612/7 2725/618/7
f 2726/620/2318 2727/2043/2357 2728/2044/2320
f 2726/620/2318 2728/2044/2320 2729/621/2318
f 2730/646/206 4589/620/206 4605/621/206
f 2730/646/206 4605/621/206 2731/645/206
f 2727/2043/2357 2732/623/2321 2733/626/2321
f 2727/2043/2357 2733/626/2321 2728/2044/2320
f 2738/2053/2322 2739/2056/2323 2740/2055/2358
f 2738/2053/2322 2740/2055/2358 2741/2054/2359
f 2741/2054/2359 2740/2055/2358 2742/2058/2360
f 2741/2054/2359 2742/2058/2360 2743/2057/2327
f 2743/2057/2327 2742/2058/2360 2744/2060/2328
f 2743/2057/2327 2744/2060/2328 2745/2059/2361
f 2746/2053/2330 2747/2054/2362 2748/2055/2363
f 2746/2053/2330 2748/2055/2363 2749/2056/2333
f 2747/2054/2362 2750/2057/2334 2751/2058/2335
f 2747/2054/2362 2751/2058/2335 2748/2055/2363
f 2750/2057/2334 2752/2059/2336 2753/2060/2364
f 2750/2057/2334 2753/2060/2364 2751/2058/2335
f 2754/2061/2338 2755/2062/2365 2756/2063/2340
f 2754/2061/2338 2756/2063/2340 2757/2064/2338
f 2758/2065/2341 2759/2066/2342 2760/2067/2342
f 2758/2065/2341 2760/2067/2342 2761/2068/2343
f 2755/2062/2365 2762/2069/2344 2763/2084/2345
f 2755/2062/2365 2763/2084/2345 2756/2063/2340
f 2764/2071/2346 2758/2065/2341 2761/2068/2343
f 2764/2071/2346 2761/2068/2343 2765/2085/2347
f 2762/2069/2344 2766/2073/2348 2767/2074/2348
f 2762/2069/2344 2767/2074/2348 2763/2084/2345
f 2768/2075/2349 2764/2071/2346 2765/2085/2347
f 2768/2075/2349 2765/2085/2347 2769/2076/2349
f 2770/2086/2366 2771/2087/2367 2772/2088/2368
f 2770/2086/2366 2772/2088/2368 2773/2089/2369
f 2771/2087/2367 2774/2090/2370 2775/2091/2371
f 2771/2087/2367 2775/2091/2371 2772/2088/2368
f 2774/2090/2370 2776/2092/2372 2777/2093/2373
f 2774/2090/2370 2777/2093/2373 2775/2091/2371
f 2776/2092/2372 2778/2094/2374 2779/2095/2375
f 2776/2092/2372 2779/2095/2375 2777/2093/2373
f 2778/2094/2374 2780/2096/2376 2781/2097/2377
f 2778/2094/2374 2781/2097/2377 2779/2095/2375
f 2782/2098/2376 2783/2099/2378 2784/2100/2379
f 2782/2098/2376 2784/2100/2379 2785/2101/2380
f 2783/2099/2378 2786/2102/2381 2787/2103/2382
f 2783/2099/2378 2787/2103/2382 2784/2100/2379
f 2786/2102/2381 2788/2104/2383 2789/2105/2384
f 2786/2102/2381 2789/2105/2384 2787/2103/2382
f 2788/2104/2383 2790/2106/2385 2791/2107/2386
f 2788/2104/2383 2791/2107/2386 2789/2105/2384
f 2790/2106/2385 2770/2086/2366 2773/2089/2369
f 2790/2106/2385 2773/2089/2369 2791/2107/2386
f 2787/2103/2382 2789/2105/2384 2792/2108/2387
f 2787/2103/2382 2792/2108/2387 2793/2109/2388
f 2784/2100/2379 2787/2103/2382 2793/2109/2388
f 2784/2100/2379 2793/2109/2388 2794/2110/2389
f 2785/2101/2380 2784/2100/2379 2794/2110/2389
f 2785/2101/2380 2794/2110/2389 2795/2111/2390
f 2779/2095/2375 2781/2097/2377 2796/2112/2390
f 2779/2095/2375 2796/2112/2390 2797/2113/2391
f 2777/2093/2373 2779/2095/2375 2797/2113/2391
f 2777/2093/2373 2797/2113/2391 2798/2114/2392
f 2775/2091/2371 2777/2093/2373 2798/2114/2392
f 2775/2091/2371 2798/2114/2392 2799/2115/2393
f 2772/2088/2368 2775/2091/2371 2799/2115/2393
f 2772/2088/2368 2799/2115/2393 2800/2116/2394
f 2773/2089/2369 2772/2088/2368 2800/2116/2394
f 2773/2089/2369 2800/2116/2394 2801/2117/2395
f 2791/2107/2386 2773/2089/2369 2801/2117/2395
f 2791/2107/2386 2801/2117/2395 2802/2118/2396
f 2789/2105/2384 2791/2107/2386 2802/2118/2396
f 2789/2105/2384 2802/2118/2396 2792/2108/2387
f 2807/2119/2397 2808/2120/2398 2809/2121/2399
f 2807/2119/2397 2809/2121/2399 2810/2122/2400
f 2808/2120/2398 2811/2123/2401 2812/2124/2402
f 2808/2120/2398 2812/2124/2402 2809/2121/2399
f 2811/2123/2401 2813/2125/2403 2814/2126/2404
f 2811/2123/2401 2814/2126/2404 2812/2124/2402
f 2813/2125/2403 2815/2127/2405 2816/2128/2406
f 2813/2125/2403 2816/2128/2406 2814/2126/2404
f 2815/2127/2405 2817/2129/2407 2818/2130/2408
f 2815/2127/2405 2818/2130/2408 2816/2128/2406
f 2819/2131/2407 2820/2132/2409 2821/2133/2410
f 2819/2131/2407 2821/2133/2410 2822/2134/2408
f 2820/2132/2409 2823/2135/2411 2824/2136/2412
f 2820/2132/2409 2824/2136/2412 2821/2133/2410
f 2823/2135/2411 2825/2137/2413 2826/2138/2414
f 2823/2135/2411 2826/2138/2414 2824/2136/2412
f 2825/2137/2413 2827/2139/2415 2828/2140/2416
f 2825/2137/2413 2828/2140/2416 2826/2138/2414
f 2827/2139/2415 2807/2119/2397 2810/2122/2400
f 2827/2139/2415 2810/2122/2400 2828/2140/2416
f 2824/2136/2412 2826/2138/2414 2829/2141/2417
f 2824/2136/2412 2829/2141/2417 2830/2142/2418
f 2821/2133/2410 2824/2136/2412 2830/2142/2418
f 2821/2133/2410 2830/2142/2418 2831/2143/2419
f 2822/2134/2408 2821/2133/2410 2831/2143/2419
f 2822/2134/2408 2831/2143/2419 2832/2144/2420
f 2816/2128/2406 2818/2130/2408 2833/2145/2420
f 2816/2128/2406 2833/2145/2420 2834/2146/2421
f 2814/2126/2404 2816/2128/2406 2834/2146/2421
f 2814/2126/2404 2834/2146/2421 2835/2147/2422
f 2812/2124/2402 2814/2126/2404 2835/2147/2422
f 2812/2124/2402 2835/2147/2422 2836/2148/2423
f 2809/2121/2399 2812/2124/2402 2836/2148/2423
f 2809/2121/2399 2836/2148/2423 2837/2149/2424
f 2810/2122/2400 2809/2121/2399 2837/2149/2424
f 2810/2122/2400 2837/2149/2424 2838/2150/2425
f 2828/2140/2416 2810/2122/2400 2838/2150/2425
f 2828/2140/2416 2838/2150/2425 2839/2151/2426
f 2826/2138/2414 2828/2140/2416 2839/2151/2426
f 2826/2138/2414 2839/2151/2426 2829/2141/2417
f 4499/654/2427 2851/2152/2427 4509/658/2427
f 4499/654/2427 4509/658/2427 4511/655/2427
f 2856/664/1 2858/655/1 2859/654/1
f 2874/2153/2428 2875/2154/2429 2876/2155/2430
f 2874/2153/2428 2876/2155/2430 2877/2156/2431
f 2875/2154/2429 2878/2157/2432 2879/2158/2433
f 2875/2154/2429 2879/2158/2433 2876/2155/2430
f 2878/2157/2432 2880/2159/2434 2881/2160/2435
f 2878/2157/2432 2881/2160/2435 2879/2158/2433
f 2880/2159/2434 2882/2161/2436 2883/2162/2437
f 2880/2159/2434 2883/2162/2437 2881/2160/2435
f 2882/2161/2436 2884/2163/2438 2885/2164/2439
f 2882/2161/2436 2885/2164/2439 2883/2162/2437
f 2884/2163/2438 2886/2165/2440 2887/2166/2441
f 2884/2163/2438 2887/2166/2441 2885/2164/2439
f 2886/2165/2440 2888/2167/2442 2889/2168/2443
f 2886/2165/2440 2889/2168/2443 2887/2166/2441
f 2888/2167/2442 2890/2169/2444 2891/2170/2445
f 2888/2167/2442 2891/2170/2445 2889/2168/2443
f 2890/2169/2444 2892/2171/2446 2893/2172/2447
f 2890/2169/2444 2893/2172/2447 2891/2170/2445
f 2892/2171/2446 2894/2173/2428 2895/2174/2448
f 2892/2171/2446 2895/2174/2448 2893/2172/2447
f 2896/2175/2449 2897/2176/2450 2898/2177/2451
f 2896/2175/2449 2898/2177/2451 2899/2178/2452
f 2897/2176/2450 2900/2179/2453 2901/2180/2454
f 2897/2176/2450 2901/2180/2454 2898/2177/2451
f 2900/2179/2453 2902/2181/2455 2903/2182/2456
f 2900/2179/2453 2903/2182/2456 2901/2180/2454
f 2902/2181/2455 2904/2183/2457 2905/2184/2458
f 2902/2181/2455 2905/2184/2458 2903/2182/2456
f 2904/2183/2457 2906/2185/2459 2907/2186/2460
f 2904/2183/2457 2907/2186/2460 2905/2184/2458
f 2906/2185/2459 2908/2187/2461 2909/2188/2462
f 2906/2185/2459 2909/2188/2462 2907/2186/2460
f 2908/2187/2461 2910/2189/2463 2911/2190/2464
f 2908/2187/2461 2911/2190/2464 2909/2188/2462
f 2910/2189/2463 2912/2191/2465 2913/2192/2466
f 2910/2189/2463 2913/2192/2466 2911/2190/2464
f 2912/2191/2465 2914/2193/2467 2915/2194/2468
f 2912/2191/2465 2915/2194/2468 2913/2192/2466
f 2914/2193/2467 2916/2195/2469 2917/2196/2452
f 2914/2193/2467 2917/2196/2452 2915/2194/2468
f 4343/2178/2470 4293/2177/2471 2918/2197/2472
f 4343/2178/2470 2918/2197/2472 2919/2198/2473
f 4293/2177/2471 4228/2180/2474 2920/2199/2475
f 4293/2177/2471 2920/2199/2475 2918/2197/2472
f 4228/2180/2474 4195/2182/2476 2921/2200/2477
f 4228/2180/2474 2921/2200/2477 2920/2199/2475
f 4195/2182/2476 4211/2184/2478 2922/2201/2479
f 4195/2182/2476 2922/2201/2479 2921/2200/2477
f 4212/2184/2480 4260/2186/2481 2923/2202/2482
f 4212/2184/2480 2923/2202/2482 4207/2201/2483
f 4260/2186/2481 4335/2188/2484 2924/2203/2485
f 4260/2186/2481 2924/2203/2485 2923/2202/2482
f 4335/2188/2484 4370/2190/2486 2925/2204/2487
f 4335/2188/2484 2925/2204/2487 2924/2203/2485
f 4370/2190/2486 4393/2192/2488 2926/2205/2489
f 4370/2190/2486 2926/2205/2489 2925/2204/2487
f 4393/2192/2488 4384/2194/2490 2927/2206/2491
f 4393/2192/2488 2927/2206/2491 2926/2205/2489
f 4384/2194/2490 4344/2196/2492 2928/2207/2493
f 4384/2194/2490 2928/2207/2493 2927/2206/2491
f 2929/2208/2494 2930/2209/2495 4413/2191/2496
f 2929/2208/2494 4413/2191/2496 4389/2189/2497
f 2931/2210/2498 2929/2208/2494 4389/2189/2497
f 2931/2210/2498 4389/2189/2497 4336/2187/2499
f 2932/2211/2500 2931/2210/2498 4336/2187/2499
f 2932/2211/2500 4336/2187/2499 4256/2185/2501
f 2933/2212/2502 2932/2211/2500 4256/2185/2501
f 2933/2212/2502 4256/2185/2501 4190/2183/2503
f 2934/2213/2504 2933/2212/2502 4190/2183/2503
f 2934/2213/2504 4190/2183/2503 4185/2181/2505
f 2935/2214/2506 2934/2213/2504 4185/2181/2505
f 2935/2214/2506 4185/2181/2505 4205/2179/2507
f 2936/2215/2508 2935/2214/2506 4205/2179/2507
f 2936/2215/2508 4205/2179/2507 4283/2176/2509
f 2937/2216/2510 2936/2215/2508 4283/2176/2509
f 2937/2216/2510 4283/2176/2509 4364/2175/2511
f 2938/2217/2512 2939/2218/2513 4365/2195/2511
f 2938/2217/2512 4365/2195/2511 4405/2193/2514
f 2930/2209/2495 2938/2217/2512 4405/2193/2514
f 2930/2209/2495 4405/2193/2514 4413/2191/2496
f 2889/2168/2443 2891/2170/2445 2930/2209/2495
f 2889/2168/2443 2930/2209/2495 2929/2208/2494
f 2887/2166/2441 2889/2168/2443 2929/2208/2494
f 2887/2166/2441 2929/2208/2494 2931/2210/2498
f 2885/2164/2439 2887/2166/2441 2931/2210/2498
f 2885/2164/2439 2931/2210/2498 2932/2211/2500
f 2883/2162/2437 2885/2164/2439 2932/2211/2500
f 2883/2162/2437 2932/2211/2500 2933/2212/2502
f 2881/2160/2435 2883/2162/2437 2933/2212/2502
f 2881/2160/2435 2933/2212/2502 2934/2213/2504
f 2879/2158/2433 2881/2160/2435 2934/2213/2504
f 2879/2158/2433 2934/2213/2504 2935/2214/2506
f 2876/2155/2430 2879/2158/2433 2935/2214/2506
f 2876/2155/2430 2935/2214/2506 2936/2215/2508
f 2877/2156/2431 2876/2155/2430 2936/2215/2508
f 2877/2156/2431 2936/2215/2508 2937/2216/2510
f 2893/2172/2447 2895/2174/2448 2939/2218/2513
f 2893/2172/2447 2939/2218/2513 2938/2217/2512
f 2891/2170/2445 2893/2172/2447 2938/2217/2512
f 2891/2170/2445 2938/2217/2512 2930/2209/2495
f 2940/2219/2515 2941/2220/2515 2942/2221/2516
f 2940/2219/2515 2942/2221/2516 2943/2222/2517
f 2948/2223/2518 2949/2224/2519 2950/2225/2520
f 2948/2223/2518 2950/2225/2520 2951/2226/2520
f 4391/2220/2521 2952/2227/2522 2953/2228/2523
f 4391/2220/2521 2953/2228/2523 4392/2221/2524
f 2954/2229/2525 2955/2230/2526 2956/2231/2527
f 2954/2229/2525 2956/2231/2527 2957/2232/2528
f 2943/2222/2517 2942/2221/2516 2958/2233/2529
f 2943/2222/2517 2958/2233/2529 2959/2234/2529
f 4392/2221/2524 2953/2228/2523 2960/2235/2530
f 4392/2221/2524 2960/2235/2530 4396/2233/2531
f 2949/2224/2519 2948/2223/2518 2961/2236/2532
f 2949/2224/2519 2961/2236/2532 2962/2237/2533
f 2957/2232/2528 2956/2231/2527 2963/2238/2534
f 2957/2232/2528 2963/2238/2534 2964/2239/2535
f 4514/2223/2536 2957/2232/2528 2964/2239/2535
f 4514/2223/2536 2964/2239/2535 4512/2236/2537
f 4513/2226/2538 2954/2229/2525 2957/2232/2528
f 4513/2226/2538 2957/2232/2528 4514/2223/2536
f 2953/2228/2523 2952/2227/2522 4442/2225/2539
f 2953/2228/2523 4442/2225/2539 4443/2224/2540
f 2960/2235/2530 2953/2228/2523 4443/2224/2540
f 2960/2235/2530 4443/2224/2540 4451/2237/2541
f 2967/686/2542 2968/696/2542 2969/684/2543
f 2967/686/2542 2969/684/2543 2970/687/2544
f 2971/682/216 4447/684/216 4441/696/216
f 2973/685/217 2974/697/217 4501/686/217
f 2972/683/216 2975/690/216 2976/693/216
f 2972/683/216 2976/693/216 4447/684/216
f 2970/687/2544 2969/684/2543 4454/693/2545
f 2970/687/2544 4454/693/2545 2977/689/2546
f 2977/689/2546 4454/693/2545 4455/692/2
f 2977/689/2546 4455/692/2 2981/695/2
f 2983/686/2 2984/696/2 2985/684/2547
f 2983/686/2 2985/684/2547 2986/687/2548
f 2987/682/218 2988/683/218 4252/684/218
f 2987/682/218 4252/684/218 4089/696/218
f 2989/685/219 2990/697/219 4090/686/219
f 2989/685/219 4090/686/219 4254/687/219
f 2986/687/2548 2985/684/2547 4367/693/2549
f 2986/687/2548 4367/693/2549 2993/689/2550
f 2994/688/219 2989/685/219 4254/687/219
f 2991/690/218 2996/692/218 2992/693/218
f 2993/689/2550 4367/693/2549 4444/692/2551
f 2993/689/2550 4444/692/2551 2997/695/2551
f 2999/2219/2552 3000/2220/2552 3001/2221/2553
f 2999/2219/2552 3001/2221/2553 3002/2222/2554
f 3007/2223/2555 3008/2224/2556 3009/2225/2557
f 3007/2223/2555 3009/2225/2557 3010/2226/2557
f 4113/2220/2558 3011/2227/2559 3012/2228/2560
f 4113/2220/2558 3012/2228/2560 4114/2221/2561
f 3013/2229/2562 3014/2230/2563 3015/2231/2564
f 3013/2229/2562 3015/2231/2564 3016/2232/2565
f 3002/2222/2554 3001/2221/2553 3017/2233/2566
f 3002/2222/2554 3017/2233/2566 3018/2234/2567
f 4114/2221/2561 3012/2228/2560 3019/2235/2568
f 4114/2221/2561 3019/2235/2568 4109/2233/2569
f 3008/2224/2556 3007/2223/2555 3020/2236/2570
f 3008/2224/2556 3020/2236/2570 3021/2237/2570
f 3016/2232/2565 3015/2231/2564 3022/2238/2571
f 3016/2232/2565 3022/2238/2571 3023/2239/2572
f 4066/2223/2573 3016/2232/2565 3023/2239/2572
f 4066/2223/2573 3023/2239/2572 4070/2236/2574
f 4065/2226/2575 3013/2229/2562 3016/2232/2565
f 4065/2226/2575 3016/2232/2565 4066/2223/2573
f 3012/2228/2560 3011/2227/2559 4129/2225/2576
f 3012/2228/2560 4129/2225/2576 4130/2224/2577
f 3019/2235/2568 3012/2228/2560 4130/2224/2577
f 3019/2235/2568 4130/2224/2577 4122/2237/2578
f 3026/686/2579 3027/696/2579 3028/684/2580
f 3026/686/2579 3028/684/2580 3029/687/2581
f 3032/685/7 3033/697/7 4057/686/7
f 3029/687/2581 3028/684/2580 4094/693/2582
f 3029/687/2581 4094/693/2582 3036/689/2583
f 3034/690/6 3038/691/6 3039/692/6
f 3034/690/6 3039/692/6 3035/693/6
f 3036/689/2583 4094/693/2582 4093/692/2
f 3036/689/2583 4093/692/2 3040/695/2
f 3041/694/7 3037/688/7 4056/689/7
f 3041/694/7 4056/689/7 4055/695/7
f 3042/2219/2584 3043/2220/2584 3044/2221/2585
f 3042/2219/2584 3044/2221/2585 3045/2222/2586
f 3050/2223/2587 3051/2224/2588 3052/2225/2589
f 3050/2223/2587 3052/2225/2589 3053/2226/2589
f 4150/2220/2590 3054/2227/2591 3055/2228/2592
f 4150/2220/2590 3055/2228/2592 4151/2221/2593
f 3056/2229/2594 3057/2230/2595 3058/2231/2596
f 3056/2229/2594 3058/2231/2596 3059/2232/2597
f 3045/2222/2586 3044/2221/2585 3060/2233/2598
f 3045/2222/2586 3060/2233/2598 3061/2234/2599
f 4151/2221/2593 3055/2228/2592 3062/2235/2600
f 4151/2221/2593 3062/2235/2600 4145/2233/2601
f 3051/2224/2588 3050/2223/2587 3063/2236/2602
f 3051/2224/2588 3063/2236/2602 3064/2237/2602
f 3059/2232/2597 3058/2231/2596 3065/2238/2603
f 3059/2232/2597 3065/2238/2603 3066/2239/2604
f 4042/2223/2605 3059/2232/2597 3066/2239/2604
f 4042/2223/2605 3066/2239/2604 4049/2236/2606
f 4041/2226/2607 3056/2229/2594 3059/2232/2597
f 4041/2226/2607 3059/2232/2597 4042/2223/2605
f 3055/2228/2592 3054/2227/2591 4080/2225/2608
f 3055/2228/2592 4080/2225/2608 4081/2224/2609
f 3062/2235/2600 3055/2228/2592 4081/2224/2609
f 3062/2235/2600 4081/2224/2609 4082/2237/2610
f 3069/686/2611 3070/696/2611 3071/684/2612
f 3069/686/2611 3071/684/2612 3072/687/2613
f 3072/687/2613 3071/684/2612 4187/693/2614
f 3072/687/2613 4187/693/2614 3079/689/2615
f 3080/688/221 3075/685/221 4316/687/221
f 3079/689/2615 4187/693/2614 4092/692/2
f 3079/689/2615 4092/692/2 3083/695/2
f 3085/2219/2616 3086/2220/2616 3087/2221/2617
f 3085/2219/2616 3087/2221/2617 3088/2222/2618
f 3093/2223/2619 3094/2224/2620 3095/2225/2621
f 3093/2223/2619 3095/2225/2621 3096/2226/2621
f 4484/2220/2622 3097/2227/2623 3098/2228/2624
f 4484/2220/2622 3098/2228/2624 4485/2221/2625
f 3099/2229/2626 3100/2230/2627 3101/2231/2628
f 3099/2229/2626 3101/2231/2628 3102/2232/2629
f 3088/2222/2618 3087/2221/2617 3103/2233/2630
f 3088/2222/2618 3103/2233/2630 3104/2234/2631
f 4485/2221/2625 3098/2228/2624 3105/2235/2632
f 4485/2221/2625 3105/2235/2632 4487/2233/2633
f 3094/2224/2620 3093/2223/2619 3106/2236/2634
f 3094/2224/2620 3106/2236/2634 3107/2237/2635
f 3102/2232/2629 3101/2231/2628 3108/2238/2636
f 3102/2232/2629 3108/2238/2636 3109/2239/2637
f 4490/2223/2638 3102/2232/2629 3109/2239/2637
f 4490/2223/2638 3109/2239/2637 4488/2236/2639
f 4489/2226/2640 3099/2229/2626 3102/2232/2629
f 4489/2226/2640 3102/2232/2629 4490/2223/2638
f 3098/2228/2624 3097/2227/2623 4394/2225/2641
f 3098/2228/2624 4394/2225/2641 4395/2224/2642
f 3105/2235/2632 3098/2228/2624 4395/2224/2642
f 3105/2235/2632 4395/2224/2642 4400/2237/2643
f 3112/2240/2644 3113/2241/2645 3114/2242/2
f 3112/2240/2644 3114/2242/2 3115/2243/2646
f 3113/2241/2645 3116/2244/2647 3117/2245/2648
f 3113/2241/2645 3117/2245/2648 3114/2242/2
f 3115/2243/2646 3114/2242/2 3118/2246/2649
f 3115/2243/2646 3118/2246/2649 3119/2247/2650
f 3114/2242/2 3117/2245/2648 3120/2248/2651
f 3114/2242/2 3120/2248/2651 3118/2246/2649
f 3121/2249/2652 3122/2250/2653 3123/2251/2654
f 3121/2249/2652 3123/2251/2654 3124/2252/2655
f 3122/2250/2653 3125/2253/2656 3126/2254/2657
f 3122/2250/2653 3126/2254/2657 3123/2251/2654
f 3127/2255/2658 3128/2256/2659 3129/2257/2660
f 3127/2255/2658 3129/2257/2660 3130/2258/2661
f 3128/2256/2659 3131/2259/2662 3132/2260/2663
f 3128/2256/2659 3132/2260/2663 3129/2257/2660
f 3131/2259/2662 3133/2261/2664 3134/2262/2665
f 3131/2259/2662 3134/2262/2665 3132/2260/2663
f 3133/2261/2664 3135/2263/2666 3136/2264/2667
f 3133/2261/2664 3136/2264/2667 3134/2262/2665
f 3135/2263/2666 3137/2265/2668 3138/2266/2669
f 3135/2263/2666 3138/2266/2669 3136/2264/2667
f 3137/2265/2668 3139/2267/2670 3140/2268/2671
f 3137/2265/2668 3140/2268/2671 3138/2266/2669
f 3139/2267/2670 3141/2269/2672 3142/2270/2673
f 3139/2267/2670 3142/2270/2673 3140/2268/2671
f 3141/2269/2672 3143/2271/2674 3144/2272/2675
f 3141/2269/2672 3144/2272/2675 3142/2270/2673
f 3143/2271/2674 3145/2273/2676 3146/2274/2677
f 3143/2271/2674 3146/2274/2677 3144/2272/2675
f 3145/2273/2676 3121/2249/2652 3124/2252/2655
f 3145/2273/2676 3124/2252/2655 3146/2274/2677
f 3140/2268/2671 3142/2270/2673 3147/2275/2678
f 3140/2268/2671 3147/2275/2678 3148/2276/2679
f 3138/2266/2669 3140/2268/2671 3738/2276/2680
f 3138/2266/2669 3738/2276/2680 3149/2277/2681
f 3136/2264/2667 3138/2266/2669 3702/2277/2682
f 3136/2264/2667 3702/2277/2682 3150/2278/2683
f 3134/2262/2665 3136/2264/2667 3150/2278/2683
f 3134/2262/2665 3150/2278/2683 3151/2279/2684
f 3132/2260/2663 3134/2262/2665 3655/2279/2685
f 3132/2260/2663 3655/2279/2685 3152/2280/2686
f 3129/2257/2660 3132/2260/2663 3152/2280/2686
f 3129/2257/2660 3152/2280/2686 3153/2281/2687
f 3130/2258/2661 3129/2257/2660 3733/2281/2688
f 3130/2258/2661 3733/2281/2688 3154/2282/2689
f 3123/2251/2654 3126/2254/2657 3155/2283/2689
f 3123/2251/2654 3155/2283/2689 3156/2284/2690
f 3124/2252/2655 3123/2251/2654 3156/2284/2690
f 3124/2252/2655 3156/2284/2690 3157/2285/2691
f 3146/2274/2677 3124/2252/2655 3157/2285/2691
f 3146/2274/2677 3157/2285/2691 3158/2286/2692
f 3144/2272/2675 3146/2274/2677 3871/2286/2693
f 3144/2272/2675 3871/2286/2693 3159/2287/2694
f 3142/2270/2673 3144/2272/2675 3159/2287/2694
f 3142/2270/2673 3159/2287/2694 3147/2275/2678
f 3161/699/222 3170/2288/222 3171/708/222
f 3774/710/224 3176/718/224 3177/713/224
f 3182/2289/2695 3183/2290/2696 3184/2291/2695
f 3182/2289/2695 3184/2291/2695 3185/2292/2697
f 3186/2293/2698 3187/2294/2699 3188/2295/2698
f 3186/2293/2698 3188/2295/2698 3189/2296/2700
f 3190/709/228 3192/711/229 3193/712/229
f 3953/715/232 3929/709/232 3775/712/232
f 3200/2289/2701 3201/2290/2702 3202/2291/2701
f 3200/2289/2701 3202/2291/2701 3203/2292/2703
f 3204/2293/2704 3205/2294/2705 3206/2295/2704
f 3204/2293/2704 3206/2295/2704 3207/2296/2706
f 3208/2297/2707 3209/2298/2708 3210/2299/2709
f 3208/2297/2707 3210/2299/2709 3211/2300/2710
f 3976/2298/2711 3212/2301/2712 3213/2302/2713
f 3976/2298/2711 3213/2302/2713 3957/2299/2714
f 3994/2301/2715 3214/2303/2716 3215/2304/2717
f 3994/2301/2715 3215/2304/2717 3977/2302/2718
f 3992/2303/2719 3216/2305/2720 3217/2306/2721
f 3992/2303/2719 3217/2306/2721 3973/2304/2722
f 3969/2305/2723 3218/2307/2724 3219/2308/2725
f 3969/2305/2723 3219/2308/2725 3954/2306/2726
f 3220/2309/2727 3949/2297/2728 3941/2300/2729
f 3220/2309/2727 3941/2300/2729 3221/2310/2730
f 3222/719/233 3224/721/233 3225/2311/233
f 3228/724/235 3230/726/235 3231/727/235
f 3248/744/249 3249/757/249 3250/745/249
f 3262/2312/2731 3263/2313/2732 3820/757/2733
f 3262/2312/2731 3820/757/2733 3817/744/2734
f 3264/2314/2735 3265/2315/2736 3770/746/2737
f 3264/2314/2735 3770/746/2737 3773/745/2738
f 3266/2316/2739 3267/2317/2731 3818/748/2734
f 3266/2316/2739 3818/748/2734 3804/747/2740
f 3268/2318/2736 3269/2319/2741 3761/750/2742
f 3268/2318/2736 3761/750/2742 3771/749/2737
f 3270/2320/2743 3266/2316/2739 3804/747/2740
f 3270/2320/2743 3804/747/2740 3792/751/2744
f 3269/2319/2741 3271/2321/2745 3745/752/2746
f 3269/2319/2741 3745/752/2746 3761/750/2742
f 3272/2322/2747 3270/2320/2743 3792/751/2744
f 3272/2322/2747 3792/751/2744 3794/753/2748
f 3271/2321/2745 3273/2323/2749 3747/754/2750
f 3271/2321/2745 3747/754/2750 3745/752/2746
f 3274/2324/2751 3272/2322/2747 3794/753/2748
f 3274/2324/2751 3794/753/2748 3806/755/2752
f 3273/2323/2749 3275/2325/2753 3763/756/2754
f 3273/2323/2749 3763/756/2754 3747/754/2750
f 3263/2313/2732 3274/2324/2751 3806/755/2752
f 3263/2313/2732 3806/755/2752 3820/757/2733
f 3275/2325/2753 3264/2314/2735 3773/745/2738
f 3275/2325/2753 3773/745/2738 3763/756/2754
f 3276/2326/2755 3277/2327/2756 3278/2328/2757
f 3276/2326/2755 3278/2328/2757 3279/2329/2758
f 3280/2330/2759 3913/2326/2760 3850/2329/2761
f 3280/2330/2759 3850/2329/2761 3281/2331/2762
f 3282/2332/2763 3916/2330/2764 3852/2331/2765
f 3282/2332/2763 3852/2331/2765 3283/2333/2766
f 3284/2334/2767 3898/2332/2768 3842/2333/2769
f 3284/2334/2767 3842/2333/2769 3285/2335/2770
f 3286/2336/2771 3881/2334/2772 3832/2335/2773
f 3286/2336/2771 3832/2335/2773 3287/2337/2774
f 3894/2327/2775 3288/2338/2776 3289/2339/2777
f 3894/2327/2775 3289/2339/2777 3839/2328/2778
f 3279/2329/2758 3278/2328/2757 3290/2340/2779
f 3279/2329/2758 3290/2340/2779 3291/2341/2780
f 3281/2331/2762 3850/2329/2761 3815/2341/2781
f 3281/2331/2762 3815/2341/2781 3292/2342/2782
f 3283/2333/2766 3852/2331/2765 3814/2342/2783
f 3283/2333/2766 3814/2342/2783 3293/2343/2784
f 3285/2335/2770 3842/2333/2769 3807/2343/2785
f 3285/2335/2770 3807/2343/2785 3294/2344/2786
f 3287/2337/2774 3832/2335/2773 3798/2344/2787
f 3287/2337/2774 3798/2344/2787 3295/2345/2788
f 3839/2328/2778 3289/2339/2777 3296/2346/2789
f 3839/2328/2778 3296/2346/2789 3808/2340/2790
f 3973/2304/2722 3217/2306/2721 3277/2327/2756
f 3973/2304/2722 3277/2327/2756 3276/2326/2755
f 3977/2302/2718 3215/2304/2717 3913/2326/2760
f 3977/2302/2718 3913/2326/2760 3280/2330/2759
f 3957/2299/2714 3213/2302/2713 3916/2330/2764
f 3957/2299/2714 3916/2330/2764 3282/2332/2763
f 3211/2300/2710 3210/2299/2709 3898/2332/2768
f 3211/2300/2710 3898/2332/2768 3284/2334/2767
f 3221/2310/2730 3941/2300/2729 3881/2334/2772
f 3221/2310/2730 3881/2334/2772 3286/2336/2771
f 3954/2306/2726 3219/2308/2725 3288/2338/2776
f 3954/2306/2726 3288/2338/2776 3894/2327/2775
f 3297/2347/2791 3298/2348/2792 3299/2349/2793
f 3297/2347/2791 3299/2349/2793 3300/2350/2794
f 3301/2351/2795 3302/2352/2796 3787/980/2797
f 3301/2351/2795 3787/980/2797 3781/979/2798
f 3303/2353/2799 3304/2354/2800 3302/2352/2796
f 3303/2353/2799 3302/2352/2796 3301/2351/2795
f 3305/2355/2801 3306/2356/2802 3298/2348/2792
f 3305/2355/2801 3298/2348/2792 3297/2347/2791
f 3904/54/2803 3880/56/2804 3304/2354/2800
f 3904/54/2803 3304/2354/2800 3303/2353/2799
f 3307/2357/2805 3308/2358/2806 3306/2356/2802
f 3307/2357/2805 3306/2356/2802 3305/2355/2801
f 3880/56/2804 3307/2357/2805 3305/2355/2801
f 3880/56/2804 3305/2355/2801 3304/2354/2800
f 3302/2352/2796 3304/2354/2800 3305/2355/2801
f 3302/2352/2796 3305/2355/2801 3297/2347/2791
f 3787/980/2797 3302/2352/2796 3297/2347/2791
f 3787/980/2797 3297/2347/2791 3300/2350/2794
f 3309/2347/2807 3310/2350/2808 3311/2349/2809
f 3309/2347/2807 3311/2349/2809 3312/2348/2810
f 3826/2351/2811 3782/979/2812 3313/980/2813
f 3826/2351/2811 3313/980/2813 3314/2352/2814
f 3854/2353/2815 3826/2351/2811 3314/2352/2814
f 3854/2353/2815 3314/2352/2814 3315/2354/2816
f 3316/2359/2817 3309/2347/2807 3312/2348/2810
f 3316/2359/2817 3312/2348/2810 3317/2356/2818
f 3905/54/2819 3854/2353/2815 3315/2354/2816
f 3905/54/2819 3315/2354/2816 3318/56/2820
f 3319/2357/2821 3316/2359/2817 3317/2356/2818
f 3319/2357/2821 3317/2356/2818 3320/2358/2822
f 3318/56/2820 3315/2354/2816 3316/2359/2817
f 3318/56/2820 3316/2359/2817 3319/2357/2821
f 3314/2352/2814 3309/2347/2807 3316/2359/2817
f 3314/2352/2814 3316/2359/2817 3315/2354/2816
f 3313/980/2813 3310/2350/2808 3309/2347/2807
f 3313/980/2813 3309/2347/2807 3314/2352/2814
f 3321/2360/2823 3322/2361/2824 3783/2350/2825
f 3321/2360/2823 3783/2350/2825 3769/2349/2823
f 3323/2362/2826 3324/2363/2827 3813/2358/2827
f 3323/2362/2826 3813/2358/2827 3845/2357/2828
f 314/55/14 3323/2362/2826 3845/2357/2828
f 314/55/14 3845/2357/2828 315/56/14
f 3322/2361/2824 310/978/507 312/980/507
f 3322/2361/2824 312/980/507 3783/2350/2825
f 3325/2364/2829 3326/2365/2830 3327/2366/2831
f 3325/2364/2829 3327/2366/2831 3328/2367/2832
f 3326/2365/2830 3329/2368/2833 3330/2369/2834
f 3326/2365/2830 3330/2369/2834 3327/2366/2831
f 3329/2368/2833 3331/2370/2835 3332/2371/2836
f 3329/2368/2833 3332/2371/2836 3330/2369/2834
f 3331/2370/2835 3333/2372/2837 3334/2373/2838
f 3331/2370/2835 3334/2373/2838 3332/2371/2836
f 3333/2372/2837 3335/2374/2839 3336/2375/2840
f 3333/2372/2837 3336/2375/2840 3334/2373/2838
f 3335/2374/2839 3337/2376/2841 3338/2377/2842
f 3335/2374/2839 3338/2377/2842 3336/2375/2840
f 3337/2376/2841 3339/2378/2843 3340/2379/2844
f 3337/2376/2841 3340/2379/2844 3338/2377/2842
f 3339/2378/2843 3341/2380/2845 3342/2381/2846
f 3339/2378/2843 3342/2381/2846 3340/2379/2844
f 3341/2380/2845 3343/2382/2847 3344/2383/2848
f 3341/2380/2845 3344/2383/2848 3342/2381/2846
f 3345/2384/2847 3325/2364/2829 3328/2367/2832
f 3345/2384/2847 3328/2367/2832 3346/2385/2848
f 3348/759/259 3356/767/260 3349/760/259
f 3357/2386/2849 3358/2387/2850 3359/2388/2851
f 3357/2386/2849 3359/2388/2851 3360/2389/2852
f 3358/2387/2850 3361/2390/2853 3362/2391/2854
f 3358/2387/2850 3362/2391/2854 3359/2388/2851
f 3361/2390/2853 3363/2392/2855 3364/2393/2856
f 3361/2390/2853 3364/2393/2856 3362/2391/2854
f 3363/2392/2855 3365/2394/2857 3366/2395/2858
f 3363/2392/2855 3366/2395/2858 3364/2393/2856
f 3365/2394/2857 3367/2396/2859 3368/2397/2860
f 3365/2394/2857 3368/2397/2860 3366/2395/2858
f 3367/2396/2859 3369/2398/2861 3370/2399/2862
f 3367/2396/2859 3370/2399/2862 3368/2397/2860
f 3369/2398/2861 3371/2400/2863 3372/2401/2864
f 3369/2398/2861 3372/2401/2864 3370/2399/2862
f 3371/2400/2863 3373/2402/2865 3374/2403/2866
f 3371/2400/2863 3374/2403/2866 3372/2401/2864
f 3373/2402/2865 3375/2404/2867 3376/2405/2868
f 3373/2402/2865 3376/2405/2868 3374/2403/2866
f 3377/2406/2869 3357/2386/2849 3360/2389/2852
f 3377/2406/2869 3360/2389/2852 3378/2407/2868
f 3358/2387/2850 3357/2386/2849 3379/2408/2870
f 3358/2387/2850 3379/2408/2870 3380/2409/2871
f 3361/2390/2853 3358/2387/2850 3380/2409/2871
f 3361/2390/2853 3380/2409/2871 3381/2410/2872
f 3363/2392/2855 3361/2390/2853 3381/2410/2872
f 3363/2392/2855 3381/2410/2872 3382/2411/2873
f 3365/2394/2857 3363/2392/2855 3382/2411/2873
f 3365/2394/2857 3382/2411/2873 3383/2412/2874
f 3367/2396/2859 3365/2394/2857 3383/2412/2874
f 3367/2396/2859 3383/2412/2874 3384/2413/2875
f 3369/2398/2861 3367/2396/2859 3384/2413/2875
f 3369/2398/2861 3384/2413/2875 3385/2414/2876
f 3371/2400/2863 3369/2398/2861 3385/2414/2876
f 3371/2400/2863 3385/2414/2876 3386/2415/2877
f 3373/2402/2865 3371/2400/2863 3386/2415/2877
f 3373/2402/2865 3386/2415/2877 3387/2416/2878
f 3375/2404/2867 3373/2402/2865 3387/2416/2878
f 3375/2404/2867 3387/2416/2878 3388/2417/2879
f 3357/2386/2849 3377/2406/2869 3389/2418/2879
f 3357/2386/2849 3389/2418/2879 3379/2408/2870
f 3380/2409/2871 3379/2408/2870 3390/2419/2880
f 3380/2409/2871 3390/2419/2880 3391/2420/2881
f 3381/2410/2872 3380/2409/2871 3391/2420/2881
f 3381/2410/2872 3391/2420/2881 3392/2421/2882
f 3382/2411/2873 3381/2410/2872 3392/2421/2882
f 3382/2411/2873 3392/2421/2882 3393/2422/2883
f 3383/2412/2874 3382/2411/2873 3393/2422/2883
f 3383/2412/2874 3393/2422/2883 3394/2423/2884
f 3384/2413/2875 3383/2412/2874 3394/2423/2884
f 3384/2413/2875 3394/2423/2884 3395/2424/2885
f 3385/2414/2876 3384/2413/2875 3395/2424/2885
f 3385/2414/2876 3395/2424/2885 3396/2425/2886
f 3386/2415/2877 3385/2414/2876 3396/2425/2886
f 3386/2415/2877 3396/2425/2886 3397/2426/2887
f 3387/2416/2878 3386/2415/2877 3397/2426/2887
f 3387/2416/2878 3397/2426/2887 3398/2427/2888
f 3388/2417/2879 3387/2416/2878 3398/2427/2888
f 3388/2417/2879 3398/2427/2888 3399/2428/2889
f 3379/2408/2870 3389/2418/2879 3400/2429/2889
f 3379/2408/2870 3400/2429/2889 3390/2419/2880
f 4171/769/2890 3405/2430/2891 3406/2431/2892
f 4171/769/2890 3406/2431/2892 4165/770/2893
f 3407/2432/2894 3408/772/2895 3409/775/2894
f 3407/2432/2894 3409/775/2894 3410/2433/2896
f 4156/773/2897 3413/2434/2898 3414/2435/2897
f 4156/773/2897 3414/2435/2897 4131/774/2899
f 4161/2434/2900 4166/768/2901 4160/771/2900
f 4161/2434/2900 4160/771/2900 4146/2435/2902
f 3421/782/272 3422/787/273 3423/783/273
f 3427/2364/2903 3428/2367/2904 3429/2366/2905
f 3427/2364/2903 3429/2366/2905 3430/2365/2906
f 3430/2365/2906 3429/2366/2905 3431/2369/2907
f 3430/2365/2906 3431/2369/2907 3432/2368/2908
f 3432/2368/2908 3431/2369/2907 3433/2371/2909
f 3432/2368/2908 3433/2371/2909 3434/2370/2910
f 3434/2370/2910 3433/2371/2909 3435/2373/2911
f 3434/2370/2910 3435/2373/2911 3436/2372/2912
f 3436/2372/2912 3435/2373/2911 3437/2375/2913
f 3436/2372/2912 3437/2375/2913 3438/2374/2914
f 3438/2374/2914 3437/2375/2913 3439/2377/2915
f 3438/2374/2914 3439/2377/2915 3440/2376/2916
f 3440/2376/2916 3439/2377/2915 3441/2379/2917
f 3440/2376/2916 3441/2379/2917 3442/2378/2918
f 3442/2378/2918 3441/2379/2917 3443/2381/2919
f 3442/2378/2918 3443/2381/2919 3444/2380/2920
f 3444/2380/2920 3443/2381/2919 3445/2383/2921
f 3444/2380/2920 3445/2383/2921 3446/2382/2922
f 3447/2384/2923 3448/2385/2924 3428/2367/2904
f 3447/2384/2923 3428/2367/2904 3427/2364/2903
f 3455/764/276 3456/765/276 3454/763/276
f 3459/2386/2925 3460/2389/2926 3461/2388/2927
f 3459/2386/2925 3461/2388/2927 3462/2387/2928
f 3462/2387/2928 3461/2388/2927 3463/2391/2929
f 3462/2387/2928 3463/2391/2929 3464/2390/2930
f 3464/2390/2930 3463/2391/2929 3465/2393/2931
f 3464/2390/2930 3465/2393/2931 3466/2392/2932
f 3466/2392/2932 3465/2393/2931 3467/2395/2933
f 3466/2392/2932 3467/2395/2933 3468/2394/2934
f 3468/2394/2934 3467/2395/2933 3469/2397/2935
f 3468/2394/2934 3469/2397/2935 3470/2396/2936
f 3470/2396/2936 3469/2397/2935 3471/2399/2937
f 3470/2396/2936 3471/2399/2937 3472/2398/2938
f 3472/2398/2938 3471/2399/2937 3473/2401/2939
f 3472/2398/2938 3473/2401/2939 3474/2400/2940
f 3474/2400/2940 3473/2401/2939 3475/2403/2941
f 3474/2400/2940 3475/2403/2941 3476/2402/2942
f 3476/2402/2942 3475/2403/2941 3477/2405/2943
f 3476/2402/2942 3477/2405/2943 3478/2404/2944
f 3479/2406/2945 3480/2407/2943 3460/2389/2926
f 3479/2406/2945 3460/2389/2926 3459/2386/2925
f 3462/2387/2928 3481/2409/2946 3482/2408/2947
f 3462/2387/2928 3482/2408/2947 3459/2386/2925
f 3464/2390/2930 3483/2410/2948 3481/2409/2946
f 3464/2390/2930 3481/2409/2946 3462/2387/2928
f 3466/2392/2932 3484/2411/2949 3483/2410/2948
f 3466/2392/2932 3483/2410/2948 3464/2390/2930
f 3468/2394/2934 3485/2412/2950 3484/2411/2949
f 3468/2394/2934 3484/2411/2949 3466/2392/2932
f 3470/2396/2936 3486/2413/2951 3485/2412/2950
f 3470/2396/2936 3485/2412/2950 3468/2394/2934
f 3472/2398/2938 3487/2414/2952 3486/2413/2951
f 3472/2398/2938 3486/2413/2951 3470/2396/2936
f 3474/2400/2940 3488/2415/2953 3487/2414/2952
f 3474/2400/2940 3487/2414/2952 3472/2398/2938
f 3476/2402/2942 3489/2416/2954 3488/2415/2953
f 3476/2402/2942 3488/2415/2953 3474/2400/2940
f 3478/2404/2944 3490/2417/2955 3489/2416/2954
f 3478/2404/2944 3489/2416/2954 3476/2402/2942
f 3459/2386/2925 3482/2408/2947 3491/2418/2955
f 3459/2386/2925 3491/2418/2955 3479/2406/2945
f 3481/2409/2946 3492/2420/2956 3493/2419/2957
f 3481/2409/2946 3493/2419/2957 3482/2408/2947
f 3483/2410/2948 3494/2421/2958 3492/2420/2956
f 3483/2410/2948 3492/2420/2956 3481/2409/2946
f 3484/2411/2949 3495/2422/2959 3494/2421/2958
f 3484/2411/2949 3494/2421/2958 3483/2410/2948
f 3485/2412/2950 3496/2423/2960 3495/2422/2959
f 3485/2412/2950 3495/2422/2959 3484/2411/2949
f 3486/2413/2951 3497/2424/2961 3496/2423/2960
f 3486/2413/2951 3496/2423/2960 3485/2412/2950
f 3487/2414/2952 3498/2425/2962 3497/2424/2961
f 3487/2414/2952 3497/2424/2961 3486/2413/2951
f 3488/2415/2953 3499/2426/2963 3498/2425/2962
f 3488/2415/2953 3498/2425/2962 3487/2414/2952
f 3489/2416/2954 3500/2427/2964 3499/2426/2963
f 3489/2416/2954 3499/2426/2963 3488/2415/2953
f 3490/2417/2955 3501/2428/2965 3500/2427/2964
f 3490/2417/2955 3500/2427/2964 3489/2416/2954
f 3482/2408/2947 3493/2419/2957 3502/2429/2966
f 3482/2408/2947 3502/2429/2966 3491/2418/2955
f 4397/769/2967 4399/770/2968 3507/2431/2969
f 4397/769/2967 3507/2431/2969 3508/2430/2970
f 3509/2432/2971 3510/2433/2972 3511/775/2971
f 3509/2432/2971 3511/775/2971 3512/772/2973
f 4404/773/2974 4417/774/2975 3515/2435/2974
f 4404/773/2974 3515/2435/2974 3516/2434/2976
f 4401/2434/2977 4407/2435/2978 4402/771/2977
f 4401/2434/2977 4402/771/2977 4398/768/2979
f 3523/782/287 3524/784/289 3525/783/287
f 3529/788/290 3530/791/290 3531/789/290
f 3533/792/291 316/981/508 318/794/510
f 3533/792/291 318/794/510 3534/793/291
f 3540/792/292 320/794/293 319/981/511
f 3541/788/294 3543/789/294 3544/790/294
f 3545/792/295 322/981/513 324/794/515
f 3545/792/295 324/794/515 3546/793/295
f 3547/788/296 3548/790/296 3549/789/297
f 3550/791/297 3549/789/297 3551/793/298
f 3552/792/298 326/794/299 325/981/516
